[
    {
        "pk": 1, 
        "model": "enemygen.setting", 
        "fields": {
            "owner": 1, 
            "name": "Glorantha"
        }
    }, 
    {
        "pk": 2, 
        "model": "enemygen.setting", 
        "fields": {
            "owner": 1, 
            "name": "Generic Fantasy"
        }
    }, 
    {
        "pk": 1, 
        "model": "enemygen.ruleset", 
        "fields": {
            "stats": [
                1, 
                2, 
                3, 
                4, 
                7, 
                5, 
                6
            ], 
            "name": "RuneQuest 6", 
            "skills": [
                1, 
                2, 
                3, 
                6, 
                7, 
                8, 
                22, 
                4, 
                9, 
                21, 
                10, 
                20, 
                11, 
                12, 
                23, 
                13, 
                14, 
                15, 
                24, 
                16, 
                17, 
                18, 
                19, 
                5
            ], 
            "races": [
                2, 
                1
            ], 
            "owner": 1, 
            "spells": [
                76, 
                77, 
                4, 
                8, 
                9, 
                78, 
                10, 
                79, 
                80, 
                11, 
                12, 
                81, 
                82, 
                83, 
                2, 
                84, 
                13, 
                14, 
                85, 
                15, 
                16, 
                86, 
                17, 
                87, 
                19, 
                18, 
                88, 
                89, 
                90, 
                20, 
                21, 
                91, 
                92, 
                93, 
                22, 
                23, 
                25, 
                24, 
                26, 
                94, 
                95, 
                27, 
                28, 
                29, 
                96, 
                97, 
                98, 
                99, 
                100, 
                101, 
                102, 
                30, 
                31, 
                103, 
                104, 
                32, 
                33, 
                34, 
                105, 
                35, 
                36, 
                37, 
                106, 
                107, 
                38, 
                108, 
                109, 
                110, 
                111, 
                39, 
                40, 
                112, 
                41, 
                42, 
                43, 
                113, 
                114, 
                44, 
                115, 
                45, 
                116, 
                46, 
                47, 
                48, 
                117, 
                118, 
                49, 
                119, 
                50, 
                120, 
                121, 
                51, 
                52, 
                53, 
                54, 
                55, 
                56, 
                57, 
                122, 
                123, 
                3, 
                124, 
                125, 
                126, 
                127, 
                59, 
                60, 
                128, 
                129, 
                130, 
                131, 
                132, 
                61, 
                62, 
                63, 
                64, 
                133, 
                65, 
                134, 
                66, 
                135, 
                136, 
                137, 
                138, 
                67, 
                68, 
                69, 
                139, 
                70, 
                71, 
                72, 
                73, 
                74, 
                75
            ]
        }
    }, 
    {
        "pk": 2, 
        "model": "enemygen.ruleset", 
        "fields": {
            "stats": [
                1, 
                2, 
                3, 
                4, 
                7, 
                5, 
                6
            ], 
            "name": "Legend", 
            "skills": [
                1, 
                2, 
                3
            ], 
            "races": [], 
            "owner": 1, 
            "spells": [
                2, 
                3
            ]
        }
    }, 
    {
        "pk": 1, 
        "model": "enemygen.weapon", 
        "fields": {
            "damage_modifier": false, 
            "name": "Heavy crossbow", 
            "hp": 8, 
            "reach": "-", 
            "damage": "1D10", 
            "ap": 4, 
            "type": "ranged", 
            "size": "H"
        }
    }, 
    {
        "pk": 2, 
        "model": "enemygen.weapon", 
        "fields": {
            "damage_modifier": false, 
            "name": "Light crossbow", 
            "hp": 5, 
            "reach": "-", 
            "damage": "1D8", 
            "ap": 4, 
            "type": "ranged", 
            "size": "L"
        }
    }, 
    {
        "pk": 3, 
        "model": "enemygen.weapon", 
        "fields": {
            "damage_modifier": true, 
            "name": "Long bow", 
            "hp": 7, 
            "reach": "-", 
            "damage": "1D8", 
            "ap": 4, 
            "type": "ranged", 
            "size": "H"
        }
    }, 
    {
        "pk": 4, 
        "model": "enemygen.weapon", 
        "fields": {
            "damage_modifier": false, 
            "name": "Battleaxe", 
            "hp": 8, 
            "reach": "M", 
            "damage": "1D8+1", 
            "ap": 4, 
            "type": "2h-melee", 
            "size": "M"
        }
    }, 
    {
        "pk": 5, 
        "model": "enemygen.weapon", 
        "fields": {
            "damage_modifier": false, 
            "name": "Great axe", 
            "hp": 10, 
            "reach": "L", 
            "damage": "2D6+2", 
            "ap": 4, 
            "type": "2h-melee", 
            "size": "H"
        }
    }, 
    {
        "pk": 6, 
        "model": "enemygen.weapon", 
        "fields": {
            "damage_modifier": false, 
            "name": "Ball & Chain", 
            "hp": 8, 
            "reach": "M", 
            "damage": "1D6+1", 
            "ap": 6, 
            "type": "1h-melee", 
            "size": "M"
        }
    }, 
    {
        "pk": 7, 
        "model": "enemygen.weapon", 
        "fields": {
            "damage_modifier": false, 
            "name": "Broadsword", 
            "hp": 10, 
            "reach": "M", 
            "damage": "1D8", 
            "ap": 6, 
            "type": "1h-melee", 
            "size": "M"
        }
    }, 
    {
        "pk": 8, 
        "model": "enemygen.weapon", 
        "fields": {
            "damage_modifier": false, 
            "name": "Battleaxe", 
            "hp": 8, 
            "reach": "M", 
            "damage": "1D6+1", 
            "ap": 4, 
            "type": "1h-melee", 
            "size": "M"
        }
    }, 
    {
        "pk": 9, 
        "model": "enemygen.weapon", 
        "fields": {
            "damage_modifier": false, 
            "name": "Club", 
            "hp": 4, 
            "reach": "S", 
            "damage": "1D6", 
            "ap": 4, 
            "type": "1h-melee", 
            "size": "M"
        }
    }, 
    {
        "pk": 10, 
        "model": "enemygen.weapon", 
        "fields": {
            "damage_modifier": false, 
            "name": "Dagger", 
            "hp": 8, 
            "reach": "S", 
            "damage": "1D4+1", 
            "ap": 6, 
            "type": "1h-melee", 
            "size": "S"
        }
    }, 
    {
        "pk": 11, 
        "model": "enemygen.weapon", 
        "fields": {
            "damage_modifier": false, 
            "name": "Hatchet", 
            "hp": 6, 
            "reach": "S", 
            "damage": "1D6", 
            "ap": 3, 
            "type": "1h-melee", 
            "size": "S"
        }
    }, 
    {
        "pk": 12, 
        "model": "enemygen.weapon", 
        "fields": {
            "damage_modifier": false, 
            "name": "Falchion", 
            "hp": 10, 
            "reach": "M", 
            "damage": "1D6+2", 
            "ap": 6, 
            "type": "1h-melee", 
            "size": "M"
        }
    }, 
    {
        "pk": 13, 
        "model": "enemygen.weapon", 
        "fields": {
            "damage_modifier": false, 
            "name": "Flail", 
            "hp": 6, 
            "reach": "M", 
            "damage": "1D6", 
            "ap": 3, 
            "type": "1h-melee", 
            "size": "M"
        }
    }, 
    {
        "pk": 14, 
        "model": "enemygen.weapon", 
        "fields": {
            "damage_modifier": false, 
            "name": "Knife", 
            "hp": 4, 
            "reach": "S", 
            "damage": "1D3", 
            "ap": 5, 
            "type": "1h-melee", 
            "size": "S"
        }
    }, 
    {
        "pk": 15, 
        "model": "enemygen.weapon", 
        "fields": {
            "damage_modifier": false, 
            "name": "Longsword", 
            "hp": 12, 
            "reach": "L", 
            "damage": "1D8", 
            "ap": 6, 
            "type": "1h-melee", 
            "size": "M"
        }
    }, 
    {
        "pk": 16, 
        "model": "enemygen.weapon", 
        "fields": {
            "damage_modifier": false, 
            "name": "Mace", 
            "hp": 6, 
            "reach": "S", 
            "damage": "1D8", 
            "ap": 6, 
            "type": "1h-melee", 
            "size": "M"
        }
    }, 
    {
        "pk": 17, 
        "model": "enemygen.weapon", 
        "fields": {
            "damage_modifier": false, 
            "name": "Main Gauche", 
            "hp": 10, 
            "reach": "S", 
            "damage": "1D4", 
            "ap": 6, 
            "type": "1h-melee", 
            "size": "S"
        }
    }, 
    {
        "pk": 18, 
        "model": "enemygen.weapon", 
        "fields": {
            "damage_modifier": false, 
            "name": "Military Pick", 
            "hp": 10, 
            "reach": "M", 
            "damage": "1D6+1", 
            "ap": 6, 
            "type": "1h-melee", 
            "size": "M"
        }
    }, 
    {
        "pk": 19, 
        "model": "enemygen.weapon", 
        "fields": {
            "damage_modifier": false, 
            "name": "Net", 
            "hp": 20, 
            "reach": "L", 
            "damage": "1D4", 
            "ap": 2, 
            "type": "1h-melee", 
            "size": "S"
        }
    }, 
    {
        "pk": 20, 
        "model": "enemygen.weapon", 
        "fields": {
            "damage_modifier": false, 
            "name": "Rapier", 
            "hp": 8, 
            "reach": "L", 
            "damage": "1D8", 
            "ap": 5, 
            "type": "1h-melee", 
            "size": "M"
        }
    }, 
    {
        "pk": 21, 
        "model": "enemygen.weapon", 
        "fields": {
            "damage_modifier": false, 
            "name": "Sabre", 
            "hp": 8, 
            "reach": "M", 
            "damage": "1D6+1", 
            "ap": 6, 
            "type": "1h-melee", 
            "size": "M"
        }
    }, 
    {
        "pk": 22, 
        "model": "enemygen.weapon", 
        "fields": {
            "damage_modifier": false, 
            "name": "Scimitar", 
            "hp": 10, 
            "reach": "M", 
            "damage": "1D8", 
            "ap": 6, 
            "type": "1h-melee", 
            "size": "M"
        }
    }, 
    {
        "pk": 23, 
        "model": "enemygen.weapon", 
        "fields": {
            "damage_modifier": false, 
            "name": "Shortspear", 
            "hp": 5, 
            "reach": "L", 
            "damage": "1D8+1", 
            "ap": 4, 
            "type": "1h-melee", 
            "size": "M"
        }
    }, 
    {
        "pk": 24, 
        "model": "enemygen.weapon", 
        "fields": {
            "damage_modifier": false, 
            "name": "Shortsword", 
            "hp": 8, 
            "reach": "S", 
            "damage": "1D6", 
            "ap": 6, 
            "type": "1h-melee", 
            "size": "M"
        }
    }, 
    {
        "pk": 25, 
        "model": "enemygen.weapon", 
        "fields": {
            "damage_modifier": false, 
            "name": "Trident", 
            "hp": 10, 
            "reach": "L", 
            "damage": "1D8", 
            "ap": 4, 
            "type": "1h-melee", 
            "size": "M"
        }
    }, 
    {
        "pk": 26, 
        "model": "enemygen.weapon", 
        "fields": {
            "damage_modifier": false, 
            "name": "Buckler", 
            "hp": 9, 
            "reach": "S", 
            "damage": "1D3", 
            "ap": 6, 
            "type": "shield", 
            "size": "M"
        }
    }, 
    {
        "pk": 27, 
        "model": "enemygen.weapon", 
        "fields": {
            "damage_modifier": false, 
            "name": "Heater", 
            "hp": 12, 
            "reach": "S", 
            "damage": "1D4", 
            "ap": 6, 
            "type": "shield", 
            "size": "L"
        }
    }, 
    {
        "pk": 28, 
        "model": "enemygen.weapon", 
        "fields": {
            "damage_modifier": false, 
            "name": "Hoplite", 
            "hp": 15, 
            "reach": "S", 
            "damage": "1D4", 
            "ap": 6, 
            "type": "shield", 
            "size": "H"
        }
    }, 
    {
        "pk": 29, 
        "model": "enemygen.weapon", 
        "fields": {
            "damage_modifier": false, 
            "name": "Kite", 
            "hp": 15, 
            "reach": "S", 
            "damage": "1D4", 
            "ap": 4, 
            "type": "shield", 
            "size": "H"
        }
    }, 
    {
        "pk": 30, 
        "model": "enemygen.weapon", 
        "fields": {
            "damage_modifier": false, 
            "name": "Peltast", 
            "hp": 12, 
            "reach": "S", 
            "damage": "1D4", 
            "ap": 4, 
            "type": "shield", 
            "size": "L"
        }
    }, 
    {
        "pk": 31, 
        "model": "enemygen.weapon", 
        "fields": {
            "damage_modifier": false, 
            "name": "Scutum", 
            "hp": 18, 
            "reach": "S", 
            "damage": "1D4", 
            "ap": 4, 
            "type": "shield", 
            "size": "H"
        }
    }, 
    {
        "pk": 32, 
        "model": "enemygen.weapon", 
        "fields": {
            "damage_modifier": false, 
            "name": "Target", 
            "hp": 9, 
            "reach": "S", 
            "damage": "1D3+1", 
            "ap": 4, 
            "type": "shield", 
            "size": "L"
        }
    }, 
    {
        "pk": 33, 
        "model": "enemygen.weapon", 
        "fields": {
            "damage_modifier": false, 
            "name": "Viking", 
            "hp": 12, 
            "reach": "S", 
            "damage": "1D4", 
            "ap": 4, 
            "type": "shield", 
            "size": "L"
        }
    }, 
    {
        "pk": 34, 
        "model": "enemygen.weapon", 
        "fields": {
            "damage_modifier": false, 
            "name": "Blowgun", 
            "hp": 4, 
            "reach": "-", 
            "damage": "0", 
            "ap": 1, 
            "type": "ranged", 
            "size": "S"
        }
    }, 
    {
        "pk": 35, 
        "model": "enemygen.weapon", 
        "fields": {
            "damage_modifier": false, 
            "name": "Bolas", 
            "hp": 2, 
            "reach": "-", 
            "damage": "1D4", 
            "ap": 2, 
            "type": "ranged", 
            "size": "S"
        }
    }, 
    {
        "pk": 36, 
        "model": "enemygen.weapon", 
        "fields": {
            "damage_modifier": true, 
            "name": "Dagger", 
            "hp": 6, 
            "reach": "-", 
            "damage": "1D4", 
            "ap": 4, 
            "type": "ranged", 
            "size": "S"
        }
    }, 
    {
        "pk": 37, 
        "model": "enemygen.weapon", 
        "fields": {
            "damage_modifier": true, 
            "name": "Dart", 
            "hp": 1, 
            "reach": "-", 
            "damage": "1D4", 
            "ap": 2, 
            "type": "ranged", 
            "size": "S"
        }
    }, 
    {
        "pk": 38, 
        "model": "enemygen.weapon", 
        "fields": {
            "damage_modifier": true, 
            "name": "Discus", 
            "hp": 3, 
            "reach": "-", 
            "damage": "1D4+1", 
            "ap": 2, 
            "type": "ranged", 
            "size": "L"
        }
    }, 
    {
        "pk": 39, 
        "model": "enemygen.weapon", 
        "fields": {
            "damage_modifier": true, 
            "name": "Hatchet", 
            "hp": 6, 
            "reach": "-", 
            "damage": "1D6", 
            "ap": 4, 
            "type": "ranged", 
            "size": "S"
        }
    }, 
    {
        "pk": 40, 
        "model": "enemygen.weapon", 
        "fields": {
            "damage_modifier": true, 
            "name": "Javelin", 
            "hp": 8, 
            "reach": "-", 
            "damage": "1D8+1", 
            "ap": 3, 
            "type": "ranged", 
            "size": "H"
        }
    }, 
    {
        "pk": 41, 
        "model": "enemygen.weapon", 
        "fields": {
            "damage_modifier": false, 
            "name": "Net", 
            "hp": 20, 
            "reach": "-", 
            "damage": "0", 
            "ap": 2, 
            "type": "ranged", 
            "size": "S"
        }
    }, 
    {
        "pk": 42, 
        "model": "enemygen.weapon", 
        "fields": {
            "damage_modifier": true, 
            "name": "Recurve bow", 
            "hp": 8, 
            "reach": "-", 
            "damage": "1D8", 
            "ap": 4, 
            "type": "ranged", 
            "size": "H"
        }
    }, 
    {
        "pk": 43, 
        "model": "enemygen.weapon", 
        "fields": {
            "damage_modifier": true, 
            "name": "Short Bow", 
            "hp": 4, 
            "reach": "-", 
            "damage": "1D6", 
            "ap": 4, 
            "type": "ranged", 
            "size": "L"
        }
    }, 
    {
        "pk": 44, 
        "model": "enemygen.weapon", 
        "fields": {
            "damage_modifier": true, 
            "name": "Shortspear", 
            "hp": 5, 
            "reach": "-", 
            "damage": "1D8", 
            "ap": 4, 
            "type": "ranged", 
            "size": "L"
        }
    }, 
    {
        "pk": 45, 
        "model": "enemygen.weapon", 
        "fields": {
            "damage_modifier": false, 
            "name": "Sling", 
            "hp": 2, 
            "reach": "-", 
            "damage": "1D8", 
            "ap": 1, 
            "type": "ranged", 
            "size": "L"
        }
    }, 
    {
        "pk": 46, 
        "model": "enemygen.weapon", 
        "fields": {
            "damage_modifier": false, 
            "name": "Staff sling", 
            "hp": 6, 
            "reach": "-", 
            "damage": "2D6", 
            "ap": 3, 
            "type": "ranged", 
            "size": "E"
        }
    }, 
    {
        "pk": 47, 
        "model": "enemygen.weapon", 
        "fields": {
            "damage_modifier": true, 
            "name": "Stone", 
            "hp": 0, 
            "reach": "-", 
            "damage": "1D3", 
            "ap": 0, 
            "type": "ranged", 
            "size": "S"
        }
    }, 
    {
        "pk": 48, 
        "model": "enemygen.weapon", 
        "fields": {
            "damage_modifier": true, 
            "name": "Trident", 
            "hp": 10, 
            "reach": "-", 
            "damage": "1D8", 
            "ap": 4, 
            "type": "ranged", 
            "size": "L"
        }
    }, 
    {
        "pk": 49, 
        "model": "enemygen.weapon", 
        "fields": {
            "damage_modifier": false, 
            "name": "Garrotte", 
            "hp": 2, 
            "reach": "T", 
            "damage": "1D2", 
            "ap": 1, 
            "type": "2h-melee", 
            "size": "S"
        }
    }, 
    {
        "pk": 50, 
        "model": "enemygen.weapon", 
        "fields": {
            "damage_modifier": false, 
            "name": "Glaive", 
            "hp": 10, 
            "reach": "L", 
            "damage": "1D10+2", 
            "ap": 4, 
            "type": "2h-melee", 
            "size": "L"
        }
    }, 
    {
        "pk": 51, 
        "model": "enemygen.weapon", 
        "fields": {
            "damage_modifier": false, 
            "name": "Great Club", 
            "hp": 10, 
            "reach": "L", 
            "damage": "2D6", 
            "ap": 4, 
            "type": "2h-melee", 
            "size": "H"
        }
    }, 
    {
        "pk": 52, 
        "model": "enemygen.weapon", 
        "fields": {
            "damage_modifier": false, 
            "name": "Great Hammer", 
            "hp": 10, 
            "reach": "L", 
            "damage": "1D10+3", 
            "ap": 4, 
            "type": "2h-melee", 
            "size": "H"
        }
    }, 
    {
        "pk": 53, 
        "model": "enemygen.weapon", 
        "fields": {
            "damage_modifier": false, 
            "name": "Great Sword", 
            "hp": 12, 
            "reach": "L", 
            "damage": "2D8", 
            "ap": 6, 
            "type": "2h-melee", 
            "size": "H"
        }
    }, 
    {
        "pk": 54, 
        "model": "enemygen.weapon", 
        "fields": {
            "damage_modifier": false, 
            "name": "Halberd", 
            "hp": 10, 
            "reach": "VL", 
            "damage": "1D8+2", 
            "ap": 4, 
            "type": "2h-melee", 
            "size": "L"
        }
    }, 
    {
        "pk": 55, 
        "model": "enemygen.weapon", 
        "fields": {
            "damage_modifier": false, 
            "name": "Longspear", 
            "hp": 10, 
            "reach": "VL", 
            "damage": "1D10+1", 
            "ap": 4, 
            "type": "2h-melee", 
            "size": "L"
        }
    }, 
    {
        "pk": 56, 
        "model": "enemygen.weapon", 
        "fields": {
            "damage_modifier": false, 
            "name": "Military flail", 
            "hp": 10, 
            "reach": "L", 
            "damage": "1D10", 
            "ap": 4, 
            "type": "2h-melee", 
            "size": "L"
        }
    }, 
    {
        "pk": 57, 
        "model": "enemygen.weapon", 
        "fields": {
            "damage_modifier": false, 
            "name": "Pike", 
            "hp": 12, 
            "reach": "VL", 
            "damage": "1D10+2", 
            "ap": 4, 
            "type": "2h-melee", 
            "size": "L"
        }
    }, 
    {
        "pk": 58, 
        "model": "enemygen.weapon", 
        "fields": {
            "damage_modifier": false, 
            "name": "Quarterstaff", 
            "hp": 8, 
            "reach": "L", 
            "damage": "1D8", 
            "ap": 4, 
            "type": "2h-melee", 
            "size": "M"
        }
    }, 
    {
        "pk": 59, 
        "model": "enemygen.weapon", 
        "fields": {
            "damage_modifier": false, 
            "name": "Xyston", 
            "hp": 10, 
            "reach": "VL", 
            "damage": "1D10", 
            "ap": 4, 
            "type": "2h-melee", 
            "size": "L"
        }
    }, 
    {
        "pk": 2, 
        "model": "enemygen.race", 
        "fields": {
            "owner": 1, 
            "name": "Centaur", 
            "special": "", 
            "movement": 12
        }
    }, 
    {
        "pk": 1, 
        "model": "enemygen.race", 
        "fields": {
            "owner": 1, 
            "name": "Human", 
            "special": "", 
            "movement": 6
        }
    }, 
    {
        "pk": 1, 
        "model": "enemygen.hitlocation", 
        "fields": {
            "range_end": 3, 
            "range_start": 1, 
            "name": "Right leg", 
            "natural_armor": 0, 
            "race": 1, 
            "hp_modifier": 0
        }
    }, 
    {
        "pk": 8, 
        "model": "enemygen.hitlocation", 
        "fields": {
            "range_end": 3, 
            "range_start": 1, 
            "name": "Right rear leg", 
            "natural_armor": 0, 
            "race": 2, 
            "hp_modifier": 0
        }
    }, 
    {
        "pk": 9, 
        "model": "enemygen.hitlocation", 
        "fields": {
            "range_end": 6, 
            "range_start": 4, 
            "name": "Left rear leg", 
            "natural_armor": 0, 
            "race": 2, 
            "hp_modifier": 0
        }
    }, 
    {
        "pk": 2, 
        "model": "enemygen.hitlocation", 
        "fields": {
            "range_end": 6, 
            "range_start": 4, 
            "name": "Left leg", 
            "natural_armor": 0, 
            "race": 1, 
            "hp_modifier": 0
        }
    }, 
    {
        "pk": 10, 
        "model": "enemygen.hitlocation", 
        "fields": {
            "range_end": 8, 
            "range_start": 7, 
            "name": "Hindquarters", 
            "natural_armor": 0, 
            "race": 2, 
            "hp_modifier": 1
        }
    }, 
    {
        "pk": 3, 
        "model": "enemygen.hitlocation", 
        "fields": {
            "range_end": 9, 
            "range_start": 7, 
            "name": "Abdomen", 
            "natural_armor": 0, 
            "race": 1, 
            "hp_modifier": 1
        }
    }, 
    {
        "pk": 11, 
        "model": "enemygen.hitlocation", 
        "fields": {
            "range_end": 10, 
            "range_start": 9, 
            "name": "Forequarters", 
            "natural_armor": 0, 
            "race": 2, 
            "hp_modifier": 2
        }
    }, 
    {
        "pk": 4, 
        "model": "enemygen.hitlocation", 
        "fields": {
            "range_end": 12, 
            "range_start": 10, 
            "name": "Chest", 
            "natural_armor": 0, 
            "race": 1, 
            "hp_modifier": 2
        }
    }, 
    {
        "pk": 12, 
        "model": "enemygen.hitlocation", 
        "fields": {
            "range_end": 12, 
            "range_start": 11, 
            "name": "Right Front Leg", 
            "natural_armor": 0, 
            "race": 2, 
            "hp_modifier": 0
        }
    }, 
    {
        "pk": 5, 
        "model": "enemygen.hitlocation", 
        "fields": {
            "range_end": 15, 
            "range_start": 13, 
            "name": "Right arm", 
            "natural_armor": 0, 
            "race": 1, 
            "hp_modifier": -1
        }
    }, 
    {
        "pk": 13, 
        "model": "enemygen.hitlocation", 
        "fields": {
            "range_end": 14, 
            "range_start": 13, 
            "name": "Left front leg", 
            "natural_armor": 0, 
            "race": 2, 
            "hp_modifier": 0
        }
    }, 
    {
        "pk": 14, 
        "model": "enemygen.hitlocation", 
        "fields": {
            "range_end": 16, 
            "range_start": 15, 
            "name": "Chest", 
            "natural_armor": 0, 
            "race": 2, 
            "hp_modifier": -1
        }
    }, 
    {
        "pk": 6, 
        "model": "enemygen.hitlocation", 
        "fields": {
            "range_end": 18, 
            "range_start": 16, 
            "name": "Left arm", 
            "natural_armor": 0, 
            "race": 1, 
            "hp_modifier": -1
        }
    }, 
    {
        "pk": 15, 
        "model": "enemygen.hitlocation", 
        "fields": {
            "range_end": 17, 
            "range_start": 17, 
            "name": "Right arm", 
            "natural_armor": 0, 
            "race": 2, 
            "hp_modifier": -4
        }
    }, 
    {
        "pk": 16, 
        "model": "enemygen.hitlocation", 
        "fields": {
            "range_end": 18, 
            "range_start": 18, 
            "name": "Left arm", 
            "natural_armor": 0, 
            "race": 2, 
            "hp_modifier": -4
        }
    }, 
    {
        "pk": 7, 
        "model": "enemygen.hitlocation", 
        "fields": {
            "range_end": 20, 
            "range_start": 19, 
            "name": "Head", 
            "natural_armor": 0, 
            "race": 1, 
            "hp_modifier": 0
        }
    }, 
    {
        "pk": 17, 
        "model": "enemygen.hitlocation", 
        "fields": {
            "range_end": 20, 
            "range_start": 19, 
            "name": "Head", 
            "natural_armor": 0, 
            "race": 2, 
            "hp_modifier": -3
        }
    }, 
    {
        "pk": 38, 
        "model": "enemygen.enemytemplate", 
        "fields": {
            "race": 1, 
            "folk_spell_amount": "D3+1", 
            "sorcery_spell_amount": "0", 
            "generated": 57, 
            "setting": 1, 
            "ruleset": 1, 
            "published": true, 
            "owner": 1, 
            "theism_spell_amount": "1", 
            "name": "Nomad Warrior"
        }
    }, 
    {
        "pk": 39, 
        "model": "enemygen.enemytemplate", 
        "fields": {
            "race": 2, 
            "folk_spell_amount": "D2", 
            "sorcery_spell_amount": "0", 
            "generated": 36, 
            "setting": 1, 
            "ruleset": 1, 
            "published": true, 
            "owner": 1, 
            "theism_spell_amount": "0", 
            "name": "Centaur Warrior"
        }
    }, 
    {
        "pk": 37, 
        "model": "enemygen.enemytemplate", 
        "fields": {
            "race": 1, 
            "folk_spell_amount": "D3+1", 
            "sorcery_spell_amount": "0", 
            "generated": 44, 
            "setting": 1, 
            "ruleset": 1, 
            "published": true, 
            "owner": 1, 
            "theism_spell_amount": "D2-1", 
            "name": "Orlanthi Warrior"
        }
    }, 
    {
        "pk": 40, 
        "model": "enemygen.enemytemplate", 
        "fields": {
            "race": 1, 
            "folk_spell_amount": "0", 
            "sorcery_spell_amount": "0", 
            "generated": 0, 
            "setting": 1, 
            "ruleset": 1, 
            "published": false, 
            "owner": 1, 
            "theism_spell_amount": "0", 
            "name": "Human Template 40"
        }
    }, 
    {
        "pk": 11, 
        "model": "enemygen.combatstyle", 
        "fields": {
            "enemy_template": 39, 
            "die_set": "STR+DEX+30", 
            "name": "Centaur Rager", 
            "weapon_options": [
                3, 
                5, 
                7, 
                8, 
                15, 
                27, 
                28, 
                32
            ]
        }
    }, 
    {
        "pk": 10, 
        "model": "enemygen.combatstyle", 
        "fields": {
            "enemy_template": 38, 
            "die_set": "STR+DEX+40", 
            "name": "Primary Combat Style", 
            "weapon_options": [
                23, 
                32, 
                43, 
                44, 
                45, 
                55
            ]
        }
    }, 
    {
        "pk": 9, 
        "model": "enemygen.combatstyle", 
        "fields": {
            "enemy_template": 37, 
            "die_set": "STR+DEX+30", 
            "name": "Primary Combat Style", 
            "weapon_options": [
                7, 
                8, 
                15, 
                23, 
                27, 
                32, 
                43
            ]
        }
    }, 
    {
        "pk": 12, 
        "model": "enemygen.combatstyle", 
        "fields": {
            "enemy_template": 40, 
            "die_set": "STR+DEX", 
            "name": "Primary Combat Style", 
            "weapon_options": []
        }
    }, 
    {
        "pk": 1, 
        "model": "enemygen.skillabstract", 
        "fields": {
            "default_value": "STR+DEX", 
            "include": true, 
            "name": "Athletics", 
            "standard": true
        }
    }, 
    {
        "pk": 2, 
        "model": "enemygen.skillabstract", 
        "fields": {
            "default_value": "STR+CON", 
            "include": false, 
            "name": "Boating", 
            "standard": true
        }
    }, 
    {
        "pk": 3, 
        "model": "enemygen.skillabstract", 
        "fields": {
            "default_value": "STR+SIZ", 
            "include": true, 
            "name": "Brawn", 
            "standard": true
        }
    }, 
    {
        "pk": 6, 
        "model": "enemygen.skillabstract", 
        "fields": {
            "default_value": "DEX+POW", 
            "include": false, 
            "name": "Conceal", 
            "standard": true
        }
    }, 
    {
        "pk": 7, 
        "model": "enemygen.skillabstract", 
        "fields": {
            "default_value": "DEX+CHA", 
            "include": false, 
            "name": "Dance", 
            "standard": true
        }
    }, 
    {
        "pk": 8, 
        "model": "enemygen.skillabstract", 
        "fields": {
            "default_value": "INT+CHA", 
            "include": false, 
            "name": "Deceit", 
            "standard": true
        }
    }, 
    {
        "pk": 22, 
        "model": "enemygen.skillabstract", 
        "fields": {
            "default_value": "POW+CHA", 
            "include": false, 
            "name": "Devotion", 
            "standard": false
        }
    }, 
    {
        "pk": 4, 
        "model": "enemygen.skillabstract", 
        "fields": {
            "default_value": "CON+CON", 
            "include": true, 
            "name": "Endurance", 
            "standard": true
        }
    }, 
    {
        "pk": 9, 
        "model": "enemygen.skillabstract", 
        "fields": {
            "default_value": "DEX+DEX", 
            "include": true, 
            "name": "Evade", 
            "standard": true
        }
    }, 
    {
        "pk": 21, 
        "model": "enemygen.skillabstract", 
        "fields": {
            "default_value": "INT+CHA", 
            "include": false, 
            "name": "Exhort", 
            "standard": false
        }
    }, 
    {
        "pk": 10, 
        "model": "enemygen.skillabstract", 
        "fields": {
            "default_value": "DEX+INT", 
            "include": false, 
            "name": "First Aid", 
            "standard": true
        }
    }, 
    {
        "pk": 20, 
        "model": "enemygen.skillabstract", 
        "fields": {
            "default_value": "POW+CHA", 
            "include": false, 
            "name": "Folk Magic", 
            "standard": false
        }
    }, 
    {
        "pk": 11, 
        "model": "enemygen.skillabstract", 
        "fields": {
            "default_value": "CHA+CHA", 
            "include": false, 
            "name": "Influence", 
            "standard": true
        }
    }, 
    {
        "pk": 12, 
        "model": "enemygen.skillabstract", 
        "fields": {
            "default_value": "INT+POW", 
            "include": false, 
            "name": "Insight", 
            "standard": true
        }
    }, 
    {
        "pk": 23, 
        "model": "enemygen.skillabstract", 
        "fields": {
            "default_value": "INT+CHA", 
            "include": false, 
            "name": "Invocation", 
            "standard": false
        }
    }, 
    {
        "pk": 13, 
        "model": "enemygen.skillabstract", 
        "fields": {
            "default_value": "INT+INT", 
            "include": false, 
            "name": "Locale", 
            "standard": true
        }
    }, 
    {
        "pk": 14, 
        "model": "enemygen.skillabstract", 
        "fields": {
            "default_value": "INT+POW", 
            "include": true, 
            "name": "Perception", 
            "standard": true
        }
    }, 
    {
        "pk": 15, 
        "model": "enemygen.skillabstract", 
        "fields": {
            "default_value": "DEX+POW", 
            "include": false, 
            "name": "Ride", 
            "standard": true
        }
    }, 
    {
        "pk": 24, 
        "model": "enemygen.skillabstract", 
        "fields": {
            "default_value": "INT+POW", 
            "include": false, 
            "name": "Shaping", 
            "standard": false
        }
    }, 
    {
        "pk": 16, 
        "model": "enemygen.skillabstract", 
        "fields": {
            "default_value": "CHA+POW", 
            "include": false, 
            "name": "Sing", 
            "standard": true
        }
    }, 
    {
        "pk": 17, 
        "model": "enemygen.skillabstract", 
        "fields": {
            "default_value": "DEX+INT", 
            "include": false, 
            "name": "Stealth", 
            "standard": true
        }
    }, 
    {
        "pk": 18, 
        "model": "enemygen.skillabstract", 
        "fields": {
            "default_value": "STR+CON", 
            "include": false, 
            "name": "Swim", 
            "standard": true
        }
    }, 
    {
        "pk": 19, 
        "model": "enemygen.skillabstract", 
        "fields": {
            "default_value": "STR+DEX", 
            "include": true, 
            "name": "Unarmed", 
            "standard": true
        }
    }, 
    {
        "pk": 5, 
        "model": "enemygen.skillabstract", 
        "fields": {
            "default_value": "POW+POW", 
            "include": true, 
            "name": "Willpower", 
            "standard": true
        }
    }, 
    {
        "pk": 344, 
        "model": "enemygen.enemyskill", 
        "fields": {
            "include": true, 
            "skill": 1, 
            "enemy_template": 38, 
            "die_set": "STR+DEX+20"
        }
    }, 
    {
        "pk": 368, 
        "model": "enemygen.enemyskill", 
        "fields": {
            "include": true, 
            "skill": 1, 
            "enemy_template": 39, 
            "die_set": "STR+DEX+20"
        }
    }, 
    {
        "pk": 320, 
        "model": "enemygen.enemyskill", 
        "fields": {
            "include": true, 
            "skill": 1, 
            "enemy_template": 37, 
            "die_set": "STR+DEX"
        }
    }, 
    {
        "pk": 392, 
        "model": "enemygen.enemyskill", 
        "fields": {
            "include": true, 
            "skill": 1, 
            "enemy_template": 40, 
            "die_set": "STR+DEX"
        }
    }, 
    {
        "pk": 345, 
        "model": "enemygen.enemyskill", 
        "fields": {
            "include": false, 
            "skill": 2, 
            "enemy_template": 38, 
            "die_set": "STR+CON"
        }
    }, 
    {
        "pk": 369, 
        "model": "enemygen.enemyskill", 
        "fields": {
            "include": false, 
            "skill": 2, 
            "enemy_template": 39, 
            "die_set": "STR+CON"
        }
    }, 
    {
        "pk": 321, 
        "model": "enemygen.enemyskill", 
        "fields": {
            "include": false, 
            "skill": 2, 
            "enemy_template": 37, 
            "die_set": "STR+CON"
        }
    }, 
    {
        "pk": 393, 
        "model": "enemygen.enemyskill", 
        "fields": {
            "include": false, 
            "skill": 2, 
            "enemy_template": 40, 
            "die_set": "STR+CON"
        }
    }, 
    {
        "pk": 346, 
        "model": "enemygen.enemyskill", 
        "fields": {
            "include": true, 
            "skill": 3, 
            "enemy_template": 38, 
            "die_set": "STR+SIZ+30"
        }
    }, 
    {
        "pk": 370, 
        "model": "enemygen.enemyskill", 
        "fields": {
            "include": true, 
            "skill": 3, 
            "enemy_template": 39, 
            "die_set": "STR+SIZ+30"
        }
    }, 
    {
        "pk": 322, 
        "model": "enemygen.enemyskill", 
        "fields": {
            "include": true, 
            "skill": 3, 
            "enemy_template": 37, 
            "die_set": "STR+SIZ"
        }
    }, 
    {
        "pk": 394, 
        "model": "enemygen.enemyskill", 
        "fields": {
            "include": true, 
            "skill": 3, 
            "enemy_template": 40, 
            "die_set": "STR+SIZ"
        }
    }, 
    {
        "pk": 347, 
        "model": "enemygen.enemyskill", 
        "fields": {
            "include": false, 
            "skill": 6, 
            "enemy_template": 38, 
            "die_set": "DEX+POW"
        }
    }, 
    {
        "pk": 371, 
        "model": "enemygen.enemyskill", 
        "fields": {
            "include": false, 
            "skill": 6, 
            "enemy_template": 39, 
            "die_set": "DEX+POW"
        }
    }, 
    {
        "pk": 323, 
        "model": "enemygen.enemyskill", 
        "fields": {
            "include": true, 
            "skill": 6, 
            "enemy_template": 37, 
            "die_set": "DEX+POW"
        }
    }, 
    {
        "pk": 395, 
        "model": "enemygen.enemyskill", 
        "fields": {
            "include": false, 
            "skill": 6, 
            "enemy_template": 40, 
            "die_set": "DEX+POW"
        }
    }, 
    {
        "pk": 348, 
        "model": "enemygen.enemyskill", 
        "fields": {
            "include": false, 
            "skill": 7, 
            "enemy_template": 38, 
            "die_set": "DEX+CHA"
        }
    }, 
    {
        "pk": 372, 
        "model": "enemygen.enemyskill", 
        "fields": {
            "include": false, 
            "skill": 7, 
            "enemy_template": 39, 
            "die_set": "DEX+CHA"
        }
    }, 
    {
        "pk": 324, 
        "model": "enemygen.enemyskill", 
        "fields": {
            "include": false, 
            "skill": 7, 
            "enemy_template": 37, 
            "die_set": "DEX+CHA"
        }
    }, 
    {
        "pk": 396, 
        "model": "enemygen.enemyskill", 
        "fields": {
            "include": false, 
            "skill": 7, 
            "enemy_template": 40, 
            "die_set": "DEX+CHA"
        }
    }, 
    {
        "pk": 373, 
        "model": "enemygen.enemyskill", 
        "fields": {
            "include": false, 
            "skill": 8, 
            "enemy_template": 39, 
            "die_set": "INT+CHA"
        }
    }, 
    {
        "pk": 349, 
        "model": "enemygen.enemyskill", 
        "fields": {
            "include": false, 
            "skill": 8, 
            "enemy_template": 38, 
            "die_set": "INT+CHA"
        }
    }, 
    {
        "pk": 325, 
        "model": "enemygen.enemyskill", 
        "fields": {
            "include": false, 
            "skill": 8, 
            "enemy_template": 37, 
            "die_set": "INT+CHA"
        }
    }, 
    {
        "pk": 397, 
        "model": "enemygen.enemyskill", 
        "fields": {
            "include": false, 
            "skill": 8, 
            "enemy_template": 40, 
            "die_set": "INT+CHA"
        }
    }, 
    {
        "pk": 350, 
        "model": "enemygen.enemyskill", 
        "fields": {
            "include": false, 
            "skill": 22, 
            "enemy_template": 38, 
            "die_set": "POW+CHA"
        }
    }, 
    {
        "pk": 374, 
        "model": "enemygen.enemyskill", 
        "fields": {
            "include": false, 
            "skill": 22, 
            "enemy_template": 39, 
            "die_set": "POW+CHA"
        }
    }, 
    {
        "pk": 326, 
        "model": "enemygen.enemyskill", 
        "fields": {
            "include": true, 
            "skill": 22, 
            "enemy_template": 37, 
            "die_set": "POW+CHA+20"
        }
    }, 
    {
        "pk": 398, 
        "model": "enemygen.enemyskill", 
        "fields": {
            "include": false, 
            "skill": 22, 
            "enemy_template": 40, 
            "die_set": "POW+CHA"
        }
    }, 
    {
        "pk": 351, 
        "model": "enemygen.enemyskill", 
        "fields": {
            "include": true, 
            "skill": 4, 
            "enemy_template": 38, 
            "die_set": "CON+CON+30"
        }
    }, 
    {
        "pk": 375, 
        "model": "enemygen.enemyskill", 
        "fields": {
            "include": true, 
            "skill": 4, 
            "enemy_template": 39, 
            "die_set": "CON+CON+30"
        }
    }, 
    {
        "pk": 327, 
        "model": "enemygen.enemyskill", 
        "fields": {
            "include": true, 
            "skill": 4, 
            "enemy_template": 37, 
            "die_set": "CON+CON"
        }
    }, 
    {
        "pk": 399, 
        "model": "enemygen.enemyskill", 
        "fields": {
            "include": true, 
            "skill": 4, 
            "enemy_template": 40, 
            "die_set": "CON+CON"
        }
    }, 
    {
        "pk": 352, 
        "model": "enemygen.enemyskill", 
        "fields": {
            "include": true, 
            "skill": 9, 
            "enemy_template": 38, 
            "die_set": "DEX+DEX+20"
        }
    }, 
    {
        "pk": 376, 
        "model": "enemygen.enemyskill", 
        "fields": {
            "include": true, 
            "skill": 9, 
            "enemy_template": 39, 
            "die_set": "DEX+DEX+10"
        }
    }, 
    {
        "pk": 328, 
        "model": "enemygen.enemyskill", 
        "fields": {
            "include": true, 
            "skill": 9, 
            "enemy_template": 37, 
            "die_set": "DEX+DEX"
        }
    }, 
    {
        "pk": 400, 
        "model": "enemygen.enemyskill", 
        "fields": {
            "include": true, 
            "skill": 9, 
            "enemy_template": 40, 
            "die_set": "DEX+DEX"
        }
    }, 
    {
        "pk": 353, 
        "model": "enemygen.enemyskill", 
        "fields": {
            "include": false, 
            "skill": 21, 
            "enemy_template": 38, 
            "die_set": "INT+CHA"
        }
    }, 
    {
        "pk": 377, 
        "model": "enemygen.enemyskill", 
        "fields": {
            "include": false, 
            "skill": 21, 
            "enemy_template": 39, 
            "die_set": "INT+CHA"
        }
    }, 
    {
        "pk": 329, 
        "model": "enemygen.enemyskill", 
        "fields": {
            "include": true, 
            "skill": 21, 
            "enemy_template": 37, 
            "die_set": "INT+CHA+20"
        }
    }, 
    {
        "pk": 401, 
        "model": "enemygen.enemyskill", 
        "fields": {
            "include": false, 
            "skill": 21, 
            "enemy_template": 40, 
            "die_set": "INT+CHA"
        }
    }, 
    {
        "pk": 354, 
        "model": "enemygen.enemyskill", 
        "fields": {
            "include": false, 
            "skill": 10, 
            "enemy_template": 38, 
            "die_set": "DEX+INT"
        }
    }, 
    {
        "pk": 378, 
        "model": "enemygen.enemyskill", 
        "fields": {
            "include": false, 
            "skill": 10, 
            "enemy_template": 39, 
            "die_set": "DEX+INT"
        }
    }, 
    {
        "pk": 330, 
        "model": "enemygen.enemyskill", 
        "fields": {
            "include": false, 
            "skill": 10, 
            "enemy_template": 37, 
            "die_set": "DEX+INT"
        }
    }, 
    {
        "pk": 402, 
        "model": "enemygen.enemyskill", 
        "fields": {
            "include": false, 
            "skill": 10, 
            "enemy_template": 40, 
            "die_set": "DEX+INT"
        }
    }, 
    {
        "pk": 355, 
        "model": "enemygen.enemyskill", 
        "fields": {
            "include": true, 
            "skill": 20, 
            "enemy_template": 38, 
            "die_set": "POW+CHA+30"
        }
    }, 
    {
        "pk": 379, 
        "model": "enemygen.enemyskill", 
        "fields": {
            "include": true, 
            "skill": 20, 
            "enemy_template": 39, 
            "die_set": "POW+CHA+20"
        }
    }, 
    {
        "pk": 331, 
        "model": "enemygen.enemyskill", 
        "fields": {
            "include": true, 
            "skill": 20, 
            "enemy_template": 37, 
            "die_set": "POW+CHA+30"
        }
    }, 
    {
        "pk": 403, 
        "model": "enemygen.enemyskill", 
        "fields": {
            "include": false, 
            "skill": 20, 
            "enemy_template": 40, 
            "die_set": "POW+CHA"
        }
    }, 
    {
        "pk": 356, 
        "model": "enemygen.enemyskill", 
        "fields": {
            "include": false, 
            "skill": 11, 
            "enemy_template": 38, 
            "die_set": "CHA+CHA"
        }
    }, 
    {
        "pk": 380, 
        "model": "enemygen.enemyskill", 
        "fields": {
            "include": false, 
            "skill": 11, 
            "enemy_template": 39, 
            "die_set": "CHA+CHA"
        }
    }, 
    {
        "pk": 332, 
        "model": "enemygen.enemyskill", 
        "fields": {
            "include": true, 
            "skill": 11, 
            "enemy_template": 37, 
            "die_set": "CHA+CHA"
        }
    }, 
    {
        "pk": 404, 
        "model": "enemygen.enemyskill", 
        "fields": {
            "include": false, 
            "skill": 11, 
            "enemy_template": 40, 
            "die_set": "CHA+CHA"
        }
    }, 
    {
        "pk": 357, 
        "model": "enemygen.enemyskill", 
        "fields": {
            "include": false, 
            "skill": 12, 
            "enemy_template": 38, 
            "die_set": "INT+POW"
        }
    }, 
    {
        "pk": 381, 
        "model": "enemygen.enemyskill", 
        "fields": {
            "include": false, 
            "skill": 12, 
            "enemy_template": 39, 
            "die_set": "INT+POW"
        }
    }, 
    {
        "pk": 333, 
        "model": "enemygen.enemyskill", 
        "fields": {
            "include": false, 
            "skill": 12, 
            "enemy_template": 37, 
            "die_set": "INT+POW"
        }
    }, 
    {
        "pk": 405, 
        "model": "enemygen.enemyskill", 
        "fields": {
            "include": false, 
            "skill": 12, 
            "enemy_template": 40, 
            "die_set": "INT+POW"
        }
    }, 
    {
        "pk": 382, 
        "model": "enemygen.enemyskill", 
        "fields": {
            "include": false, 
            "skill": 23, 
            "enemy_template": 39, 
            "die_set": "INT+CHA"
        }
    }, 
    {
        "pk": 358, 
        "model": "enemygen.enemyskill", 
        "fields": {
            "include": false, 
            "skill": 23, 
            "enemy_template": 38, 
            "die_set": "INT+CHA"
        }
    }, 
    {
        "pk": 334, 
        "model": "enemygen.enemyskill", 
        "fields": {
            "include": false, 
            "skill": 23, 
            "enemy_template": 37, 
            "die_set": "INT+CHA"
        }
    }, 
    {
        "pk": 406, 
        "model": "enemygen.enemyskill", 
        "fields": {
            "include": false, 
            "skill": 23, 
            "enemy_template": 40, 
            "die_set": "INT+CHA"
        }
    }, 
    {
        "pk": 383, 
        "model": "enemygen.enemyskill", 
        "fields": {
            "include": false, 
            "skill": 13, 
            "enemy_template": 39, 
            "die_set": "INT+INT"
        }
    }, 
    {
        "pk": 359, 
        "model": "enemygen.enemyskill", 
        "fields": {
            "include": false, 
            "skill": 13, 
            "enemy_template": 38, 
            "die_set": "INT+INT"
        }
    }, 
    {
        "pk": 335, 
        "model": "enemygen.enemyskill", 
        "fields": {
            "include": false, 
            "skill": 13, 
            "enemy_template": 37, 
            "die_set": "INT+INT"
        }
    }, 
    {
        "pk": 407, 
        "model": "enemygen.enemyskill", 
        "fields": {
            "include": false, 
            "skill": 13, 
            "enemy_template": 40, 
            "die_set": "INT+INT"
        }
    }, 
    {
        "pk": 384, 
        "model": "enemygen.enemyskill", 
        "fields": {
            "include": true, 
            "skill": 14, 
            "enemy_template": 39, 
            "die_set": "INT+POW+15"
        }
    }, 
    {
        "pk": 360, 
        "model": "enemygen.enemyskill", 
        "fields": {
            "include": true, 
            "skill": 14, 
            "enemy_template": 38, 
            "die_set": "INT+POW+20"
        }
    }, 
    {
        "pk": 336, 
        "model": "enemygen.enemyskill", 
        "fields": {
            "include": true, 
            "skill": 14, 
            "enemy_template": 37, 
            "die_set": "INT+POW"
        }
    }, 
    {
        "pk": 408, 
        "model": "enemygen.enemyskill", 
        "fields": {
            "include": true, 
            "skill": 14, 
            "enemy_template": 40, 
            "die_set": "INT+POW"
        }
    }, 
    {
        "pk": 361, 
        "model": "enemygen.enemyskill", 
        "fields": {
            "include": true, 
            "skill": 15, 
            "enemy_template": 38, 
            "die_set": "DEX+POW+20"
        }
    }, 
    {
        "pk": 337, 
        "model": "enemygen.enemyskill", 
        "fields": {
            "include": false, 
            "skill": 15, 
            "enemy_template": 37, 
            "die_set": "DEX+POW"
        }
    }, 
    {
        "pk": 385, 
        "model": "enemygen.enemyskill", 
        "fields": {
            "include": false, 
            "skill": 15, 
            "enemy_template": 39, 
            "die_set": "DEX+POW"
        }
    }, 
    {
        "pk": 409, 
        "model": "enemygen.enemyskill", 
        "fields": {
            "include": false, 
            "skill": 15, 
            "enemy_template": 40, 
            "die_set": "DEX+POW"
        }
    }, 
    {
        "pk": 362, 
        "model": "enemygen.enemyskill", 
        "fields": {
            "include": false, 
            "skill": 24, 
            "enemy_template": 38, 
            "die_set": "INT+POW"
        }
    }, 
    {
        "pk": 338, 
        "model": "enemygen.enemyskill", 
        "fields": {
            "include": false, 
            "skill": 24, 
            "enemy_template": 37, 
            "die_set": "INT+POW"
        }
    }, 
    {
        "pk": 386, 
        "model": "enemygen.enemyskill", 
        "fields": {
            "include": false, 
            "skill": 24, 
            "enemy_template": 39, 
            "die_set": "INT+POW"
        }
    }, 
    {
        "pk": 410, 
        "model": "enemygen.enemyskill", 
        "fields": {
            "include": false, 
            "skill": 24, 
            "enemy_template": 40, 
            "die_set": "INT+POW"
        }
    }, 
    {
        "pk": 363, 
        "model": "enemygen.enemyskill", 
        "fields": {
            "include": false, 
            "skill": 16, 
            "enemy_template": 38, 
            "die_set": "CHA+POW"
        }
    }, 
    {
        "pk": 339, 
        "model": "enemygen.enemyskill", 
        "fields": {
            "include": false, 
            "skill": 16, 
            "enemy_template": 37, 
            "die_set": "CHA+POW"
        }
    }, 
    {
        "pk": 387, 
        "model": "enemygen.enemyskill", 
        "fields": {
            "include": false, 
            "skill": 16, 
            "enemy_template": 39, 
            "die_set": "CHA+POW"
        }
    }, 
    {
        "pk": 411, 
        "model": "enemygen.enemyskill", 
        "fields": {
            "include": false, 
            "skill": 16, 
            "enemy_template": 40, 
            "die_set": "CHA+POW"
        }
    }, 
    {
        "pk": 364, 
        "model": "enemygen.enemyskill", 
        "fields": {
            "include": false, 
            "skill": 17, 
            "enemy_template": 38, 
            "die_set": "DEX+INT"
        }
    }, 
    {
        "pk": 340, 
        "model": "enemygen.enemyskill", 
        "fields": {
            "include": true, 
            "skill": 17, 
            "enemy_template": 37, 
            "die_set": "DEX+INT"
        }
    }, 
    {
        "pk": 388, 
        "model": "enemygen.enemyskill", 
        "fields": {
            "include": false, 
            "skill": 17, 
            "enemy_template": 39, 
            "die_set": "DEX+INT"
        }
    }, 
    {
        "pk": 412, 
        "model": "enemygen.enemyskill", 
        "fields": {
            "include": false, 
            "skill": 17, 
            "enemy_template": 40, 
            "die_set": "DEX+INT"
        }
    }, 
    {
        "pk": 365, 
        "model": "enemygen.enemyskill", 
        "fields": {
            "include": false, 
            "skill": 18, 
            "enemy_template": 38, 
            "die_set": "STR+CON"
        }
    }, 
    {
        "pk": 341, 
        "model": "enemygen.enemyskill", 
        "fields": {
            "include": false, 
            "skill": 18, 
            "enemy_template": 37, 
            "die_set": "STR+CON"
        }
    }, 
    {
        "pk": 389, 
        "model": "enemygen.enemyskill", 
        "fields": {
            "include": false, 
            "skill": 18, 
            "enemy_template": 39, 
            "die_set": "STR+CON"
        }
    }, 
    {
        "pk": 413, 
        "model": "enemygen.enemyskill", 
        "fields": {
            "include": false, 
            "skill": 18, 
            "enemy_template": 40, 
            "die_set": "STR+CON"
        }
    }, 
    {
        "pk": 366, 
        "model": "enemygen.enemyskill", 
        "fields": {
            "include": true, 
            "skill": 19, 
            "enemy_template": 38, 
            "die_set": "STR+DEX+20"
        }
    }, 
    {
        "pk": 342, 
        "model": "enemygen.enemyskill", 
        "fields": {
            "include": true, 
            "skill": 19, 
            "enemy_template": 37, 
            "die_set": "STR+DEX"
        }
    }, 
    {
        "pk": 390, 
        "model": "enemygen.enemyskill", 
        "fields": {
            "include": true, 
            "skill": 19, 
            "enemy_template": 39, 
            "die_set": "STR+DEX"
        }
    }, 
    {
        "pk": 414, 
        "model": "enemygen.enemyskill", 
        "fields": {
            "include": true, 
            "skill": 19, 
            "enemy_template": 40, 
            "die_set": "STR+DEX"
        }
    }, 
    {
        "pk": 367, 
        "model": "enemygen.enemyskill", 
        "fields": {
            "include": true, 
            "skill": 5, 
            "enemy_template": 38, 
            "die_set": "POW+POW+20"
        }
    }, 
    {
        "pk": 343, 
        "model": "enemygen.enemyskill", 
        "fields": {
            "include": true, 
            "skill": 5, 
            "enemy_template": 37, 
            "die_set": "POW+POW"
        }
    }, 
    {
        "pk": 391, 
        "model": "enemygen.enemyskill", 
        "fields": {
            "include": true, 
            "skill": 5, 
            "enemy_template": 39, 
            "die_set": "POW+POW+20"
        }
    }, 
    {
        "pk": 415, 
        "model": "enemygen.enemyskill", 
        "fields": {
            "include": true, 
            "skill": 5, 
            "enemy_template": 40, 
            "die_set": "POW+POW"
        }
    }, 
    {
        "pk": 133, 
        "model": "enemygen.enemyhitlocation", 
        "fields": {
            "armor": "D3+1", 
            "enemy_template": 38, 
            "hit_location": 1
        }
    }, 
    {
        "pk": 126, 
        "model": "enemygen.enemyhitlocation", 
        "fields": {
            "armor": "D3", 
            "enemy_template": 37, 
            "hit_location": 1
        }
    }, 
    {
        "pk": 150, 
        "model": "enemygen.enemyhitlocation", 
        "fields": {
            "armor": "", 
            "enemy_template": 40, 
            "hit_location": 1
        }
    }, 
    {
        "pk": 140, 
        "model": "enemygen.enemyhitlocation", 
        "fields": {
            "armor": "1", 
            "enemy_template": 39, 
            "hit_location": 8
        }
    }, 
    {
        "pk": 141, 
        "model": "enemygen.enemyhitlocation", 
        "fields": {
            "armor": "1", 
            "enemy_template": 39, 
            "hit_location": 9
        }
    }, 
    {
        "pk": 134, 
        "model": "enemygen.enemyhitlocation", 
        "fields": {
            "armor": "D3+1", 
            "enemy_template": 38, 
            "hit_location": 2
        }
    }, 
    {
        "pk": 127, 
        "model": "enemygen.enemyhitlocation", 
        "fields": {
            "armor": "D3", 
            "enemy_template": 37, 
            "hit_location": 2
        }
    }, 
    {
        "pk": 151, 
        "model": "enemygen.enemyhitlocation", 
        "fields": {
            "armor": "", 
            "enemy_template": 40, 
            "hit_location": 2
        }
    }, 
    {
        "pk": 142, 
        "model": "enemygen.enemyhitlocation", 
        "fields": {
            "armor": "1", 
            "enemy_template": 39, 
            "hit_location": 10
        }
    }, 
    {
        "pk": 135, 
        "model": "enemygen.enemyhitlocation", 
        "fields": {
            "armor": "D3+1", 
            "enemy_template": 38, 
            "hit_location": 3
        }
    }, 
    {
        "pk": 128, 
        "model": "enemygen.enemyhitlocation", 
        "fields": {
            "armor": "D3", 
            "enemy_template": 37, 
            "hit_location": 3
        }
    }, 
    {
        "pk": 152, 
        "model": "enemygen.enemyhitlocation", 
        "fields": {
            "armor": "", 
            "enemy_template": 40, 
            "hit_location": 3
        }
    }, 
    {
        "pk": 143, 
        "model": "enemygen.enemyhitlocation", 
        "fields": {
            "armor": "1", 
            "enemy_template": 39, 
            "hit_location": 11
        }
    }, 
    {
        "pk": 136, 
        "model": "enemygen.enemyhitlocation", 
        "fields": {
            "armor": "D3+1", 
            "enemy_template": 38, 
            "hit_location": 4
        }
    }, 
    {
        "pk": 129, 
        "model": "enemygen.enemyhitlocation", 
        "fields": {
            "armor": "D3", 
            "enemy_template": 37, 
            "hit_location": 4
        }
    }, 
    {
        "pk": 153, 
        "model": "enemygen.enemyhitlocation", 
        "fields": {
            "armor": "", 
            "enemy_template": 40, 
            "hit_location": 4
        }
    }, 
    {
        "pk": 144, 
        "model": "enemygen.enemyhitlocation", 
        "fields": {
            "armor": "1", 
            "enemy_template": 39, 
            "hit_location": 12
        }
    }, 
    {
        "pk": 137, 
        "model": "enemygen.enemyhitlocation", 
        "fields": {
            "armor": "D3+1", 
            "enemy_template": 38, 
            "hit_location": 5
        }
    }, 
    {
        "pk": 130, 
        "model": "enemygen.enemyhitlocation", 
        "fields": {
            "armor": "D3", 
            "enemy_template": 37, 
            "hit_location": 5
        }
    }, 
    {
        "pk": 154, 
        "model": "enemygen.enemyhitlocation", 
        "fields": {
            "armor": "", 
            "enemy_template": 40, 
            "hit_location": 5
        }
    }, 
    {
        "pk": 145, 
        "model": "enemygen.enemyhitlocation", 
        "fields": {
            "armor": "1", 
            "enemy_template": 39, 
            "hit_location": 13
        }
    }, 
    {
        "pk": 146, 
        "model": "enemygen.enemyhitlocation", 
        "fields": {
            "armor": "D3+3", 
            "enemy_template": 39, 
            "hit_location": 14
        }
    }, 
    {
        "pk": 138, 
        "model": "enemygen.enemyhitlocation", 
        "fields": {
            "armor": "D3+1", 
            "enemy_template": 38, 
            "hit_location": 6
        }
    }, 
    {
        "pk": 131, 
        "model": "enemygen.enemyhitlocation", 
        "fields": {
            "armor": "D3", 
            "enemy_template": 37, 
            "hit_location": 6
        }
    }, 
    {
        "pk": 155, 
        "model": "enemygen.enemyhitlocation", 
        "fields": {
            "armor": "", 
            "enemy_template": 40, 
            "hit_location": 6
        }
    }, 
    {
        "pk": 147, 
        "model": "enemygen.enemyhitlocation", 
        "fields": {
            "armor": "D3+3", 
            "enemy_template": 39, 
            "hit_location": 15
        }
    }, 
    {
        "pk": 148, 
        "model": "enemygen.enemyhitlocation", 
        "fields": {
            "armor": "D3+3", 
            "enemy_template": 39, 
            "hit_location": 16
        }
    }, 
    {
        "pk": 139, 
        "model": "enemygen.enemyhitlocation", 
        "fields": {
            "armor": "D3+1", 
            "enemy_template": 38, 
            "hit_location": 7
        }
    }, 
    {
        "pk": 132, 
        "model": "enemygen.enemyhitlocation", 
        "fields": {
            "armor": "D3", 
            "enemy_template": 37, 
            "hit_location": 7
        }
    }, 
    {
        "pk": 156, 
        "model": "enemygen.enemyhitlocation", 
        "fields": {
            "armor": "", 
            "enemy_template": 40, 
            "hit_location": 7
        }
    }, 
    {
        "pk": 149, 
        "model": "enemygen.enemyhitlocation", 
        "fields": {
            "armor": "D3+3", 
            "enemy_template": 39, 
            "hit_location": 17
        }
    }, 
    {
        "pk": 1, 
        "model": "enemygen.statabstract", 
        "fields": {
            "name": "STR", 
            "order": 1
        }
    }, 
    {
        "pk": 2, 
        "model": "enemygen.statabstract", 
        "fields": {
            "name": "CON", 
            "order": 2
        }
    }, 
    {
        "pk": 3, 
        "model": "enemygen.statabstract", 
        "fields": {
            "name": "SIZ", 
            "order": 3
        }
    }, 
    {
        "pk": 4, 
        "model": "enemygen.statabstract", 
        "fields": {
            "name": "DEX", 
            "order": 4
        }
    }, 
    {
        "pk": 7, 
        "model": "enemygen.statabstract", 
        "fields": {
            "name": "INT", 
            "order": 5
        }
    }, 
    {
        "pk": 5, 
        "model": "enemygen.statabstract", 
        "fields": {
            "name": "POW", 
            "order": 6
        }
    }, 
    {
        "pk": 6, 
        "model": "enemygen.statabstract", 
        "fields": {
            "name": "CHA", 
            "order": 7
        }
    }, 
    {
        "pk": 1, 
        "model": "enemygen.racestat", 
        "fields": {
            "default_value": "3D6", 
            "stat": 1, 
            "race": 1
        }
    }, 
    {
        "pk": 8, 
        "model": "enemygen.racestat", 
        "fields": {
            "default_value": "3D6+6", 
            "stat": 1, 
            "race": 2
        }
    }, 
    {
        "pk": 2, 
        "model": "enemygen.racestat", 
        "fields": {
            "default_value": "3D6", 
            "stat": 2, 
            "race": 1
        }
    }, 
    {
        "pk": 9, 
        "model": "enemygen.racestat", 
        "fields": {
            "default_value": "3D6", 
            "stat": 2, 
            "race": 2
        }
    }, 
    {
        "pk": 3, 
        "model": "enemygen.racestat", 
        "fields": {
            "default_value": "2D6+6", 
            "stat": 3, 
            "race": 1
        }
    }, 
    {
        "pk": 10, 
        "model": "enemygen.racestat", 
        "fields": {
            "default_value": "3D6+18", 
            "stat": 3, 
            "race": 2
        }
    }, 
    {
        "pk": 4, 
        "model": "enemygen.racestat", 
        "fields": {
            "default_value": "3D6", 
            "stat": 4, 
            "race": 1
        }
    }, 
    {
        "pk": 11, 
        "model": "enemygen.racestat", 
        "fields": {
            "default_value": "3D6", 
            "stat": 4, 
            "race": 2
        }
    }, 
    {
        "pk": 5, 
        "model": "enemygen.racestat", 
        "fields": {
            "default_value": "2D6+6", 
            "stat": 7, 
            "race": 1
        }
    }, 
    {
        "pk": 12, 
        "model": "enemygen.racestat", 
        "fields": {
            "default_value": "2D6+6", 
            "stat": 7, 
            "race": 2
        }
    }, 
    {
        "pk": 6, 
        "model": "enemygen.racestat", 
        "fields": {
            "default_value": "3D6", 
            "stat": 5, 
            "race": 1
        }
    }, 
    {
        "pk": 13, 
        "model": "enemygen.racestat", 
        "fields": {
            "default_value": "2D6+9", 
            "stat": 5, 
            "race": 2
        }
    }, 
    {
        "pk": 7, 
        "model": "enemygen.racestat", 
        "fields": {
            "default_value": "3D6", 
            "stat": 6, 
            "race": 1
        }
    }, 
    {
        "pk": 14, 
        "model": "enemygen.racestat", 
        "fields": {
            "default_value": "3D6", 
            "stat": 6, 
            "race": 2
        }
    }, 
    {
        "pk": 204, 
        "model": "enemygen.enemystat", 
        "fields": {
            "stat": 1, 
            "enemy_template": 38, 
            "die_set": "3D6"
        }
    }, 
    {
        "pk": 218, 
        "model": "enemygen.enemystat", 
        "fields": {
            "stat": 1, 
            "enemy_template": 40, 
            "die_set": "3D6"
        }
    }, 
    {
        "pk": 211, 
        "model": "enemygen.enemystat", 
        "fields": {
            "stat": 1, 
            "enemy_template": 39, 
            "die_set": "3D6+6"
        }
    }, 
    {
        "pk": 197, 
        "model": "enemygen.enemystat", 
        "fields": {
            "stat": 1, 
            "enemy_template": 37, 
            "die_set": "3D6"
        }
    }, 
    {
        "pk": 205, 
        "model": "enemygen.enemystat", 
        "fields": {
            "stat": 2, 
            "enemy_template": 38, 
            "die_set": "3D6"
        }
    }, 
    {
        "pk": 219, 
        "model": "enemygen.enemystat", 
        "fields": {
            "stat": 2, 
            "enemy_template": 40, 
            "die_set": "3D6"
        }
    }, 
    {
        "pk": 212, 
        "model": "enemygen.enemystat", 
        "fields": {
            "stat": 2, 
            "enemy_template": 39, 
            "die_set": "3D6"
        }
    }, 
    {
        "pk": 198, 
        "model": "enemygen.enemystat", 
        "fields": {
            "stat": 2, 
            "enemy_template": 37, 
            "die_set": "3D6"
        }
    }, 
    {
        "pk": 206, 
        "model": "enemygen.enemystat", 
        "fields": {
            "stat": 3, 
            "enemy_template": 38, 
            "die_set": "2D6+6"
        }
    }, 
    {
        "pk": 220, 
        "model": "enemygen.enemystat", 
        "fields": {
            "stat": 3, 
            "enemy_template": 40, 
            "die_set": "2D6+6"
        }
    }, 
    {
        "pk": 213, 
        "model": "enemygen.enemystat", 
        "fields": {
            "stat": 3, 
            "enemy_template": 39, 
            "die_set": "3D6+18"
        }
    }, 
    {
        "pk": 199, 
        "model": "enemygen.enemystat", 
        "fields": {
            "stat": 3, 
            "enemy_template": 37, 
            "die_set": "2D6+6"
        }
    }, 
    {
        "pk": 207, 
        "model": "enemygen.enemystat", 
        "fields": {
            "stat": 4, 
            "enemy_template": 38, 
            "die_set": "3D6"
        }
    }, 
    {
        "pk": 221, 
        "model": "enemygen.enemystat", 
        "fields": {
            "stat": 4, 
            "enemy_template": 40, 
            "die_set": "3D6"
        }
    }, 
    {
        "pk": 214, 
        "model": "enemygen.enemystat", 
        "fields": {
            "stat": 4, 
            "enemy_template": 39, 
            "die_set": "3D6"
        }
    }, 
    {
        "pk": 200, 
        "model": "enemygen.enemystat", 
        "fields": {
            "stat": 4, 
            "enemy_template": 37, 
            "die_set": "3D6"
        }
    }, 
    {
        "pk": 208, 
        "model": "enemygen.enemystat", 
        "fields": {
            "stat": 7, 
            "enemy_template": 38, 
            "die_set": "2D6+6"
        }
    }, 
    {
        "pk": 222, 
        "model": "enemygen.enemystat", 
        "fields": {
            "stat": 7, 
            "enemy_template": 40, 
            "die_set": "2D6+6"
        }
    }, 
    {
        "pk": 215, 
        "model": "enemygen.enemystat", 
        "fields": {
            "stat": 7, 
            "enemy_template": 39, 
            "die_set": "2D6+6"
        }
    }, 
    {
        "pk": 201, 
        "model": "enemygen.enemystat", 
        "fields": {
            "stat": 7, 
            "enemy_template": 37, 
            "die_set": "2D6+6"
        }
    }, 
    {
        "pk": 209, 
        "model": "enemygen.enemystat", 
        "fields": {
            "stat": 5, 
            "enemy_template": 38, 
            "die_set": "3D6"
        }
    }, 
    {
        "pk": 223, 
        "model": "enemygen.enemystat", 
        "fields": {
            "stat": 5, 
            "enemy_template": 40, 
            "die_set": "3D6"
        }
    }, 
    {
        "pk": 216, 
        "model": "enemygen.enemystat", 
        "fields": {
            "stat": 5, 
            "enemy_template": 39, 
            "die_set": "2D6+9"
        }
    }, 
    {
        "pk": 202, 
        "model": "enemygen.enemystat", 
        "fields": {
            "stat": 5, 
            "enemy_template": 37, 
            "die_set": "3D6"
        }
    }, 
    {
        "pk": 210, 
        "model": "enemygen.enemystat", 
        "fields": {
            "stat": 6, 
            "enemy_template": 38, 
            "die_set": "3D6"
        }
    }, 
    {
        "pk": 217, 
        "model": "enemygen.enemystat", 
        "fields": {
            "stat": 6, 
            "enemy_template": 39, 
            "die_set": "3D6"
        }
    }, 
    {
        "pk": 224, 
        "model": "enemygen.enemystat", 
        "fields": {
            "stat": 6, 
            "enemy_template": 40, 
            "die_set": "3D6"
        }
    }, 
    {
        "pk": 203, 
        "model": "enemygen.enemystat", 
        "fields": {
            "stat": 6, 
            "enemy_template": 37, 
            "die_set": "3D6"
        }
    }, 
    {
        "pk": 76, 
        "model": "enemygen.spellabstract", 
        "fields": {
            "default_detail": null, 
            "type": "theism", 
            "name": "Absorption", 
            "detail": false
        }
    }, 
    {
        "pk": 77, 
        "model": "enemygen.spellabstract", 
        "fields": {
            "default_detail": null, 
            "type": "theism", 
            "name": "Aegis", 
            "detail": false
        }
    }, 
    {
        "pk": 4, 
        "model": "enemygen.spellabstract", 
        "fields": {
            "default_detail": null, 
            "type": "folk", 
            "name": "Alarm", 
            "detail": false
        }
    }, 
    {
        "pk": 8, 
        "model": "enemygen.spellabstract", 
        "fields": {
            "default_detail": null, 
            "type": "folk", 
            "name": "Appraise", 
            "detail": false
        }
    }, 
    {
        "pk": 9, 
        "model": "enemygen.spellabstract", 
        "fields": {
            "default_detail": null, 
            "type": "folk", 
            "name": "Avert", 
            "detail": false
        }
    }, 
    {
        "pk": 78, 
        "model": "enemygen.spellabstract", 
        "fields": {
            "default_detail": null, 
            "type": "theism", 
            "name": "Awaken", 
            "detail": false
        }
    }, 
    {
        "pk": 10, 
        "model": "enemygen.spellabstract", 
        "fields": {
            "default_detail": null, 
            "type": "folk", 
            "name": "Babble", 
            "detail": false
        }
    }, 
    {
        "pk": 79, 
        "model": "enemygen.spellabstract", 
        "fields": {
            "default_detail": null, 
            "type": "theism", 
            "name": "Backlash", 
            "detail": false
        }
    }, 
    {
        "pk": 80, 
        "model": "enemygen.spellabstract", 
        "fields": {
            "default_detail": null, 
            "type": "theism", 
            "name": "Beast form", 
            "detail": false
        }
    }, 
    {
        "pk": 11, 
        "model": "enemygen.spellabstract", 
        "fields": {
            "default_detail": null, 
            "type": "folk", 
            "name": "Beastcall", 
            "detail": false
        }
    }, 
    {
        "pk": 12, 
        "model": "enemygen.spellabstract", 
        "fields": {
            "default_detail": null, 
            "type": "folk", 
            "name": "Befuddle", 
            "detail": false
        }
    }, 
    {
        "pk": 81, 
        "model": "enemygen.spellabstract", 
        "fields": {
            "default_detail": null, 
            "type": "theism", 
            "name": "Behold", 
            "detail": false
        }
    }, 
    {
        "pk": 82, 
        "model": "enemygen.spellabstract", 
        "fields": {
            "default_detail": null, 
            "type": "theism", 
            "name": "Berserk", 
            "detail": false
        }
    }, 
    {
        "pk": 83, 
        "model": "enemygen.spellabstract", 
        "fields": {
            "default_detail": null, 
            "type": "theism", 
            "name": "Bind Ghost", 
            "detail": false
        }
    }, 
    {
        "pk": 2, 
        "model": "enemygen.spellabstract", 
        "fields": {
            "default_detail": null, 
            "type": "folk", 
            "name": "Bladesharp", 
            "detail": false
        }
    }, 
    {
        "pk": 84, 
        "model": "enemygen.spellabstract", 
        "fields": {
            "default_detail": null, 
            "type": "theism", 
            "name": "Bless Crops", 
            "detail": false
        }
    }, 
    {
        "pk": 13, 
        "model": "enemygen.spellabstract", 
        "fields": {
            "default_detail": null, 
            "type": "folk", 
            "name": "Bludgeon", 
            "detail": false
        }
    }, 
    {
        "pk": 14, 
        "model": "enemygen.spellabstract", 
        "fields": {
            "default_detail": null, 
            "type": "folk", 
            "name": "Breath", 
            "detail": false
        }
    }, 
    {
        "pk": 85, 
        "model": "enemygen.spellabstract", 
        "fields": {
            "default_detail": null, 
            "type": "theism", 
            "name": "Breathe Water", 
            "detail": false
        }
    }, 
    {
        "pk": 15, 
        "model": "enemygen.spellabstract", 
        "fields": {
            "default_detail": null, 
            "type": "folk", 
            "name": "Bypass", 
            "detail": false
        }
    }, 
    {
        "pk": 16, 
        "model": "enemygen.spellabstract", 
        "fields": {
            "default_detail": null, 
            "type": "folk", 
            "name": "Calculate", 
            "detail": false
        }
    }, 
    {
        "pk": 86, 
        "model": "enemygen.spellabstract", 
        "fields": {
            "default_detail": null, 
            "type": "theism", 
            "name": "Call Winds", 
            "detail": false
        }
    }, 
    {
        "pk": 17, 
        "model": "enemygen.spellabstract", 
        "fields": {
            "default_detail": null, 
            "type": "folk", 
            "name": "Calm", 
            "detail": false
        }
    }, 
    {
        "pk": 87, 
        "model": "enemygen.spellabstract", 
        "fields": {
            "default_detail": null, 
            "type": "theism", 
            "name": "Chameleon", 
            "detail": false
        }
    }, 
    {
        "pk": 19, 
        "model": "enemygen.spellabstract", 
        "fields": {
            "default_detail": null, 
            "type": "folk", 
            "name": "Chill", 
            "detail": false
        }
    }, 
    {
        "pk": 18, 
        "model": "enemygen.spellabstract", 
        "fields": {
            "default_detail": null, 
            "type": "folk", 
            "name": "Cleanse", 
            "detail": false
        }
    }, 
    {
        "pk": 88, 
        "model": "enemygen.spellabstract", 
        "fields": {
            "default_detail": null, 
            "type": "theism", 
            "name": "Clear Skies", 
            "detail": false
        }
    }, 
    {
        "pk": 89, 
        "model": "enemygen.spellabstract", 
        "fields": {
            "default_detail": null, 
            "type": "theism", 
            "name": "Cloud Call", 
            "detail": false
        }
    }, 
    {
        "pk": 90, 
        "model": "enemygen.spellabstract", 
        "fields": {
            "default_detail": null, 
            "type": "theism", 
            "name": "Consecrate", 
            "detail": false
        }
    }, 
    {
        "pk": 20, 
        "model": "enemygen.spellabstract", 
        "fields": {
            "default_detail": null, 
            "type": "folk", 
            "name": "Cool", 
            "detail": false
        }
    }, 
    {
        "pk": 21, 
        "model": "enemygen.spellabstract", 
        "fields": {
            "default_detail": null, 
            "type": "folk", 
            "name": "Coordination", 
            "detail": false
        }
    }, 
    {
        "pk": 91, 
        "model": "enemygen.spellabstract", 
        "fields": {
            "default_detail": null, 
            "type": "theism", 
            "name": "Corruption", 
            "detail": false
        }
    }, 
    {
        "pk": 92, 
        "model": "enemygen.spellabstract", 
        "fields": {
            "default_detail": null, 
            "type": "theism", 
            "name": "Cure Malady", 
            "detail": false
        }
    }, 
    {
        "pk": 93, 
        "model": "enemygen.spellabstract", 
        "fields": {
            "default_detail": null, 
            "type": "theism", 
            "name": "Cure Sense", 
            "detail": false
        }
    }, 
    {
        "pk": 22, 
        "model": "enemygen.spellabstract", 
        "fields": {
            "default_detail": null, 
            "type": "folk", 
            "name": "Curse", 
            "detail": false
        }
    }, 
    {
        "pk": 23, 
        "model": "enemygen.spellabstract", 
        "fields": {
            "default_detail": null, 
            "type": "folk", 
            "name": "Darkness", 
            "detail": false
        }
    }, 
    {
        "pk": 25, 
        "model": "enemygen.spellabstract", 
        "fields": {
            "default_detail": null, 
            "type": "folk", 
            "name": "Deflect", 
            "detail": false
        }
    }, 
    {
        "pk": 24, 
        "model": "enemygen.spellabstract", 
        "fields": {
            "default_detail": null, 
            "type": "folk", 
            "name": "Demoralise", 
            "detail": false
        }
    }, 
    {
        "pk": 26, 
        "model": "enemygen.spellabstract", 
        "fields": {
            "default_detail": null, 
            "type": "folk", 
            "name": "Dishevel", 
            "detail": false
        }
    }, 
    {
        "pk": 94, 
        "model": "enemygen.spellabstract", 
        "fields": {
            "default_detail": null, 
            "type": "theism", 
            "name": "Dismiss Elemental", 
            "detail": false
        }
    }, 
    {
        "pk": 95, 
        "model": "enemygen.spellabstract", 
        "fields": {
            "default_detail": null, 
            "type": "theism", 
            "name": "Dismiss Magic", 
            "detail": false
        }
    }, 
    {
        "pk": 27, 
        "model": "enemygen.spellabstract", 
        "fields": {
            "default_detail": null, 
            "type": "folk", 
            "name": "Disruption", 
            "detail": false
        }
    }, 
    {
        "pk": 28, 
        "model": "enemygen.spellabstract", 
        "fields": {
            "default_detail": null, 
            "type": "folk", 
            "name": "Dry", 
            "detail": false
        }
    }, 
    {
        "pk": 29, 
        "model": "enemygen.spellabstract", 
        "fields": {
            "default_detail": null, 
            "type": "folk", 
            "name": "Dullblade", 
            "detail": false
        }
    }, 
    {
        "pk": 96, 
        "model": "enemygen.spellabstract", 
        "fields": {
            "default_detail": null, 
            "type": "theism", 
            "name": "Earthquake", 
            "detail": false
        }
    }, 
    {
        "pk": 97, 
        "model": "enemygen.spellabstract", 
        "fields": {
            "default_detail": null, 
            "type": "theism", 
            "name": "Elemental Summoning", 
            "detail": false
        }
    }, 
    {
        "pk": 98, 
        "model": "enemygen.spellabstract", 
        "fields": {
            "default_detail": null, 
            "type": "theism", 
            "name": "Entangle", 
            "detail": false
        }
    }, 
    {
        "pk": 99, 
        "model": "enemygen.spellabstract", 
        "fields": {
            "default_detail": null, 
            "type": "theism", 
            "name": "Enthrall", 
            "detail": false
        }
    }, 
    {
        "pk": 100, 
        "model": "enemygen.spellabstract", 
        "fields": {
            "default_detail": null, 
            "type": "theism", 
            "name": "Excommunicate", 
            "detail": false
        }
    }, 
    {
        "pk": 101, 
        "model": "enemygen.spellabstract", 
        "fields": {
            "default_detail": null, 
            "type": "theism", 
            "name": "Exorcism", 
            "detail": false
        }
    }, 
    {
        "pk": 102, 
        "model": "enemygen.spellabstract", 
        "fields": {
            "default_detail": null, 
            "type": "theism", 
            "name": "Extension", 
            "detail": false
        }
    }, 
    {
        "pk": 30, 
        "model": "enemygen.spellabstract", 
        "fields": {
            "default_detail": null, 
            "type": "folk", 
            "name": "Extinguish", 
            "detail": false
        }
    }, 
    {
        "pk": 31, 
        "model": "enemygen.spellabstract", 
        "fields": {
            "default_detail": null, 
            "type": "folk", 
            "name": "Fanaticism", 
            "detail": false
        }
    }, 
    {
        "pk": 103, 
        "model": "enemygen.spellabstract", 
        "fields": {
            "default_detail": null, 
            "type": "theism", 
            "name": "Fear", 
            "detail": false
        }
    }, 
    {
        "pk": 104, 
        "model": "enemygen.spellabstract", 
        "fields": {
            "default_detail": null, 
            "type": "theism", 
            "name": "Fecundity", 
            "detail": false
        }
    }, 
    {
        "pk": 32, 
        "model": "enemygen.spellabstract", 
        "fields": {
            "default_detail": null, 
            "type": "folk", 
            "name": "Find (X)", 
            "detail": false
        }
    }, 
    {
        "pk": 33, 
        "model": "enemygen.spellabstract", 
        "fields": {
            "default_detail": null, 
            "type": "folk", 
            "name": "Firearrow", 
            "detail": false
        }
    }, 
    {
        "pk": 34, 
        "model": "enemygen.spellabstract", 
        "fields": {
            "default_detail": null, 
            "type": "folk", 
            "name": "Fireblade", 
            "detail": false
        }
    }, 
    {
        "pk": 105, 
        "model": "enemygen.spellabstract", 
        "fields": {
            "default_detail": null, 
            "type": "theism", 
            "name": "Fortify", 
            "detail": false
        }
    }, 
    {
        "pk": 35, 
        "model": "enemygen.spellabstract", 
        "fields": {
            "default_detail": null, 
            "type": "folk", 
            "name": "Frostbite", 
            "detail": false
        }
    }, 
    {
        "pk": 36, 
        "model": "enemygen.spellabstract", 
        "fields": {
            "default_detail": null, 
            "type": "folk", 
            "name": "Glamour", 
            "detail": false
        }
    }, 
    {
        "pk": 37, 
        "model": "enemygen.spellabstract", 
        "fields": {
            "default_detail": null, 
            "type": "folk", 
            "name": "Glue", 
            "detail": false
        }
    }, 
    {
        "pk": 106, 
        "model": "enemygen.spellabstract", 
        "fields": {
            "default_detail": null, 
            "type": "theism", 
            "name": "Growth", 
            "detail": false
        }
    }, 
    {
        "pk": 107, 
        "model": "enemygen.spellabstract", 
        "fields": {
            "default_detail": null, 
            "type": "theism", 
            "name": "Harmonise", 
            "detail": false
        }
    }, 
    {
        "pk": 38, 
        "model": "enemygen.spellabstract", 
        "fields": {
            "default_detail": null, 
            "type": "folk", 
            "name": "Heal", 
            "detail": false
        }
    }, 
    {
        "pk": 108, 
        "model": "enemygen.spellabstract", 
        "fields": {
            "default_detail": null, 
            "type": "theism", 
            "name": "Heal Body", 
            "detail": false
        }
    }, 
    {
        "pk": 109, 
        "model": "enemygen.spellabstract", 
        "fields": {
            "default_detail": null, 
            "type": "theism", 
            "name": "Heal Mind", 
            "detail": false
        }
    }, 
    {
        "pk": 110, 
        "model": "enemygen.spellabstract", 
        "fields": {
            "default_detail": null, 
            "type": "theism", 
            "name": "Heal Wound", 
            "detail": false
        }
    }, 
    {
        "pk": 111, 
        "model": "enemygen.spellabstract", 
        "fields": {
            "default_detail": null, 
            "type": "theism", 
            "name": "Heart Seizure", 
            "detail": false
        }
    }, 
    {
        "pk": 39, 
        "model": "enemygen.spellabstract", 
        "fields": {
            "default_detail": null, 
            "type": "folk", 
            "name": "Heat", 
            "detail": false
        }
    }, 
    {
        "pk": 40, 
        "model": "enemygen.spellabstract", 
        "fields": {
            "default_detail": null, 
            "type": "folk", 
            "name": "Ignite", 
            "detail": false
        }
    }, 
    {
        "pk": 112, 
        "model": "enemygen.spellabstract", 
        "fields": {
            "default_detail": null, 
            "type": "theism", 
            "name": "Illusion", 
            "detail": false
        }
    }, 
    {
        "pk": 41, 
        "model": "enemygen.spellabstract", 
        "fields": {
            "default_detail": null, 
            "type": "folk", 
            "name": "Incognito", 
            "detail": false
        }
    }, 
    {
        "pk": 42, 
        "model": "enemygen.spellabstract", 
        "fields": {
            "default_detail": null, 
            "type": "folk", 
            "name": "Ironhand", 
            "detail": false
        }
    }, 
    {
        "pk": 43, 
        "model": "enemygen.spellabstract", 
        "fields": {
            "default_detail": null, 
            "type": "folk", 
            "name": "Knock", 
            "detail": false
        }
    }, 
    {
        "pk": 113, 
        "model": "enemygen.spellabstract", 
        "fields": {
            "default_detail": null, 
            "type": "theism", 
            "name": "Lay To Rest", 
            "detail": false
        }
    }, 
    {
        "pk": 114, 
        "model": "enemygen.spellabstract", 
        "fields": {
            "default_detail": null, 
            "type": "theism", 
            "name": "Leeching", 
            "detail": false
        }
    }, 
    {
        "pk": 44, 
        "model": "enemygen.spellabstract", 
        "fields": {
            "default_detail": null, 
            "type": "folk", 
            "name": "Light", 
            "detail": false
        }
    }, 
    {
        "pk": 115, 
        "model": "enemygen.spellabstract", 
        "fields": {
            "default_detail": null, 
            "type": "theism", 
            "name": "Lightning", 
            "detail": false
        }
    }, 
    {
        "pk": 45, 
        "model": "enemygen.spellabstract", 
        "fields": {
            "default_detail": null, 
            "type": "folk", 
            "name": "Lock", 
            "detail": false
        }
    }, 
    {
        "pk": 116, 
        "model": "enemygen.spellabstract", 
        "fields": {
            "default_detail": null, 
            "type": "theism", 
            "name": "Madness", 
            "detail": false
        }
    }, 
    {
        "pk": 46, 
        "model": "enemygen.spellabstract", 
        "fields": {
            "default_detail": null, 
            "type": "folk", 
            "name": "Magnify", 
            "detail": false
        }
    }, 
    {
        "pk": 47, 
        "model": "enemygen.spellabstract", 
        "fields": {
            "default_detail": null, 
            "type": "folk", 
            "name": "Might", 
            "detail": false
        }
    }, 
    {
        "pk": 48, 
        "model": "enemygen.spellabstract", 
        "fields": {
            "default_detail": null, 
            "type": "folk", 
            "name": "Mimic", 
            "detail": false
        }
    }, 
    {
        "pk": 117, 
        "model": "enemygen.spellabstract", 
        "fields": {
            "default_detail": null, 
            "type": "theism", 
            "name": "Mindblast", 
            "detail": false
        }
    }, 
    {
        "pk": 118, 
        "model": "enemygen.spellabstract", 
        "fields": {
            "default_detail": null, 
            "type": "theism", 
            "name": "Mindlink", 
            "detail": false
        }
    }, 
    {
        "pk": 49, 
        "model": "enemygen.spellabstract", 
        "fields": {
            "default_detail": null, 
            "type": "folk", 
            "name": "Mindspeech", 
            "detail": false
        }
    }, 
    {
        "pk": 119, 
        "model": "enemygen.spellabstract", 
        "fields": {
            "default_detail": null, 
            "type": "theism", 
            "name": "Mirage", 
            "detail": false
        }
    }, 
    {
        "pk": 50, 
        "model": "enemygen.spellabstract", 
        "fields": {
            "default_detail": null, 
            "type": "folk", 
            "name": "Mobility", 
            "detail": false
        }
    }, 
    {
        "pk": 120, 
        "model": "enemygen.spellabstract", 
        "fields": {
            "default_detail": null, 
            "type": "theism", 
            "name": "Obliterate", 
            "detail": false
        }
    }, 
    {
        "pk": 121, 
        "model": "enemygen.spellabstract", 
        "fields": {
            "default_detail": null, 
            "type": "theism", 
            "name": "Pacify", 
            "detail": false
        }
    }, 
    {
        "pk": 51, 
        "model": "enemygen.spellabstract", 
        "fields": {
            "default_detail": null, 
            "type": "folk", 
            "name": "Pathway", 
            "detail": false
        }
    }, 
    {
        "pk": 52, 
        "model": "enemygen.spellabstract", 
        "fields": {
            "default_detail": null, 
            "type": "folk", 
            "name": "Perfume", 
            "detail": false
        }
    }, 
    {
        "pk": 53, 
        "model": "enemygen.spellabstract", 
        "fields": {
            "default_detail": null, 
            "type": "folk", 
            "name": "Pet", 
            "detail": false
        }
    }, 
    {
        "pk": 54, 
        "model": "enemygen.spellabstract", 
        "fields": {
            "default_detail": null, 
            "type": "folk", 
            "name": "Phantasm", 
            "detail": false
        }
    }, 
    {
        "pk": 55, 
        "model": "enemygen.spellabstract", 
        "fields": {
            "default_detail": null, 
            "type": "folk", 
            "name": "Pierce", 
            "detail": false
        }
    }, 
    {
        "pk": 56, 
        "model": "enemygen.spellabstract", 
        "fields": {
            "default_detail": null, 
            "type": "folk", 
            "name": "Polish", 
            "detail": false
        }
    }, 
    {
        "pk": 57, 
        "model": "enemygen.spellabstract", 
        "fields": {
            "default_detail": null, 
            "type": "folk", 
            "name": "Preserve", 
            "detail": false
        }
    }, 
    {
        "pk": 122, 
        "model": "enemygen.spellabstract", 
        "fields": {
            "default_detail": null, 
            "type": "theism", 
            "name": "Preseverance", 
            "detail": false
        }
    }, 
    {
        "pk": 123, 
        "model": "enemygen.spellabstract", 
        "fields": {
            "default_detail": null, 
            "type": "theism", 
            "name": "Propitiate", 
            "detail": false
        }
    }, 
    {
        "pk": 3, 
        "model": "enemygen.spellabstract", 
        "fields": {
            "default_detail": null, 
            "type": "folk", 
            "name": "Protection", 
            "detail": false
        }
    }, 
    {
        "pk": 124, 
        "model": "enemygen.spellabstract", 
        "fields": {
            "default_detail": "(Substance)", 
            "type": "theism", 
            "name": "Rain of", 
            "detail": true
        }
    }, 
    {
        "pk": 125, 
        "model": "enemygen.spellabstract", 
        "fields": {
            "default_detail": null, 
            "type": "theism", 
            "name": "Raise Undead", 
            "detail": false
        }
    }, 
    {
        "pk": 126, 
        "model": "enemygen.spellabstract", 
        "fields": {
            "default_detail": null, 
            "type": "theism", 
            "name": "Reflection", 
            "detail": false
        }
    }, 
    {
        "pk": 127, 
        "model": "enemygen.spellabstract", 
        "fields": {
            "default_detail": null, 
            "type": "theism", 
            "name": "Rejuvenate", 
            "detail": false
        }
    }, 
    {
        "pk": 59, 
        "model": "enemygen.spellabstract", 
        "fields": {
            "default_detail": null, 
            "type": "folk", 
            "name": "Repair", 
            "detail": false
        }
    }, 
    {
        "pk": 60, 
        "model": "enemygen.spellabstract", 
        "fields": {
            "default_detail": null, 
            "type": "folk", 
            "name": "Repugnance", 
            "detail": false
        }
    }, 
    {
        "pk": 128, 
        "model": "enemygen.spellabstract", 
        "fields": {
            "default_detail": null, 
            "type": "theism", 
            "name": "Resurrect", 
            "detail": false
        }
    }, 
    {
        "pk": 129, 
        "model": "enemygen.spellabstract", 
        "fields": {
            "default_detail": null, 
            "type": "theism", 
            "name": "Ripen", 
            "detail": false
        }
    }, 
    {
        "pk": 130, 
        "model": "enemygen.spellabstract", 
        "fields": {
            "default_detail": null, 
            "type": "theism", 
            "name": "Sacred Band", 
            "detail": false
        }
    }, 
    {
        "pk": 131, 
        "model": "enemygen.spellabstract", 
        "fields": {
            "default_detail": null, 
            "type": "theism", 
            "name": "Sever Spirit", 
            "detail": false
        }
    }, 
    {
        "pk": 132, 
        "model": "enemygen.spellabstract", 
        "fields": {
            "default_detail": null, 
            "type": "theism", 
            "name": "Shield", 
            "detail": false
        }
    }, 
    {
        "pk": 61, 
        "model": "enemygen.spellabstract", 
        "fields": {
            "default_detail": null, 
            "type": "folk", 
            "name": "Shock", 
            "detail": false
        }
    }, 
    {
        "pk": 62, 
        "model": "enemygen.spellabstract", 
        "fields": {
            "default_detail": null, 
            "type": "folk", 
            "name": "Shove", 
            "detail": false
        }
    }, 
    {
        "pk": 63, 
        "model": "enemygen.spellabstract", 
        "fields": {
            "default_detail": null, 
            "type": "folk", 
            "name": "Sleep", 
            "detail": false
        }
    }, 
    {
        "pk": 64, 
        "model": "enemygen.spellabstract", 
        "fields": {
            "default_detail": null, 
            "type": "folk", 
            "name": "Slow", 
            "detail": false
        }
    }, 
    {
        "pk": 133, 
        "model": "enemygen.spellabstract", 
        "fields": {
            "default_detail": null, 
            "type": "theism", 
            "name": "Soul Sight", 
            "detail": false
        }
    }, 
    {
        "pk": 65, 
        "model": "enemygen.spellabstract", 
        "fields": {
            "default_detail": null, 
            "type": "folk", 
            "name": "Speedart", 
            "detail": false
        }
    }, 
    {
        "pk": 134, 
        "model": "enemygen.spellabstract", 
        "fields": {
            "default_detail": null, 
            "type": "theism", 
            "name": "Spirit Block", 
            "detail": false
        }
    }, 
    {
        "pk": 66, 
        "model": "enemygen.spellabstract", 
        "fields": {
            "default_detail": null, 
            "type": "folk", 
            "name": "Spiritshield", 
            "detail": false
        }
    }, 
    {
        "pk": 135, 
        "model": "enemygen.spellabstract", 
        "fields": {
            "default_detail": null, 
            "type": "theism", 
            "name": "Steadfast", 
            "detail": false
        }
    }, 
    {
        "pk": 136, 
        "model": "enemygen.spellabstract", 
        "fields": {
            "default_detail": null, 
            "type": "theism", 
            "name": "Sunspear", 
            "detail": false
        }
    }, 
    {
        "pk": 137, 
        "model": "enemygen.spellabstract", 
        "fields": {
            "default_detail": null, 
            "type": "theism", 
            "name": "Sureshot", 
            "detail": false
        }
    }, 
    {
        "pk": 138, 
        "model": "enemygen.spellabstract", 
        "fields": {
            "default_detail": null, 
            "type": "theism", 
            "name": "Thunderclap", 
            "detail": false
        }
    }, 
    {
        "pk": 67, 
        "model": "enemygen.spellabstract", 
        "fields": {
            "default_detail": null, 
            "type": "folk", 
            "name": "Tidy", 
            "detail": false
        }
    }, 
    {
        "pk": 68, 
        "model": "enemygen.spellabstract", 
        "fields": {
            "default_detail": null, 
            "type": "folk", 
            "name": "Tire", 
            "detail": false
        }
    }, 
    {
        "pk": 69, 
        "model": "enemygen.spellabstract", 
        "fields": {
            "default_detail": null, 
            "type": "folk", 
            "name": "Translate", 
            "detail": false
        }
    }, 
    {
        "pk": 139, 
        "model": "enemygen.spellabstract", 
        "fields": {
            "default_detail": "(Weapon)", 
            "type": "theism", 
            "name": "True", 
            "detail": true
        }
    }, 
    {
        "pk": 70, 
        "model": "enemygen.spellabstract", 
        "fields": {
            "default_detail": null, 
            "type": "folk", 
            "name": "Tune", 
            "detail": false
        }
    }, 
    {
        "pk": 71, 
        "model": "enemygen.spellabstract", 
        "fields": {
            "default_detail": null, 
            "type": "folk", 
            "name": "Ventriloquism", 
            "detail": false
        }
    }, 
    {
        "pk": 72, 
        "model": "enemygen.spellabstract", 
        "fields": {
            "default_detail": null, 
            "type": "folk", 
            "name": "Vigour", 
            "detail": false
        }
    }, 
    {
        "pk": 73, 
        "model": "enemygen.spellabstract", 
        "fields": {
            "default_detail": null, 
            "type": "folk", 
            "name": "Voice", 
            "detail": false
        }
    }, 
    {
        "pk": 74, 
        "model": "enemygen.spellabstract", 
        "fields": {
            "default_detail": null, 
            "type": "folk", 
            "name": "Warmth", 
            "detail": false
        }
    }, 
    {
        "pk": 75, 
        "model": "enemygen.spellabstract", 
        "fields": {
            "default_detail": null, 
            "type": "folk", 
            "name": "Witchsight", 
            "detail": false
        }
    }, 
    {
        "pk": 1272, 
        "model": "enemygen.enemyspell", 
        "fields": {
            "enemy_template": 38, 
            "spell": 76, 
            "detail": null, 
            "probability": 0
        }
    }, 
    {
        "pk": 1407, 
        "model": "enemygen.enemyspell", 
        "fields": {
            "enemy_template": 39, 
            "spell": 76, 
            "detail": null, 
            "probability": 0
        }
    }, 
    {
        "pk": 1137, 
        "model": "enemygen.enemyspell", 
        "fields": {
            "enemy_template": 37, 
            "spell": 76, 
            "detail": null, 
            "probability": 0
        }
    }, 
    {
        "pk": 1541, 
        "model": "enemygen.enemyspell", 
        "fields": {
            "enemy_template": 40, 
            "spell": 76, 
            "detail": null, 
            "probability": 0
        }
    }, 
    {
        "pk": 1273, 
        "model": "enemygen.enemyspell", 
        "fields": {
            "enemy_template": 38, 
            "spell": 77, 
            "detail": null, 
            "probability": 0
        }
    }, 
    {
        "pk": 1408, 
        "model": "enemygen.enemyspell", 
        "fields": {
            "enemy_template": 39, 
            "spell": 77, 
            "detail": null, 
            "probability": 0
        }
    }, 
    {
        "pk": 1138, 
        "model": "enemygen.enemyspell", 
        "fields": {
            "enemy_template": 37, 
            "spell": 77, 
            "detail": null, 
            "probability": 0
        }
    }, 
    {
        "pk": 1542, 
        "model": "enemygen.enemyspell", 
        "fields": {
            "enemy_template": 40, 
            "spell": 77, 
            "detail": null, 
            "probability": 0
        }
    }, 
    {
        "pk": 1274, 
        "model": "enemygen.enemyspell", 
        "fields": {
            "enemy_template": 38, 
            "spell": 4, 
            "detail": null, 
            "probability": 0
        }
    }, 
    {
        "pk": 1409, 
        "model": "enemygen.enemyspell", 
        "fields": {
            "enemy_template": 39, 
            "spell": 4, 
            "detail": null, 
            "probability": 0
        }
    }, 
    {
        "pk": 1139, 
        "model": "enemygen.enemyspell", 
        "fields": {
            "enemy_template": 37, 
            "spell": 4, 
            "detail": null, 
            "probability": 0
        }
    }, 
    {
        "pk": 1543, 
        "model": "enemygen.enemyspell", 
        "fields": {
            "enemy_template": 40, 
            "spell": 4, 
            "detail": null, 
            "probability": 0
        }
    }, 
    {
        "pk": 1410, 
        "model": "enemygen.enemyspell", 
        "fields": {
            "enemy_template": 39, 
            "spell": 8, 
            "detail": null, 
            "probability": 0
        }
    }, 
    {
        "pk": 1275, 
        "model": "enemygen.enemyspell", 
        "fields": {
            "enemy_template": 38, 
            "spell": 8, 
            "detail": null, 
            "probability": 0
        }
    }, 
    {
        "pk": 1140, 
        "model": "enemygen.enemyspell", 
        "fields": {
            "enemy_template": 37, 
            "spell": 8, 
            "detail": null, 
            "probability": 0
        }
    }, 
    {
        "pk": 1544, 
        "model": "enemygen.enemyspell", 
        "fields": {
            "enemy_template": 40, 
            "spell": 8, 
            "detail": null, 
            "probability": 0
        }
    }, 
    {
        "pk": 1411, 
        "model": "enemygen.enemyspell", 
        "fields": {
            "enemy_template": 39, 
            "spell": 9, 
            "detail": null, 
            "probability": 0
        }
    }, 
    {
        "pk": 1276, 
        "model": "enemygen.enemyspell", 
        "fields": {
            "enemy_template": 38, 
            "spell": 9, 
            "detail": null, 
            "probability": 0
        }
    }, 
    {
        "pk": 1141, 
        "model": "enemygen.enemyspell", 
        "fields": {
            "enemy_template": 37, 
            "spell": 9, 
            "detail": null, 
            "probability": 0
        }
    }, 
    {
        "pk": 1545, 
        "model": "enemygen.enemyspell", 
        "fields": {
            "enemy_template": 40, 
            "spell": 9, 
            "detail": null, 
            "probability": 0
        }
    }, 
    {
        "pk": 1277, 
        "model": "enemygen.enemyspell", 
        "fields": {
            "enemy_template": 38, 
            "spell": 78, 
            "detail": null, 
            "probability": 0
        }
    }, 
    {
        "pk": 1142, 
        "model": "enemygen.enemyspell", 
        "fields": {
            "enemy_template": 37, 
            "spell": 78, 
            "detail": null, 
            "probability": 0
        }
    }, 
    {
        "pk": 1412, 
        "model": "enemygen.enemyspell", 
        "fields": {
            "enemy_template": 39, 
            "spell": 78, 
            "detail": null, 
            "probability": 0
        }
    }, 
    {
        "pk": 1546, 
        "model": "enemygen.enemyspell", 
        "fields": {
            "enemy_template": 40, 
            "spell": 78, 
            "detail": null, 
            "probability": 0
        }
    }, 
    {
        "pk": 1278, 
        "model": "enemygen.enemyspell", 
        "fields": {
            "enemy_template": 38, 
            "spell": 10, 
            "detail": null, 
            "probability": 0
        }
    }, 
    {
        "pk": 1143, 
        "model": "enemygen.enemyspell", 
        "fields": {
            "enemy_template": 37, 
            "spell": 10, 
            "detail": null, 
            "probability": 0
        }
    }, 
    {
        "pk": 1413, 
        "model": "enemygen.enemyspell", 
        "fields": {
            "enemy_template": 39, 
            "spell": 10, 
            "detail": null, 
            "probability": 0
        }
    }, 
    {
        "pk": 1547, 
        "model": "enemygen.enemyspell", 
        "fields": {
            "enemy_template": 40, 
            "spell": 10, 
            "detail": null, 
            "probability": 0
        }
    }, 
    {
        "pk": 1279, 
        "model": "enemygen.enemyspell", 
        "fields": {
            "enemy_template": 38, 
            "spell": 79, 
            "detail": null, 
            "probability": 0
        }
    }, 
    {
        "pk": 1144, 
        "model": "enemygen.enemyspell", 
        "fields": {
            "enemy_template": 37, 
            "spell": 79, 
            "detail": null, 
            "probability": 0
        }
    }, 
    {
        "pk": 1414, 
        "model": "enemygen.enemyspell", 
        "fields": {
            "enemy_template": 39, 
            "spell": 79, 
            "detail": null, 
            "probability": 0
        }
    }, 
    {
        "pk": 1548, 
        "model": "enemygen.enemyspell", 
        "fields": {
            "enemy_template": 40, 
            "spell": 79, 
            "detail": null, 
            "probability": 0
        }
    }, 
    {
        "pk": 1280, 
        "model": "enemygen.enemyspell", 
        "fields": {
            "enemy_template": 38, 
            "spell": 80, 
            "detail": null, 
            "probability": 0
        }
    }, 
    {
        "pk": 1145, 
        "model": "enemygen.enemyspell", 
        "fields": {
            "enemy_template": 37, 
            "spell": 80, 
            "detail": null, 
            "probability": 0
        }
    }, 
    {
        "pk": 1415, 
        "model": "enemygen.enemyspell", 
        "fields": {
            "enemy_template": 39, 
            "spell": 80, 
            "detail": null, 
            "probability": 0
        }
    }, 
    {
        "pk": 1549, 
        "model": "enemygen.enemyspell", 
        "fields": {
            "enemy_template": 40, 
            "spell": 80, 
            "detail": null, 
            "probability": 0
        }
    }, 
    {
        "pk": 1281, 
        "model": "enemygen.enemyspell", 
        "fields": {
            "enemy_template": 38, 
            "spell": 11, 
            "detail": null, 
            "probability": 0
        }
    }, 
    {
        "pk": 1146, 
        "model": "enemygen.enemyspell", 
        "fields": {
            "enemy_template": 37, 
            "spell": 11, 
            "detail": null, 
            "probability": 0
        }
    }, 
    {
        "pk": 1416, 
        "model": "enemygen.enemyspell", 
        "fields": {
            "enemy_template": 39, 
            "spell": 11, 
            "detail": null, 
            "probability": 0
        }
    }, 
    {
        "pk": 1550, 
        "model": "enemygen.enemyspell", 
        "fields": {
            "enemy_template": 40, 
            "spell": 11, 
            "detail": null, 
            "probability": 0
        }
    }, 
    {
        "pk": 1282, 
        "model": "enemygen.enemyspell", 
        "fields": {
            "enemy_template": 38, 
            "spell": 12, 
            "detail": null, 
            "probability": 0
        }
    }, 
    {
        "pk": 1147, 
        "model": "enemygen.enemyspell", 
        "fields": {
            "enemy_template": 37, 
            "spell": 12, 
            "detail": null, 
            "probability": 0
        }
    }, 
    {
        "pk": 1417, 
        "model": "enemygen.enemyspell", 
        "fields": {
            "enemy_template": 39, 
            "spell": 12, 
            "detail": null, 
            "probability": 0
        }
    }, 
    {
        "pk": 1551, 
        "model": "enemygen.enemyspell", 
        "fields": {
            "enemy_template": 40, 
            "spell": 12, 
            "detail": null, 
            "probability": 0
        }
    }, 
    {
        "pk": 1283, 
        "model": "enemygen.enemyspell", 
        "fields": {
            "enemy_template": 38, 
            "spell": 81, 
            "detail": null, 
            "probability": 0
        }
    }, 
    {
        "pk": 1148, 
        "model": "enemygen.enemyspell", 
        "fields": {
            "enemy_template": 37, 
            "spell": 81, 
            "detail": null, 
            "probability": 0
        }
    }, 
    {
        "pk": 1418, 
        "model": "enemygen.enemyspell", 
        "fields": {
            "enemy_template": 39, 
            "spell": 81, 
            "detail": null, 
            "probability": 0
        }
    }, 
    {
        "pk": 1552, 
        "model": "enemygen.enemyspell", 
        "fields": {
            "enemy_template": 40, 
            "spell": 81, 
            "detail": null, 
            "probability": 0
        }
    }, 
    {
        "pk": 1284, 
        "model": "enemygen.enemyspell", 
        "fields": {
            "enemy_template": 38, 
            "spell": 82, 
            "detail": null, 
            "probability": 0
        }
    }, 
    {
        "pk": 1149, 
        "model": "enemygen.enemyspell", 
        "fields": {
            "enemy_template": 37, 
            "spell": 82, 
            "detail": null, 
            "probability": 0
        }
    }, 
    {
        "pk": 1419, 
        "model": "enemygen.enemyspell", 
        "fields": {
            "enemy_template": 39, 
            "spell": 82, 
            "detail": null, 
            "probability": 0
        }
    }, 
    {
        "pk": 1553, 
        "model": "enemygen.enemyspell", 
        "fields": {
            "enemy_template": 40, 
            "spell": 82, 
            "detail": null, 
            "probability": 0
        }
    }, 
    {
        "pk": 1285, 
        "model": "enemygen.enemyspell", 
        "fields": {
            "enemy_template": 38, 
            "spell": 83, 
            "detail": null, 
            "probability": 0
        }
    }, 
    {
        "pk": 1150, 
        "model": "enemygen.enemyspell", 
        "fields": {
            "enemy_template": 37, 
            "spell": 83, 
            "detail": null, 
            "probability": 0
        }
    }, 
    {
        "pk": 1420, 
        "model": "enemygen.enemyspell", 
        "fields": {
            "enemy_template": 39, 
            "spell": 83, 
            "detail": null, 
            "probability": 0
        }
    }, 
    {
        "pk": 1554, 
        "model": "enemygen.enemyspell", 
        "fields": {
            "enemy_template": 40, 
            "spell": 83, 
            "detail": null, 
            "probability": 0
        }
    }, 
    {
        "pk": 1286, 
        "model": "enemygen.enemyspell", 
        "fields": {
            "enemy_template": 38, 
            "spell": 2, 
            "detail": null, 
            "probability": 0
        }
    }, 
    {
        "pk": 1151, 
        "model": "enemygen.enemyspell", 
        "fields": {
            "enemy_template": 37, 
            "spell": 2, 
            "detail": null, 
            "probability": 1
        }
    }, 
    {
        "pk": 1421, 
        "model": "enemygen.enemyspell", 
        "fields": {
            "enemy_template": 39, 
            "spell": 2, 
            "detail": null, 
            "probability": 1
        }
    }, 
    {
        "pk": 1555, 
        "model": "enemygen.enemyspell", 
        "fields": {
            "enemy_template": 40, 
            "spell": 2, 
            "detail": null, 
            "probability": 0
        }
    }, 
    {
        "pk": 1287, 
        "model": "enemygen.enemyspell", 
        "fields": {
            "enemy_template": 38, 
            "spell": 84, 
            "detail": null, 
            "probability": 0
        }
    }, 
    {
        "pk": 1152, 
        "model": "enemygen.enemyspell", 
        "fields": {
            "enemy_template": 37, 
            "spell": 84, 
            "detail": null, 
            "probability": 0
        }
    }, 
    {
        "pk": 1422, 
        "model": "enemygen.enemyspell", 
        "fields": {
            "enemy_template": 39, 
            "spell": 84, 
            "detail": null, 
            "probability": 0
        }
    }, 
    {
        "pk": 1556, 
        "model": "enemygen.enemyspell", 
        "fields": {
            "enemy_template": 40, 
            "spell": 84, 
            "detail": null, 
            "probability": 0
        }
    }, 
    {
        "pk": 1288, 
        "model": "enemygen.enemyspell", 
        "fields": {
            "enemy_template": 38, 
            "spell": 13, 
            "detail": null, 
            "probability": 0
        }
    }, 
    {
        "pk": 1153, 
        "model": "enemygen.enemyspell", 
        "fields": {
            "enemy_template": 37, 
            "spell": 13, 
            "detail": null, 
            "probability": 1
        }
    }, 
    {
        "pk": 1423, 
        "model": "enemygen.enemyspell", 
        "fields": {
            "enemy_template": 39, 
            "spell": 13, 
            "detail": null, 
            "probability": 0
        }
    }, 
    {
        "pk": 1557, 
        "model": "enemygen.enemyspell", 
        "fields": {
            "enemy_template": 40, 
            "spell": 13, 
            "detail": null, 
            "probability": 0
        }
    }, 
    {
        "pk": 1289, 
        "model": "enemygen.enemyspell", 
        "fields": {
            "enemy_template": 38, 
            "spell": 14, 
            "detail": null, 
            "probability": 0
        }
    }, 
    {
        "pk": 1154, 
        "model": "enemygen.enemyspell", 
        "fields": {
            "enemy_template": 37, 
            "spell": 14, 
            "detail": null, 
            "probability": 0
        }
    }, 
    {
        "pk": 1424, 
        "model": "enemygen.enemyspell", 
        "fields": {
            "enemy_template": 39, 
            "spell": 14, 
            "detail": null, 
            "probability": 0
        }
    }, 
    {
        "pk": 1558, 
        "model": "enemygen.enemyspell", 
        "fields": {
            "enemy_template": 40, 
            "spell": 14, 
            "detail": null, 
            "probability": 0
        }
    }, 
    {
        "pk": 1290, 
        "model": "enemygen.enemyspell", 
        "fields": {
            "enemy_template": 38, 
            "spell": 85, 
            "detail": null, 
            "probability": 0
        }
    }, 
    {
        "pk": 1155, 
        "model": "enemygen.enemyspell", 
        "fields": {
            "enemy_template": 37, 
            "spell": 85, 
            "detail": null, 
            "probability": 0
        }
    }, 
    {
        "pk": 1425, 
        "model": "enemygen.enemyspell", 
        "fields": {
            "enemy_template": 39, 
            "spell": 85, 
            "detail": null, 
            "probability": 0
        }
    }, 
    {
        "pk": 1559, 
        "model": "enemygen.enemyspell", 
        "fields": {
            "enemy_template": 40, 
            "spell": 85, 
            "detail": null, 
            "probability": 0
        }
    }, 
    {
        "pk": 1291, 
        "model": "enemygen.enemyspell", 
        "fields": {
            "enemy_template": 38, 
            "spell": 15, 
            "detail": null, 
            "probability": 0
        }
    }, 
    {
        "pk": 1156, 
        "model": "enemygen.enemyspell", 
        "fields": {
            "enemy_template": 37, 
            "spell": 15, 
            "detail": null, 
            "probability": 0
        }
    }, 
    {
        "pk": 1426, 
        "model": "enemygen.enemyspell", 
        "fields": {
            "enemy_template": 39, 
            "spell": 15, 
            "detail": null, 
            "probability": 0
        }
    }, 
    {
        "pk": 1560, 
        "model": "enemygen.enemyspell", 
        "fields": {
            "enemy_template": 40, 
            "spell": 15, 
            "detail": null, 
            "probability": 0
        }
    }, 
    {
        "pk": 1292, 
        "model": "enemygen.enemyspell", 
        "fields": {
            "enemy_template": 38, 
            "spell": 16, 
            "detail": null, 
            "probability": 0
        }
    }, 
    {
        "pk": 1157, 
        "model": "enemygen.enemyspell", 
        "fields": {
            "enemy_template": 37, 
            "spell": 16, 
            "detail": null, 
            "probability": 0
        }
    }, 
    {
        "pk": 1427, 
        "model": "enemygen.enemyspell", 
        "fields": {
            "enemy_template": 39, 
            "spell": 16, 
            "detail": null, 
            "probability": 0
        }
    }, 
    {
        "pk": 1561, 
        "model": "enemygen.enemyspell", 
        "fields": {
            "enemy_template": 40, 
            "spell": 16, 
            "detail": null, 
            "probability": 0
        }
    }, 
    {
        "pk": 1293, 
        "model": "enemygen.enemyspell", 
        "fields": {
            "enemy_template": 38, 
            "spell": 86, 
            "detail": null, 
            "probability": 0
        }
    }, 
    {
        "pk": 1158, 
        "model": "enemygen.enemyspell", 
        "fields": {
            "enemy_template": 37, 
            "spell": 86, 
            "detail": null, 
            "probability": 0
        }
    }, 
    {
        "pk": 1428, 
        "model": "enemygen.enemyspell", 
        "fields": {
            "enemy_template": 39, 
            "spell": 86, 
            "detail": null, 
            "probability": 0
        }
    }, 
    {
        "pk": 1562, 
        "model": "enemygen.enemyspell", 
        "fields": {
            "enemy_template": 40, 
            "spell": 86, 
            "detail": null, 
            "probability": 0
        }
    }, 
    {
        "pk": 1294, 
        "model": "enemygen.enemyspell", 
        "fields": {
            "enemy_template": 38, 
            "spell": 17, 
            "detail": null, 
            "probability": 0
        }
    }, 
    {
        "pk": 1159, 
        "model": "enemygen.enemyspell", 
        "fields": {
            "enemy_template": 37, 
            "spell": 17, 
            "detail": null, 
            "probability": 0
        }
    }, 
    {
        "pk": 1429, 
        "model": "enemygen.enemyspell", 
        "fields": {
            "enemy_template": 39, 
            "spell": 17, 
            "detail": null, 
            "probability": 0
        }
    }, 
    {
        "pk": 1563, 
        "model": "enemygen.enemyspell", 
        "fields": {
            "enemy_template": 40, 
            "spell": 17, 
            "detail": null, 
            "probability": 0
        }
    }, 
    {
        "pk": 1295, 
        "model": "enemygen.enemyspell", 
        "fields": {
            "enemy_template": 38, 
            "spell": 87, 
            "detail": null, 
            "probability": 0
        }
    }, 
    {
        "pk": 1160, 
        "model": "enemygen.enemyspell", 
        "fields": {
            "enemy_template": 37, 
            "spell": 87, 
            "detail": null, 
            "probability": 0
        }
    }, 
    {
        "pk": 1430, 
        "model": "enemygen.enemyspell", 
        "fields": {
            "enemy_template": 39, 
            "spell": 87, 
            "detail": null, 
            "probability": 0
        }
    }, 
    {
        "pk": 1564, 
        "model": "enemygen.enemyspell", 
        "fields": {
            "enemy_template": 40, 
            "spell": 87, 
            "detail": null, 
            "probability": 0
        }
    }, 
    {
        "pk": 1296, 
        "model": "enemygen.enemyspell", 
        "fields": {
            "enemy_template": 38, 
            "spell": 19, 
            "detail": null, 
            "probability": 0
        }
    }, 
    {
        "pk": 1161, 
        "model": "enemygen.enemyspell", 
        "fields": {
            "enemy_template": 37, 
            "spell": 19, 
            "detail": null, 
            "probability": 0
        }
    }, 
    {
        "pk": 1431, 
        "model": "enemygen.enemyspell", 
        "fields": {
            "enemy_template": 39, 
            "spell": 19, 
            "detail": null, 
            "probability": 0
        }
    }, 
    {
        "pk": 1565, 
        "model": "enemygen.enemyspell", 
        "fields": {
            "enemy_template": 40, 
            "spell": 19, 
            "detail": null, 
            "probability": 0
        }
    }, 
    {
        "pk": 1297, 
        "model": "enemygen.enemyspell", 
        "fields": {
            "enemy_template": 38, 
            "spell": 18, 
            "detail": null, 
            "probability": 0
        }
    }, 
    {
        "pk": 1162, 
        "model": "enemygen.enemyspell", 
        "fields": {
            "enemy_template": 37, 
            "spell": 18, 
            "detail": null, 
            "probability": 0
        }
    }, 
    {
        "pk": 1432, 
        "model": "enemygen.enemyspell", 
        "fields": {
            "enemy_template": 39, 
            "spell": 18, 
            "detail": null, 
            "probability": 0
        }
    }, 
    {
        "pk": 1566, 
        "model": "enemygen.enemyspell", 
        "fields": {
            "enemy_template": 40, 
            "spell": 18, 
            "detail": null, 
            "probability": 0
        }
    }, 
    {
        "pk": 1298, 
        "model": "enemygen.enemyspell", 
        "fields": {
            "enemy_template": 38, 
            "spell": 88, 
            "detail": null, 
            "probability": 0
        }
    }, 
    {
        "pk": 1163, 
        "model": "enemygen.enemyspell", 
        "fields": {
            "enemy_template": 37, 
            "spell": 88, 
            "detail": null, 
            "probability": 0
        }
    }, 
    {
        "pk": 1433, 
        "model": "enemygen.enemyspell", 
        "fields": {
            "enemy_template": 39, 
            "spell": 88, 
            "detail": null, 
            "probability": 0
        }
    }, 
    {
        "pk": 1567, 
        "model": "enemygen.enemyspell", 
        "fields": {
            "enemy_template": 40, 
            "spell": 88, 
            "detail": null, 
            "probability": 0
        }
    }, 
    {
        "pk": 1299, 
        "model": "enemygen.enemyspell", 
        "fields": {
            "enemy_template": 38, 
            "spell": 89, 
            "detail": null, 
            "probability": 0
        }
    }, 
    {
        "pk": 1164, 
        "model": "enemygen.enemyspell", 
        "fields": {
            "enemy_template": 37, 
            "spell": 89, 
            "detail": null, 
            "probability": 1
        }
    }, 
    {
        "pk": 1434, 
        "model": "enemygen.enemyspell", 
        "fields": {
            "enemy_template": 39, 
            "spell": 89, 
            "detail": null, 
            "probability": 0
        }
    }, 
    {
        "pk": 1568, 
        "model": "enemygen.enemyspell", 
        "fields": {
            "enemy_template": 40, 
            "spell": 89, 
            "detail": null, 
            "probability": 0
        }
    }, 
    {
        "pk": 1300, 
        "model": "enemygen.enemyspell", 
        "fields": {
            "enemy_template": 38, 
            "spell": 90, 
            "detail": null, 
            "probability": 0
        }
    }, 
    {
        "pk": 1165, 
        "model": "enemygen.enemyspell", 
        "fields": {
            "enemy_template": 37, 
            "spell": 90, 
            "detail": null, 
            "probability": 0
        }
    }, 
    {
        "pk": 1435, 
        "model": "enemygen.enemyspell", 
        "fields": {
            "enemy_template": 39, 
            "spell": 90, 
            "detail": null, 
            "probability": 0
        }
    }, 
    {
        "pk": 1569, 
        "model": "enemygen.enemyspell", 
        "fields": {
            "enemy_template": 40, 
            "spell": 90, 
            "detail": null, 
            "probability": 0
        }
    }, 
    {
        "pk": 1301, 
        "model": "enemygen.enemyspell", 
        "fields": {
            "enemy_template": 38, 
            "spell": 20, 
            "detail": null, 
            "probability": 0
        }
    }, 
    {
        "pk": 1166, 
        "model": "enemygen.enemyspell", 
        "fields": {
            "enemy_template": 37, 
            "spell": 20, 
            "detail": null, 
            "probability": 0
        }
    }, 
    {
        "pk": 1436, 
        "model": "enemygen.enemyspell", 
        "fields": {
            "enemy_template": 39, 
            "spell": 20, 
            "detail": null, 
            "probability": 0
        }
    }, 
    {
        "pk": 1570, 
        "model": "enemygen.enemyspell", 
        "fields": {
            "enemy_template": 40, 
            "spell": 20, 
            "detail": null, 
            "probability": 0
        }
    }, 
    {
        "pk": 1302, 
        "model": "enemygen.enemyspell", 
        "fields": {
            "enemy_template": 38, 
            "spell": 21, 
            "detail": null, 
            "probability": 1
        }
    }, 
    {
        "pk": 1167, 
        "model": "enemygen.enemyspell", 
        "fields": {
            "enemy_template": 37, 
            "spell": 21, 
            "detail": null, 
            "probability": 0
        }
    }, 
    {
        "pk": 1437, 
        "model": "enemygen.enemyspell", 
        "fields": {
            "enemy_template": 39, 
            "spell": 21, 
            "detail": null, 
            "probability": 0
        }
    }, 
    {
        "pk": 1571, 
        "model": "enemygen.enemyspell", 
        "fields": {
            "enemy_template": 40, 
            "spell": 21, 
            "detail": null, 
            "probability": 0
        }
    }, 
    {
        "pk": 1303, 
        "model": "enemygen.enemyspell", 
        "fields": {
            "enemy_template": 38, 
            "spell": 91, 
            "detail": null, 
            "probability": 0
        }
    }, 
    {
        "pk": 1168, 
        "model": "enemygen.enemyspell", 
        "fields": {
            "enemy_template": 37, 
            "spell": 91, 
            "detail": null, 
            "probability": 0
        }
    }, 
    {
        "pk": 1438, 
        "model": "enemygen.enemyspell", 
        "fields": {
            "enemy_template": 39, 
            "spell": 91, 
            "detail": null, 
            "probability": 0
        }
    }, 
    {
        "pk": 1572, 
        "model": "enemygen.enemyspell", 
        "fields": {
            "enemy_template": 40, 
            "spell": 91, 
            "detail": null, 
            "probability": 0
        }
    }, 
    {
        "pk": 1304, 
        "model": "enemygen.enemyspell", 
        "fields": {
            "enemy_template": 38, 
            "spell": 92, 
            "detail": null, 
            "probability": 0
        }
    }, 
    {
        "pk": 1169, 
        "model": "enemygen.enemyspell", 
        "fields": {
            "enemy_template": 37, 
            "spell": 92, 
            "detail": null, 
            "probability": 0
        }
    }, 
    {
        "pk": 1439, 
        "model": "enemygen.enemyspell", 
        "fields": {
            "enemy_template": 39, 
            "spell": 92, 
            "detail": null, 
            "probability": 0
        }
    }, 
    {
        "pk": 1573, 
        "model": "enemygen.enemyspell", 
        "fields": {
            "enemy_template": 40, 
            "spell": 92, 
            "detail": null, 
            "probability": 0
        }
    }, 
    {
        "pk": 1305, 
        "model": "enemygen.enemyspell", 
        "fields": {
            "enemy_template": 38, 
            "spell": 93, 
            "detail": null, 
            "probability": 0
        }
    }, 
    {
        "pk": 1170, 
        "model": "enemygen.enemyspell", 
        "fields": {
            "enemy_template": 37, 
            "spell": 93, 
            "detail": null, 
            "probability": 0
        }
    }, 
    {
        "pk": 1440, 
        "model": "enemygen.enemyspell", 
        "fields": {
            "enemy_template": 39, 
            "spell": 93, 
            "detail": null, 
            "probability": 0
        }
    }, 
    {
        "pk": 1574, 
        "model": "enemygen.enemyspell", 
        "fields": {
            "enemy_template": 40, 
            "spell": 93, 
            "detail": null, 
            "probability": 0
        }
    }, 
    {
        "pk": 1306, 
        "model": "enemygen.enemyspell", 
        "fields": {
            "enemy_template": 38, 
            "spell": 22, 
            "detail": null, 
            "probability": 0
        }
    }, 
    {
        "pk": 1171, 
        "model": "enemygen.enemyspell", 
        "fields": {
            "enemy_template": 37, 
            "spell": 22, 
            "detail": null, 
            "probability": 0
        }
    }, 
    {
        "pk": 1441, 
        "model": "enemygen.enemyspell", 
        "fields": {
            "enemy_template": 39, 
            "spell": 22, 
            "detail": null, 
            "probability": 0
        }
    }, 
    {
        "pk": 1575, 
        "model": "enemygen.enemyspell", 
        "fields": {
            "enemy_template": 40, 
            "spell": 22, 
            "detail": null, 
            "probability": 0
        }
    }, 
    {
        "pk": 1307, 
        "model": "enemygen.enemyspell", 
        "fields": {
            "enemy_template": 38, 
            "spell": 23, 
            "detail": null, 
            "probability": 1
        }
    }, 
    {
        "pk": 1172, 
        "model": "enemygen.enemyspell", 
        "fields": {
            "enemy_template": 37, 
            "spell": 23, 
            "detail": null, 
            "probability": 0
        }
    }, 
    {
        "pk": 1442, 
        "model": "enemygen.enemyspell", 
        "fields": {
            "enemy_template": 39, 
            "spell": 23, 
            "detail": null, 
            "probability": 0
        }
    }, 
    {
        "pk": 1576, 
        "model": "enemygen.enemyspell", 
        "fields": {
            "enemy_template": 40, 
            "spell": 23, 
            "detail": null, 
            "probability": 0
        }
    }, 
    {
        "pk": 1308, 
        "model": "enemygen.enemyspell", 
        "fields": {
            "enemy_template": 38, 
            "spell": 25, 
            "detail": null, 
            "probability": 0
        }
    }, 
    {
        "pk": 1173, 
        "model": "enemygen.enemyspell", 
        "fields": {
            "enemy_template": 37, 
            "spell": 25, 
            "detail": null, 
            "probability": 0
        }
    }, 
    {
        "pk": 1443, 
        "model": "enemygen.enemyspell", 
        "fields": {
            "enemy_template": 39, 
            "spell": 25, 
            "detail": null, 
            "probability": 0
        }
    }, 
    {
        "pk": 1577, 
        "model": "enemygen.enemyspell", 
        "fields": {
            "enemy_template": 40, 
            "spell": 25, 
            "detail": null, 
            "probability": 0
        }
    }, 
    {
        "pk": 1309, 
        "model": "enemygen.enemyspell", 
        "fields": {
            "enemy_template": 38, 
            "spell": 24, 
            "detail": null, 
            "probability": 0
        }
    }, 
    {
        "pk": 1174, 
        "model": "enemygen.enemyspell", 
        "fields": {
            "enemy_template": 37, 
            "spell": 24, 
            "detail": null, 
            "probability": 1
        }
    }, 
    {
        "pk": 1444, 
        "model": "enemygen.enemyspell", 
        "fields": {
            "enemy_template": 39, 
            "spell": 24, 
            "detail": null, 
            "probability": 0
        }
    }, 
    {
        "pk": 1578, 
        "model": "enemygen.enemyspell", 
        "fields": {
            "enemy_template": 40, 
            "spell": 24, 
            "detail": null, 
            "probability": 0
        }
    }, 
    {
        "pk": 1175, 
        "model": "enemygen.enemyspell", 
        "fields": {
            "enemy_template": 37, 
            "spell": 26, 
            "detail": null, 
            "probability": 0
        }
    }, 
    {
        "pk": 1310, 
        "model": "enemygen.enemyspell", 
        "fields": {
            "enemy_template": 38, 
            "spell": 26, 
            "detail": null, 
            "probability": 0
        }
    }, 
    {
        "pk": 1445, 
        "model": "enemygen.enemyspell", 
        "fields": {
            "enemy_template": 39, 
            "spell": 26, 
            "detail": null, 
            "probability": 0
        }
    }, 
    {
        "pk": 1579, 
        "model": "enemygen.enemyspell", 
        "fields": {
            "enemy_template": 40, 
            "spell": 26, 
            "detail": null, 
            "probability": 0
        }
    }, 
    {
        "pk": 1176, 
        "model": "enemygen.enemyspell", 
        "fields": {
            "enemy_template": 37, 
            "spell": 94, 
            "detail": null, 
            "probability": 0
        }
    }, 
    {
        "pk": 1311, 
        "model": "enemygen.enemyspell", 
        "fields": {
            "enemy_template": 38, 
            "spell": 94, 
            "detail": null, 
            "probability": 0
        }
    }, 
    {
        "pk": 1446, 
        "model": "enemygen.enemyspell", 
        "fields": {
            "enemy_template": 39, 
            "spell": 94, 
            "detail": null, 
            "probability": 0
        }
    }, 
    {
        "pk": 1580, 
        "model": "enemygen.enemyspell", 
        "fields": {
            "enemy_template": 40, 
            "spell": 94, 
            "detail": null, 
            "probability": 0
        }
    }, 
    {
        "pk": 1177, 
        "model": "enemygen.enemyspell", 
        "fields": {
            "enemy_template": 37, 
            "spell": 95, 
            "detail": null, 
            "probability": 0
        }
    }, 
    {
        "pk": 1312, 
        "model": "enemygen.enemyspell", 
        "fields": {
            "enemy_template": 38, 
            "spell": 95, 
            "detail": null, 
            "probability": 0
        }
    }, 
    {
        "pk": 1447, 
        "model": "enemygen.enemyspell", 
        "fields": {
            "enemy_template": 39, 
            "spell": 95, 
            "detail": null, 
            "probability": 0
        }
    }, 
    {
        "pk": 1581, 
        "model": "enemygen.enemyspell", 
        "fields": {
            "enemy_template": 40, 
            "spell": 95, 
            "detail": null, 
            "probability": 0
        }
    }, 
    {
        "pk": 1178, 
        "model": "enemygen.enemyspell", 
        "fields": {
            "enemy_template": 37, 
            "spell": 27, 
            "detail": null, 
            "probability": 0
        }
    }, 
    {
        "pk": 1313, 
        "model": "enemygen.enemyspell", 
        "fields": {
            "enemy_template": 38, 
            "spell": 27, 
            "detail": null, 
            "probability": 0
        }
    }, 
    {
        "pk": 1448, 
        "model": "enemygen.enemyspell", 
        "fields": {
            "enemy_template": 39, 
            "spell": 27, 
            "detail": null, 
            "probability": 0
        }
    }, 
    {
        "pk": 1582, 
        "model": "enemygen.enemyspell", 
        "fields": {
            "enemy_template": 40, 
            "spell": 27, 
            "detail": null, 
            "probability": 0
        }
    }, 
    {
        "pk": 1179, 
        "model": "enemygen.enemyspell", 
        "fields": {
            "enemy_template": 37, 
            "spell": 28, 
            "detail": null, 
            "probability": 0
        }
    }, 
    {
        "pk": 1314, 
        "model": "enemygen.enemyspell", 
        "fields": {
            "enemy_template": 38, 
            "spell": 28, 
            "detail": null, 
            "probability": 0
        }
    }, 
    {
        "pk": 1449, 
        "model": "enemygen.enemyspell", 
        "fields": {
            "enemy_template": 39, 
            "spell": 28, 
            "detail": null, 
            "probability": 0
        }
    }, 
    {
        "pk": 1583, 
        "model": "enemygen.enemyspell", 
        "fields": {
            "enemy_template": 40, 
            "spell": 28, 
            "detail": null, 
            "probability": 0
        }
    }, 
    {
        "pk": 1180, 
        "model": "enemygen.enemyspell", 
        "fields": {
            "enemy_template": 37, 
            "spell": 29, 
            "detail": null, 
            "probability": 1
        }
    }, 
    {
        "pk": 1315, 
        "model": "enemygen.enemyspell", 
        "fields": {
            "enemy_template": 38, 
            "spell": 29, 
            "detail": null, 
            "probability": 0
        }
    }, 
    {
        "pk": 1450, 
        "model": "enemygen.enemyspell", 
        "fields": {
            "enemy_template": 39, 
            "spell": 29, 
            "detail": null, 
            "probability": 0
        }
    }, 
    {
        "pk": 1584, 
        "model": "enemygen.enemyspell", 
        "fields": {
            "enemy_template": 40, 
            "spell": 29, 
            "detail": null, 
            "probability": 0
        }
    }, 
    {
        "pk": 1181, 
        "model": "enemygen.enemyspell", 
        "fields": {
            "enemy_template": 37, 
            "spell": 96, 
            "detail": null, 
            "probability": 0
        }
    }, 
    {
        "pk": 1316, 
        "model": "enemygen.enemyspell", 
        "fields": {
            "enemy_template": 38, 
            "spell": 96, 
            "detail": null, 
            "probability": 0
        }
    }, 
    {
        "pk": 1451, 
        "model": "enemygen.enemyspell", 
        "fields": {
            "enemy_template": 39, 
            "spell": 96, 
            "detail": null, 
            "probability": 0
        }
    }, 
    {
        "pk": 1585, 
        "model": "enemygen.enemyspell", 
        "fields": {
            "enemy_template": 40, 
            "spell": 96, 
            "detail": null, 
            "probability": 0
        }
    }, 
    {
        "pk": 1182, 
        "model": "enemygen.enemyspell", 
        "fields": {
            "enemy_template": 37, 
            "spell": 97, 
            "detail": null, 
            "probability": 0
        }
    }, 
    {
        "pk": 1317, 
        "model": "enemygen.enemyspell", 
        "fields": {
            "enemy_template": 38, 
            "spell": 97, 
            "detail": null, 
            "probability": 0
        }
    }, 
    {
        "pk": 1452, 
        "model": "enemygen.enemyspell", 
        "fields": {
            "enemy_template": 39, 
            "spell": 97, 
            "detail": null, 
            "probability": 0
        }
    }, 
    {
        "pk": 1586, 
        "model": "enemygen.enemyspell", 
        "fields": {
            "enemy_template": 40, 
            "spell": 97, 
            "detail": null, 
            "probability": 0
        }
    }, 
    {
        "pk": 1183, 
        "model": "enemygen.enemyspell", 
        "fields": {
            "enemy_template": 37, 
            "spell": 98, 
            "detail": null, 
            "probability": 0
        }
    }, 
    {
        "pk": 1318, 
        "model": "enemygen.enemyspell", 
        "fields": {
            "enemy_template": 38, 
            "spell": 98, 
            "detail": null, 
            "probability": 0
        }
    }, 
    {
        "pk": 1453, 
        "model": "enemygen.enemyspell", 
        "fields": {
            "enemy_template": 39, 
            "spell": 98, 
            "detail": null, 
            "probability": 0
        }
    }, 
    {
        "pk": 1587, 
        "model": "enemygen.enemyspell", 
        "fields": {
            "enemy_template": 40, 
            "spell": 98, 
            "detail": null, 
            "probability": 0
        }
    }, 
    {
        "pk": 1184, 
        "model": "enemygen.enemyspell", 
        "fields": {
            "enemy_template": 37, 
            "spell": 99, 
            "detail": null, 
            "probability": 0
        }
    }, 
    {
        "pk": 1319, 
        "model": "enemygen.enemyspell", 
        "fields": {
            "enemy_template": 38, 
            "spell": 99, 
            "detail": null, 
            "probability": 0
        }
    }, 
    {
        "pk": 1454, 
        "model": "enemygen.enemyspell", 
        "fields": {
            "enemy_template": 39, 
            "spell": 99, 
            "detail": null, 
            "probability": 0
        }
    }, 
    {
        "pk": 1588, 
        "model": "enemygen.enemyspell", 
        "fields": {
            "enemy_template": 40, 
            "spell": 99, 
            "detail": null, 
            "probability": 0
        }
    }, 
    {
        "pk": 1185, 
        "model": "enemygen.enemyspell", 
        "fields": {
            "enemy_template": 37, 
            "spell": 100, 
            "detail": null, 
            "probability": 0
        }
    }, 
    {
        "pk": 1320, 
        "model": "enemygen.enemyspell", 
        "fields": {
            "enemy_template": 38, 
            "spell": 100, 
            "detail": null, 
            "probability": 0
        }
    }, 
    {
        "pk": 1455, 
        "model": "enemygen.enemyspell", 
        "fields": {
            "enemy_template": 39, 
            "spell": 100, 
            "detail": null, 
            "probability": 0
        }
    }, 
    {
        "pk": 1589, 
        "model": "enemygen.enemyspell", 
        "fields": {
            "enemy_template": 40, 
            "spell": 100, 
            "detail": null, 
            "probability": 0
        }
    }, 
    {
        "pk": 1186, 
        "model": "enemygen.enemyspell", 
        "fields": {
            "enemy_template": 37, 
            "spell": 101, 
            "detail": null, 
            "probability": 0
        }
    }, 
    {
        "pk": 1321, 
        "model": "enemygen.enemyspell", 
        "fields": {
            "enemy_template": 38, 
            "spell": 101, 
            "detail": null, 
            "probability": 0
        }
    }, 
    {
        "pk": 1456, 
        "model": "enemygen.enemyspell", 
        "fields": {
            "enemy_template": 39, 
            "spell": 101, 
            "detail": null, 
            "probability": 0
        }
    }, 
    {
        "pk": 1590, 
        "model": "enemygen.enemyspell", 
        "fields": {
            "enemy_template": 40, 
            "spell": 101, 
            "detail": null, 
            "probability": 0
        }
    }, 
    {
        "pk": 1187, 
        "model": "enemygen.enemyspell", 
        "fields": {
            "enemy_template": 37, 
            "spell": 102, 
            "detail": null, 
            "probability": 0
        }
    }, 
    {
        "pk": 1322, 
        "model": "enemygen.enemyspell", 
        "fields": {
            "enemy_template": 38, 
            "spell": 102, 
            "detail": null, 
            "probability": 0
        }
    }, 
    {
        "pk": 1457, 
        "model": "enemygen.enemyspell", 
        "fields": {
            "enemy_template": 39, 
            "spell": 102, 
            "detail": null, 
            "probability": 0
        }
    }, 
    {
        "pk": 1591, 
        "model": "enemygen.enemyspell", 
        "fields": {
            "enemy_template": 40, 
            "spell": 102, 
            "detail": null, 
            "probability": 0
        }
    }, 
    {
        "pk": 1188, 
        "model": "enemygen.enemyspell", 
        "fields": {
            "enemy_template": 37, 
            "spell": 30, 
            "detail": null, 
            "probability": 0
        }
    }, 
    {
        "pk": 1323, 
        "model": "enemygen.enemyspell", 
        "fields": {
            "enemy_template": 38, 
            "spell": 30, 
            "detail": null, 
            "probability": 0
        }
    }, 
    {
        "pk": 1458, 
        "model": "enemygen.enemyspell", 
        "fields": {
            "enemy_template": 39, 
            "spell": 30, 
            "detail": null, 
            "probability": 0
        }
    }, 
    {
        "pk": 1592, 
        "model": "enemygen.enemyspell", 
        "fields": {
            "enemy_template": 40, 
            "spell": 30, 
            "detail": null, 
            "probability": 0
        }
    }, 
    {
        "pk": 1189, 
        "model": "enemygen.enemyspell", 
        "fields": {
            "enemy_template": 37, 
            "spell": 31, 
            "detail": null, 
            "probability": 1
        }
    }, 
    {
        "pk": 1324, 
        "model": "enemygen.enemyspell", 
        "fields": {
            "enemy_template": 38, 
            "spell": 31, 
            "detail": null, 
            "probability": 1
        }
    }, 
    {
        "pk": 1459, 
        "model": "enemygen.enemyspell", 
        "fields": {
            "enemy_template": 39, 
            "spell": 31, 
            "detail": null, 
            "probability": 0
        }
    }, 
    {
        "pk": 1593, 
        "model": "enemygen.enemyspell", 
        "fields": {
            "enemy_template": 40, 
            "spell": 31, 
            "detail": null, 
            "probability": 0
        }
    }, 
    {
        "pk": 1190, 
        "model": "enemygen.enemyspell", 
        "fields": {
            "enemy_template": 37, 
            "spell": 103, 
            "detail": null, 
            "probability": 0
        }
    }, 
    {
        "pk": 1325, 
        "model": "enemygen.enemyspell", 
        "fields": {
            "enemy_template": 38, 
            "spell": 103, 
            "detail": null, 
            "probability": 0
        }
    }, 
    {
        "pk": 1460, 
        "model": "enemygen.enemyspell", 
        "fields": {
            "enemy_template": 39, 
            "spell": 103, 
            "detail": null, 
            "probability": 0
        }
    }, 
    {
        "pk": 1594, 
        "model": "enemygen.enemyspell", 
        "fields": {
            "enemy_template": 40, 
            "spell": 103, 
            "detail": null, 
            "probability": 0
        }
    }, 
    {
        "pk": 1191, 
        "model": "enemygen.enemyspell", 
        "fields": {
            "enemy_template": 37, 
            "spell": 104, 
            "detail": null, 
            "probability": 0
        }
    }, 
    {
        "pk": 1326, 
        "model": "enemygen.enemyspell", 
        "fields": {
            "enemy_template": 38, 
            "spell": 104, 
            "detail": null, 
            "probability": 0
        }
    }, 
    {
        "pk": 1461, 
        "model": "enemygen.enemyspell", 
        "fields": {
            "enemy_template": 39, 
            "spell": 104, 
            "detail": null, 
            "probability": 0
        }
    }, 
    {
        "pk": 1595, 
        "model": "enemygen.enemyspell", 
        "fields": {
            "enemy_template": 40, 
            "spell": 104, 
            "detail": null, 
            "probability": 0
        }
    }, 
    {
        "pk": 1192, 
        "model": "enemygen.enemyspell", 
        "fields": {
            "enemy_template": 37, 
            "spell": 32, 
            "detail": null, 
            "probability": 0
        }
    }, 
    {
        "pk": 1327, 
        "model": "enemygen.enemyspell", 
        "fields": {
            "enemy_template": 38, 
            "spell": 32, 
            "detail": null, 
            "probability": 0
        }
    }, 
    {
        "pk": 1462, 
        "model": "enemygen.enemyspell", 
        "fields": {
            "enemy_template": 39, 
            "spell": 32, 
            "detail": null, 
            "probability": 0
        }
    }, 
    {
        "pk": 1596, 
        "model": "enemygen.enemyspell", 
        "fields": {
            "enemy_template": 40, 
            "spell": 32, 
            "detail": null, 
            "probability": 0
        }
    }, 
    {
        "pk": 1193, 
        "model": "enemygen.enemyspell", 
        "fields": {
            "enemy_template": 37, 
            "spell": 33, 
            "detail": null, 
            "probability": 1
        }
    }, 
    {
        "pk": 1328, 
        "model": "enemygen.enemyspell", 
        "fields": {
            "enemy_template": 38, 
            "spell": 33, 
            "detail": null, 
            "probability": 0
        }
    }, 
    {
        "pk": 1463, 
        "model": "enemygen.enemyspell", 
        "fields": {
            "enemy_template": 39, 
            "spell": 33, 
            "detail": null, 
            "probability": 0
        }
    }, 
    {
        "pk": 1597, 
        "model": "enemygen.enemyspell", 
        "fields": {
            "enemy_template": 40, 
            "spell": 33, 
            "detail": null, 
            "probability": 0
        }
    }, 
    {
        "pk": 1194, 
        "model": "enemygen.enemyspell", 
        "fields": {
            "enemy_template": 37, 
            "spell": 34, 
            "detail": null, 
            "probability": 0
        }
    }, 
    {
        "pk": 1329, 
        "model": "enemygen.enemyspell", 
        "fields": {
            "enemy_template": 38, 
            "spell": 34, 
            "detail": null, 
            "probability": 0
        }
    }, 
    {
        "pk": 1464, 
        "model": "enemygen.enemyspell", 
        "fields": {
            "enemy_template": 39, 
            "spell": 34, 
            "detail": null, 
            "probability": 0
        }
    }, 
    {
        "pk": 1598, 
        "model": "enemygen.enemyspell", 
        "fields": {
            "enemy_template": 40, 
            "spell": 34, 
            "detail": null, 
            "probability": 0
        }
    }, 
    {
        "pk": 1195, 
        "model": "enemygen.enemyspell", 
        "fields": {
            "enemy_template": 37, 
            "spell": 105, 
            "detail": null, 
            "probability": 0
        }
    }, 
    {
        "pk": 1330, 
        "model": "enemygen.enemyspell", 
        "fields": {
            "enemy_template": 38, 
            "spell": 105, 
            "detail": null, 
            "probability": 0
        }
    }, 
    {
        "pk": 1465, 
        "model": "enemygen.enemyspell", 
        "fields": {
            "enemy_template": 39, 
            "spell": 105, 
            "detail": null, 
            "probability": 0
        }
    }, 
    {
        "pk": 1599, 
        "model": "enemygen.enemyspell", 
        "fields": {
            "enemy_template": 40, 
            "spell": 105, 
            "detail": null, 
            "probability": 0
        }
    }, 
    {
        "pk": 1196, 
        "model": "enemygen.enemyspell", 
        "fields": {
            "enemy_template": 37, 
            "spell": 35, 
            "detail": null, 
            "probability": 0
        }
    }, 
    {
        "pk": 1331, 
        "model": "enemygen.enemyspell", 
        "fields": {
            "enemy_template": 38, 
            "spell": 35, 
            "detail": null, 
            "probability": 0
        }
    }, 
    {
        "pk": 1466, 
        "model": "enemygen.enemyspell", 
        "fields": {
            "enemy_template": 39, 
            "spell": 35, 
            "detail": null, 
            "probability": 0
        }
    }, 
    {
        "pk": 1600, 
        "model": "enemygen.enemyspell", 
        "fields": {
            "enemy_template": 40, 
            "spell": 35, 
            "detail": null, 
            "probability": 0
        }
    }, 
    {
        "pk": 1197, 
        "model": "enemygen.enemyspell", 
        "fields": {
            "enemy_template": 37, 
            "spell": 36, 
            "detail": null, 
            "probability": 0
        }
    }, 
    {
        "pk": 1332, 
        "model": "enemygen.enemyspell", 
        "fields": {
            "enemy_template": 38, 
            "spell": 36, 
            "detail": null, 
            "probability": 0
        }
    }, 
    {
        "pk": 1467, 
        "model": "enemygen.enemyspell", 
        "fields": {
            "enemy_template": 39, 
            "spell": 36, 
            "detail": null, 
            "probability": 0
        }
    }, 
    {
        "pk": 1601, 
        "model": "enemygen.enemyspell", 
        "fields": {
            "enemy_template": 40, 
            "spell": 36, 
            "detail": null, 
            "probability": 0
        }
    }, 
    {
        "pk": 1198, 
        "model": "enemygen.enemyspell", 
        "fields": {
            "enemy_template": 37, 
            "spell": 37, 
            "detail": null, 
            "probability": 0
        }
    }, 
    {
        "pk": 1333, 
        "model": "enemygen.enemyspell", 
        "fields": {
            "enemy_template": 38, 
            "spell": 37, 
            "detail": null, 
            "probability": 0
        }
    }, 
    {
        "pk": 1468, 
        "model": "enemygen.enemyspell", 
        "fields": {
            "enemy_template": 39, 
            "spell": 37, 
            "detail": null, 
            "probability": 0
        }
    }, 
    {
        "pk": 1602, 
        "model": "enemygen.enemyspell", 
        "fields": {
            "enemy_template": 40, 
            "spell": 37, 
            "detail": null, 
            "probability": 0
        }
    }, 
    {
        "pk": 1199, 
        "model": "enemygen.enemyspell", 
        "fields": {
            "enemy_template": 37, 
            "spell": 106, 
            "detail": null, 
            "probability": 0
        }
    }, 
    {
        "pk": 1334, 
        "model": "enemygen.enemyspell", 
        "fields": {
            "enemy_template": 38, 
            "spell": 106, 
            "detail": null, 
            "probability": 0
        }
    }, 
    {
        "pk": 1469, 
        "model": "enemygen.enemyspell", 
        "fields": {
            "enemy_template": 39, 
            "spell": 106, 
            "detail": null, 
            "probability": 0
        }
    }, 
    {
        "pk": 1603, 
        "model": "enemygen.enemyspell", 
        "fields": {
            "enemy_template": 40, 
            "spell": 106, 
            "detail": null, 
            "probability": 0
        }
    }, 
    {
        "pk": 1200, 
        "model": "enemygen.enemyspell", 
        "fields": {
            "enemy_template": 37, 
            "spell": 107, 
            "detail": null, 
            "probability": 0
        }
    }, 
    {
        "pk": 1335, 
        "model": "enemygen.enemyspell", 
        "fields": {
            "enemy_template": 38, 
            "spell": 107, 
            "detail": null, 
            "probability": 0
        }
    }, 
    {
        "pk": 1470, 
        "model": "enemygen.enemyspell", 
        "fields": {
            "enemy_template": 39, 
            "spell": 107, 
            "detail": null, 
            "probability": 0
        }
    }, 
    {
        "pk": 1604, 
        "model": "enemygen.enemyspell", 
        "fields": {
            "enemy_template": 40, 
            "spell": 107, 
            "detail": null, 
            "probability": 0
        }
    }, 
    {
        "pk": 1201, 
        "model": "enemygen.enemyspell", 
        "fields": {
            "enemy_template": 37, 
            "spell": 38, 
            "detail": null, 
            "probability": 0
        }
    }, 
    {
        "pk": 1336, 
        "model": "enemygen.enemyspell", 
        "fields": {
            "enemy_template": 38, 
            "spell": 38, 
            "detail": null, 
            "probability": 0
        }
    }, 
    {
        "pk": 1471, 
        "model": "enemygen.enemyspell", 
        "fields": {
            "enemy_template": 39, 
            "spell": 38, 
            "detail": null, 
            "probability": 0
        }
    }, 
    {
        "pk": 1605, 
        "model": "enemygen.enemyspell", 
        "fields": {
            "enemy_template": 40, 
            "spell": 38, 
            "detail": null, 
            "probability": 0
        }
    }, 
    {
        "pk": 1202, 
        "model": "enemygen.enemyspell", 
        "fields": {
            "enemy_template": 37, 
            "spell": 108, 
            "detail": null, 
            "probability": 0
        }
    }, 
    {
        "pk": 1337, 
        "model": "enemygen.enemyspell", 
        "fields": {
            "enemy_template": 38, 
            "spell": 108, 
            "detail": null, 
            "probability": 0
        }
    }, 
    {
        "pk": 1472, 
        "model": "enemygen.enemyspell", 
        "fields": {
            "enemy_template": 39, 
            "spell": 108, 
            "detail": null, 
            "probability": 0
        }
    }, 
    {
        "pk": 1606, 
        "model": "enemygen.enemyspell", 
        "fields": {
            "enemy_template": 40, 
            "spell": 108, 
            "detail": null, 
            "probability": 0
        }
    }, 
    {
        "pk": 1203, 
        "model": "enemygen.enemyspell", 
        "fields": {
            "enemy_template": 37, 
            "spell": 109, 
            "detail": null, 
            "probability": 0
        }
    }, 
    {
        "pk": 1338, 
        "model": "enemygen.enemyspell", 
        "fields": {
            "enemy_template": 38, 
            "spell": 109, 
            "detail": null, 
            "probability": 0
        }
    }, 
    {
        "pk": 1473, 
        "model": "enemygen.enemyspell", 
        "fields": {
            "enemy_template": 39, 
            "spell": 109, 
            "detail": null, 
            "probability": 0
        }
    }, 
    {
        "pk": 1607, 
        "model": "enemygen.enemyspell", 
        "fields": {
            "enemy_template": 40, 
            "spell": 109, 
            "detail": null, 
            "probability": 0
        }
    }, 
    {
        "pk": 1204, 
        "model": "enemygen.enemyspell", 
        "fields": {
            "enemy_template": 37, 
            "spell": 110, 
            "detail": null, 
            "probability": 1
        }
    }, 
    {
        "pk": 1339, 
        "model": "enemygen.enemyspell", 
        "fields": {
            "enemy_template": 38, 
            "spell": 110, 
            "detail": null, 
            "probability": 0
        }
    }, 
    {
        "pk": 1474, 
        "model": "enemygen.enemyspell", 
        "fields": {
            "enemy_template": 39, 
            "spell": 110, 
            "detail": null, 
            "probability": 0
        }
    }, 
    {
        "pk": 1608, 
        "model": "enemygen.enemyspell", 
        "fields": {
            "enemy_template": 40, 
            "spell": 110, 
            "detail": null, 
            "probability": 0
        }
    }, 
    {
        "pk": 1205, 
        "model": "enemygen.enemyspell", 
        "fields": {
            "enemy_template": 37, 
            "spell": 111, 
            "detail": null, 
            "probability": 0
        }
    }, 
    {
        "pk": 1340, 
        "model": "enemygen.enemyspell", 
        "fields": {
            "enemy_template": 38, 
            "spell": 111, 
            "detail": null, 
            "probability": 0
        }
    }, 
    {
        "pk": 1475, 
        "model": "enemygen.enemyspell", 
        "fields": {
            "enemy_template": 39, 
            "spell": 111, 
            "detail": null, 
            "probability": 0
        }
    }, 
    {
        "pk": 1609, 
        "model": "enemygen.enemyspell", 
        "fields": {
            "enemy_template": 40, 
            "spell": 111, 
            "detail": null, 
            "probability": 0
        }
    }, 
    {
        "pk": 1206, 
        "model": "enemygen.enemyspell", 
        "fields": {
            "enemy_template": 37, 
            "spell": 39, 
            "detail": null, 
            "probability": 0
        }
    }, 
    {
        "pk": 1341, 
        "model": "enemygen.enemyspell", 
        "fields": {
            "enemy_template": 38, 
            "spell": 39, 
            "detail": null, 
            "probability": 0
        }
    }, 
    {
        "pk": 1476, 
        "model": "enemygen.enemyspell", 
        "fields": {
            "enemy_template": 39, 
            "spell": 39, 
            "detail": null, 
            "probability": 0
        }
    }, 
    {
        "pk": 1610, 
        "model": "enemygen.enemyspell", 
        "fields": {
            "enemy_template": 40, 
            "spell": 39, 
            "detail": null, 
            "probability": 0
        }
    }, 
    {
        "pk": 1207, 
        "model": "enemygen.enemyspell", 
        "fields": {
            "enemy_template": 37, 
            "spell": 40, 
            "detail": null, 
            "probability": 0
        }
    }, 
    {
        "pk": 1342, 
        "model": "enemygen.enemyspell", 
        "fields": {
            "enemy_template": 38, 
            "spell": 40, 
            "detail": null, 
            "probability": 0
        }
    }, 
    {
        "pk": 1477, 
        "model": "enemygen.enemyspell", 
        "fields": {
            "enemy_template": 39, 
            "spell": 40, 
            "detail": null, 
            "probability": 0
        }
    }, 
    {
        "pk": 1611, 
        "model": "enemygen.enemyspell", 
        "fields": {
            "enemy_template": 40, 
            "spell": 40, 
            "detail": null, 
            "probability": 0
        }
    }, 
    {
        "pk": 1208, 
        "model": "enemygen.enemyspell", 
        "fields": {
            "enemy_template": 37, 
            "spell": 112, 
            "detail": null, 
            "probability": 0
        }
    }, 
    {
        "pk": 1343, 
        "model": "enemygen.enemyspell", 
        "fields": {
            "enemy_template": 38, 
            "spell": 112, 
            "detail": null, 
            "probability": 0
        }
    }, 
    {
        "pk": 1478, 
        "model": "enemygen.enemyspell", 
        "fields": {
            "enemy_template": 39, 
            "spell": 112, 
            "detail": null, 
            "probability": 0
        }
    }, 
    {
        "pk": 1612, 
        "model": "enemygen.enemyspell", 
        "fields": {
            "enemy_template": 40, 
            "spell": 112, 
            "detail": null, 
            "probability": 0
        }
    }, 
    {
        "pk": 1209, 
        "model": "enemygen.enemyspell", 
        "fields": {
            "enemy_template": 37, 
            "spell": 41, 
            "detail": null, 
            "probability": 0
        }
    }, 
    {
        "pk": 1344, 
        "model": "enemygen.enemyspell", 
        "fields": {
            "enemy_template": 38, 
            "spell": 41, 
            "detail": null, 
            "probability": 0
        }
    }, 
    {
        "pk": 1479, 
        "model": "enemygen.enemyspell", 
        "fields": {
            "enemy_template": 39, 
            "spell": 41, 
            "detail": null, 
            "probability": 0
        }
    }, 
    {
        "pk": 1613, 
        "model": "enemygen.enemyspell", 
        "fields": {
            "enemy_template": 40, 
            "spell": 41, 
            "detail": null, 
            "probability": 0
        }
    }, 
    {
        "pk": 1210, 
        "model": "enemygen.enemyspell", 
        "fields": {
            "enemy_template": 37, 
            "spell": 42, 
            "detail": null, 
            "probability": 0
        }
    }, 
    {
        "pk": 1345, 
        "model": "enemygen.enemyspell", 
        "fields": {
            "enemy_template": 38, 
            "spell": 42, 
            "detail": null, 
            "probability": 0
        }
    }, 
    {
        "pk": 1480, 
        "model": "enemygen.enemyspell", 
        "fields": {
            "enemy_template": 39, 
            "spell": 42, 
            "detail": null, 
            "probability": 0
        }
    }, 
    {
        "pk": 1614, 
        "model": "enemygen.enemyspell", 
        "fields": {
            "enemy_template": 40, 
            "spell": 42, 
            "detail": null, 
            "probability": 0
        }
    }, 
    {
        "pk": 1211, 
        "model": "enemygen.enemyspell", 
        "fields": {
            "enemy_template": 37, 
            "spell": 43, 
            "detail": null, 
            "probability": 0
        }
    }, 
    {
        "pk": 1346, 
        "model": "enemygen.enemyspell", 
        "fields": {
            "enemy_template": 38, 
            "spell": 43, 
            "detail": null, 
            "probability": 0
        }
    }, 
    {
        "pk": 1481, 
        "model": "enemygen.enemyspell", 
        "fields": {
            "enemy_template": 39, 
            "spell": 43, 
            "detail": null, 
            "probability": 0
        }
    }, 
    {
        "pk": 1615, 
        "model": "enemygen.enemyspell", 
        "fields": {
            "enemy_template": 40, 
            "spell": 43, 
            "detail": null, 
            "probability": 0
        }
    }, 
    {
        "pk": 1212, 
        "model": "enemygen.enemyspell", 
        "fields": {
            "enemy_template": 37, 
            "spell": 113, 
            "detail": null, 
            "probability": 0
        }
    }, 
    {
        "pk": 1347, 
        "model": "enemygen.enemyspell", 
        "fields": {
            "enemy_template": 38, 
            "spell": 113, 
            "detail": null, 
            "probability": 0
        }
    }, 
    {
        "pk": 1482, 
        "model": "enemygen.enemyspell", 
        "fields": {
            "enemy_template": 39, 
            "spell": 113, 
            "detail": null, 
            "probability": 0
        }
    }, 
    {
        "pk": 1616, 
        "model": "enemygen.enemyspell", 
        "fields": {
            "enemy_template": 40, 
            "spell": 113, 
            "detail": null, 
            "probability": 0
        }
    }, 
    {
        "pk": 1213, 
        "model": "enemygen.enemyspell", 
        "fields": {
            "enemy_template": 37, 
            "spell": 114, 
            "detail": null, 
            "probability": 0
        }
    }, 
    {
        "pk": 1348, 
        "model": "enemygen.enemyspell", 
        "fields": {
            "enemy_template": 38, 
            "spell": 114, 
            "detail": null, 
            "probability": 0
        }
    }, 
    {
        "pk": 1483, 
        "model": "enemygen.enemyspell", 
        "fields": {
            "enemy_template": 39, 
            "spell": 114, 
            "detail": null, 
            "probability": 0
        }
    }, 
    {
        "pk": 1617, 
        "model": "enemygen.enemyspell", 
        "fields": {
            "enemy_template": 40, 
            "spell": 114, 
            "detail": null, 
            "probability": 0
        }
    }, 
    {
        "pk": 1214, 
        "model": "enemygen.enemyspell", 
        "fields": {
            "enemy_template": 37, 
            "spell": 44, 
            "detail": null, 
            "probability": 0
        }
    }, 
    {
        "pk": 1349, 
        "model": "enemygen.enemyspell", 
        "fields": {
            "enemy_template": 38, 
            "spell": 44, 
            "detail": null, 
            "probability": 0
        }
    }, 
    {
        "pk": 1484, 
        "model": "enemygen.enemyspell", 
        "fields": {
            "enemy_template": 39, 
            "spell": 44, 
            "detail": null, 
            "probability": 0
        }
    }, 
    {
        "pk": 1618, 
        "model": "enemygen.enemyspell", 
        "fields": {
            "enemy_template": 40, 
            "spell": 44, 
            "detail": null, 
            "probability": 0
        }
    }, 
    {
        "pk": 1215, 
        "model": "enemygen.enemyspell", 
        "fields": {
            "enemy_template": 37, 
            "spell": 115, 
            "detail": null, 
            "probability": 0
        }
    }, 
    {
        "pk": 1350, 
        "model": "enemygen.enemyspell", 
        "fields": {
            "enemy_template": 38, 
            "spell": 115, 
            "detail": null, 
            "probability": 0
        }
    }, 
    {
        "pk": 1485, 
        "model": "enemygen.enemyspell", 
        "fields": {
            "enemy_template": 39, 
            "spell": 115, 
            "detail": null, 
            "probability": 0
        }
    }, 
    {
        "pk": 1619, 
        "model": "enemygen.enemyspell", 
        "fields": {
            "enemy_template": 40, 
            "spell": 115, 
            "detail": null, 
            "probability": 0
        }
    }, 
    {
        "pk": 1351, 
        "model": "enemygen.enemyspell", 
        "fields": {
            "enemy_template": 38, 
            "spell": 45, 
            "detail": null, 
            "probability": 0
        }
    }, 
    {
        "pk": 1216, 
        "model": "enemygen.enemyspell", 
        "fields": {
            "enemy_template": 37, 
            "spell": 45, 
            "detail": null, 
            "probability": 0
        }
    }, 
    {
        "pk": 1486, 
        "model": "enemygen.enemyspell", 
        "fields": {
            "enemy_template": 39, 
            "spell": 45, 
            "detail": null, 
            "probability": 0
        }
    }, 
    {
        "pk": 1620, 
        "model": "enemygen.enemyspell", 
        "fields": {
            "enemy_template": 40, 
            "spell": 45, 
            "detail": null, 
            "probability": 0
        }
    }, 
    {
        "pk": 1352, 
        "model": "enemygen.enemyspell", 
        "fields": {
            "enemy_template": 38, 
            "spell": 116, 
            "detail": null, 
            "probability": 0
        }
    }, 
    {
        "pk": 1217, 
        "model": "enemygen.enemyspell", 
        "fields": {
            "enemy_template": 37, 
            "spell": 116, 
            "detail": null, 
            "probability": 0
        }
    }, 
    {
        "pk": 1487, 
        "model": "enemygen.enemyspell", 
        "fields": {
            "enemy_template": 39, 
            "spell": 116, 
            "detail": null, 
            "probability": 0
        }
    }, 
    {
        "pk": 1621, 
        "model": "enemygen.enemyspell", 
        "fields": {
            "enemy_template": 40, 
            "spell": 116, 
            "detail": null, 
            "probability": 0
        }
    }, 
    {
        "pk": 1353, 
        "model": "enemygen.enemyspell", 
        "fields": {
            "enemy_template": 38, 
            "spell": 46, 
            "detail": null, 
            "probability": 0
        }
    }, 
    {
        "pk": 1218, 
        "model": "enemygen.enemyspell", 
        "fields": {
            "enemy_template": 37, 
            "spell": 46, 
            "detail": null, 
            "probability": 0
        }
    }, 
    {
        "pk": 1488, 
        "model": "enemygen.enemyspell", 
        "fields": {
            "enemy_template": 39, 
            "spell": 46, 
            "detail": null, 
            "probability": 0
        }
    }, 
    {
        "pk": 1622, 
        "model": "enemygen.enemyspell", 
        "fields": {
            "enemy_template": 40, 
            "spell": 46, 
            "detail": null, 
            "probability": 0
        }
    }, 
    {
        "pk": 1354, 
        "model": "enemygen.enemyspell", 
        "fields": {
            "enemy_template": 38, 
            "spell": 47, 
            "detail": null, 
            "probability": 0
        }
    }, 
    {
        "pk": 1219, 
        "model": "enemygen.enemyspell", 
        "fields": {
            "enemy_template": 37, 
            "spell": 47, 
            "detail": null, 
            "probability": 0
        }
    }, 
    {
        "pk": 1489, 
        "model": "enemygen.enemyspell", 
        "fields": {
            "enemy_template": 39, 
            "spell": 47, 
            "detail": null, 
            "probability": 0
        }
    }, 
    {
        "pk": 1623, 
        "model": "enemygen.enemyspell", 
        "fields": {
            "enemy_template": 40, 
            "spell": 47, 
            "detail": null, 
            "probability": 0
        }
    }, 
    {
        "pk": 1355, 
        "model": "enemygen.enemyspell", 
        "fields": {
            "enemy_template": 38, 
            "spell": 48, 
            "detail": null, 
            "probability": 0
        }
    }, 
    {
        "pk": 1220, 
        "model": "enemygen.enemyspell", 
        "fields": {
            "enemy_template": 37, 
            "spell": 48, 
            "detail": null, 
            "probability": 0
        }
    }, 
    {
        "pk": 1490, 
        "model": "enemygen.enemyspell", 
        "fields": {
            "enemy_template": 39, 
            "spell": 48, 
            "detail": null, 
            "probability": 0
        }
    }, 
    {
        "pk": 1624, 
        "model": "enemygen.enemyspell", 
        "fields": {
            "enemy_template": 40, 
            "spell": 48, 
            "detail": null, 
            "probability": 0
        }
    }, 
    {
        "pk": 1356, 
        "model": "enemygen.enemyspell", 
        "fields": {
            "enemy_template": 38, 
            "spell": 117, 
            "detail": null, 
            "probability": 0
        }
    }, 
    {
        "pk": 1221, 
        "model": "enemygen.enemyspell", 
        "fields": {
            "enemy_template": 37, 
            "spell": 117, 
            "detail": null, 
            "probability": 0
        }
    }, 
    {
        "pk": 1491, 
        "model": "enemygen.enemyspell", 
        "fields": {
            "enemy_template": 39, 
            "spell": 117, 
            "detail": null, 
            "probability": 0
        }
    }, 
    {
        "pk": 1625, 
        "model": "enemygen.enemyspell", 
        "fields": {
            "enemy_template": 40, 
            "spell": 117, 
            "detail": null, 
            "probability": 0
        }
    }, 
    {
        "pk": 1357, 
        "model": "enemygen.enemyspell", 
        "fields": {
            "enemy_template": 38, 
            "spell": 118, 
            "detail": null, 
            "probability": 0
        }
    }, 
    {
        "pk": 1222, 
        "model": "enemygen.enemyspell", 
        "fields": {
            "enemy_template": 37, 
            "spell": 118, 
            "detail": null, 
            "probability": 0
        }
    }, 
    {
        "pk": 1492, 
        "model": "enemygen.enemyspell", 
        "fields": {
            "enemy_template": 39, 
            "spell": 118, 
            "detail": null, 
            "probability": 0
        }
    }, 
    {
        "pk": 1626, 
        "model": "enemygen.enemyspell", 
        "fields": {
            "enemy_template": 40, 
            "spell": 118, 
            "detail": null, 
            "probability": 0
        }
    }, 
    {
        "pk": 1358, 
        "model": "enemygen.enemyspell", 
        "fields": {
            "enemy_template": 38, 
            "spell": 49, 
            "detail": null, 
            "probability": 0
        }
    }, 
    {
        "pk": 1223, 
        "model": "enemygen.enemyspell", 
        "fields": {
            "enemy_template": 37, 
            "spell": 49, 
            "detail": null, 
            "probability": 0
        }
    }, 
    {
        "pk": 1493, 
        "model": "enemygen.enemyspell", 
        "fields": {
            "enemy_template": 39, 
            "spell": 49, 
            "detail": null, 
            "probability": 0
        }
    }, 
    {
        "pk": 1627, 
        "model": "enemygen.enemyspell", 
        "fields": {
            "enemy_template": 40, 
            "spell": 49, 
            "detail": null, 
            "probability": 0
        }
    }, 
    {
        "pk": 1359, 
        "model": "enemygen.enemyspell", 
        "fields": {
            "enemy_template": 38, 
            "spell": 119, 
            "detail": null, 
            "probability": 0
        }
    }, 
    {
        "pk": 1224, 
        "model": "enemygen.enemyspell", 
        "fields": {
            "enemy_template": 37, 
            "spell": 119, 
            "detail": null, 
            "probability": 0
        }
    }, 
    {
        "pk": 1494, 
        "model": "enemygen.enemyspell", 
        "fields": {
            "enemy_template": 39, 
            "spell": 119, 
            "detail": null, 
            "probability": 0
        }
    }, 
    {
        "pk": 1628, 
        "model": "enemygen.enemyspell", 
        "fields": {
            "enemy_template": 40, 
            "spell": 119, 
            "detail": null, 
            "probability": 0
        }
    }, 
    {
        "pk": 1360, 
        "model": "enemygen.enemyspell", 
        "fields": {
            "enemy_template": 38, 
            "spell": 50, 
            "detail": null, 
            "probability": 0
        }
    }, 
    {
        "pk": 1225, 
        "model": "enemygen.enemyspell", 
        "fields": {
            "enemy_template": 37, 
            "spell": 50, 
            "detail": null, 
            "probability": 1
        }
    }, 
    {
        "pk": 1495, 
        "model": "enemygen.enemyspell", 
        "fields": {
            "enemy_template": 39, 
            "spell": 50, 
            "detail": null, 
            "probability": 0
        }
    }, 
    {
        "pk": 1629, 
        "model": "enemygen.enemyspell", 
        "fields": {
            "enemy_template": 40, 
            "spell": 50, 
            "detail": null, 
            "probability": 0
        }
    }, 
    {
        "pk": 1361, 
        "model": "enemygen.enemyspell", 
        "fields": {
            "enemy_template": 38, 
            "spell": 120, 
            "detail": null, 
            "probability": 0
        }
    }, 
    {
        "pk": 1226, 
        "model": "enemygen.enemyspell", 
        "fields": {
            "enemy_template": 37, 
            "spell": 120, 
            "detail": null, 
            "probability": 0
        }
    }, 
    {
        "pk": 1496, 
        "model": "enemygen.enemyspell", 
        "fields": {
            "enemy_template": 39, 
            "spell": 120, 
            "detail": null, 
            "probability": 0
        }
    }, 
    {
        "pk": 1630, 
        "model": "enemygen.enemyspell", 
        "fields": {
            "enemy_template": 40, 
            "spell": 120, 
            "detail": null, 
            "probability": 0
        }
    }, 
    {
        "pk": 1362, 
        "model": "enemygen.enemyspell", 
        "fields": {
            "enemy_template": 38, 
            "spell": 121, 
            "detail": null, 
            "probability": 0
        }
    }, 
    {
        "pk": 1227, 
        "model": "enemygen.enemyspell", 
        "fields": {
            "enemy_template": 37, 
            "spell": 121, 
            "detail": null, 
            "probability": 0
        }
    }, 
    {
        "pk": 1497, 
        "model": "enemygen.enemyspell", 
        "fields": {
            "enemy_template": 39, 
            "spell": 121, 
            "detail": null, 
            "probability": 0
        }
    }, 
    {
        "pk": 1631, 
        "model": "enemygen.enemyspell", 
        "fields": {
            "enemy_template": 40, 
            "spell": 121, 
            "detail": null, 
            "probability": 0
        }
    }, 
    {
        "pk": 1363, 
        "model": "enemygen.enemyspell", 
        "fields": {
            "enemy_template": 38, 
            "spell": 51, 
            "detail": null, 
            "probability": 1
        }
    }, 
    {
        "pk": 1228, 
        "model": "enemygen.enemyspell", 
        "fields": {
            "enemy_template": 37, 
            "spell": 51, 
            "detail": null, 
            "probability": 0
        }
    }, 
    {
        "pk": 1498, 
        "model": "enemygen.enemyspell", 
        "fields": {
            "enemy_template": 39, 
            "spell": 51, 
            "detail": null, 
            "probability": 0
        }
    }, 
    {
        "pk": 1632, 
        "model": "enemygen.enemyspell", 
        "fields": {
            "enemy_template": 40, 
            "spell": 51, 
            "detail": null, 
            "probability": 0
        }
    }, 
    {
        "pk": 1364, 
        "model": "enemygen.enemyspell", 
        "fields": {
            "enemy_template": 38, 
            "spell": 52, 
            "detail": null, 
            "probability": 0
        }
    }, 
    {
        "pk": 1229, 
        "model": "enemygen.enemyspell", 
        "fields": {
            "enemy_template": 37, 
            "spell": 52, 
            "detail": null, 
            "probability": 0
        }
    }, 
    {
        "pk": 1499, 
        "model": "enemygen.enemyspell", 
        "fields": {
            "enemy_template": 39, 
            "spell": 52, 
            "detail": null, 
            "probability": 0
        }
    }, 
    {
        "pk": 1633, 
        "model": "enemygen.enemyspell", 
        "fields": {
            "enemy_template": 40, 
            "spell": 52, 
            "detail": null, 
            "probability": 0
        }
    }, 
    {
        "pk": 1365, 
        "model": "enemygen.enemyspell", 
        "fields": {
            "enemy_template": 38, 
            "spell": 53, 
            "detail": null, 
            "probability": 0
        }
    }, 
    {
        "pk": 1230, 
        "model": "enemygen.enemyspell", 
        "fields": {
            "enemy_template": 37, 
            "spell": 53, 
            "detail": null, 
            "probability": 0
        }
    }, 
    {
        "pk": 1500, 
        "model": "enemygen.enemyspell", 
        "fields": {
            "enemy_template": 39, 
            "spell": 53, 
            "detail": null, 
            "probability": 0
        }
    }, 
    {
        "pk": 1634, 
        "model": "enemygen.enemyspell", 
        "fields": {
            "enemy_template": 40, 
            "spell": 53, 
            "detail": null, 
            "probability": 0
        }
    }, 
    {
        "pk": 1366, 
        "model": "enemygen.enemyspell", 
        "fields": {
            "enemy_template": 38, 
            "spell": 54, 
            "detail": null, 
            "probability": 0
        }
    }, 
    {
        "pk": 1231, 
        "model": "enemygen.enemyspell", 
        "fields": {
            "enemy_template": 37, 
            "spell": 54, 
            "detail": null, 
            "probability": 0
        }
    }, 
    {
        "pk": 1501, 
        "model": "enemygen.enemyspell", 
        "fields": {
            "enemy_template": 39, 
            "spell": 54, 
            "detail": null, 
            "probability": 0
        }
    }, 
    {
        "pk": 1635, 
        "model": "enemygen.enemyspell", 
        "fields": {
            "enemy_template": 40, 
            "spell": 54, 
            "detail": null, 
            "probability": 0
        }
    }, 
    {
        "pk": 1367, 
        "model": "enemygen.enemyspell", 
        "fields": {
            "enemy_template": 38, 
            "spell": 55, 
            "detail": null, 
            "probability": 1
        }
    }, 
    {
        "pk": 1232, 
        "model": "enemygen.enemyspell", 
        "fields": {
            "enemy_template": 37, 
            "spell": 55, 
            "detail": null, 
            "probability": 0
        }
    }, 
    {
        "pk": 1502, 
        "model": "enemygen.enemyspell", 
        "fields": {
            "enemy_template": 39, 
            "spell": 55, 
            "detail": null, 
            "probability": 0
        }
    }, 
    {
        "pk": 1636, 
        "model": "enemygen.enemyspell", 
        "fields": {
            "enemy_template": 40, 
            "spell": 55, 
            "detail": null, 
            "probability": 0
        }
    }, 
    {
        "pk": 1368, 
        "model": "enemygen.enemyspell", 
        "fields": {
            "enemy_template": 38, 
            "spell": 56, 
            "detail": null, 
            "probability": 0
        }
    }, 
    {
        "pk": 1233, 
        "model": "enemygen.enemyspell", 
        "fields": {
            "enemy_template": 37, 
            "spell": 56, 
            "detail": null, 
            "probability": 0
        }
    }, 
    {
        "pk": 1503, 
        "model": "enemygen.enemyspell", 
        "fields": {
            "enemy_template": 39, 
            "spell": 56, 
            "detail": null, 
            "probability": 0
        }
    }, 
    {
        "pk": 1637, 
        "model": "enemygen.enemyspell", 
        "fields": {
            "enemy_template": 40, 
            "spell": 56, 
            "detail": null, 
            "probability": 0
        }
    }, 
    {
        "pk": 1369, 
        "model": "enemygen.enemyspell", 
        "fields": {
            "enemy_template": 38, 
            "spell": 57, 
            "detail": null, 
            "probability": 0
        }
    }, 
    {
        "pk": 1234, 
        "model": "enemygen.enemyspell", 
        "fields": {
            "enemy_template": 37, 
            "spell": 57, 
            "detail": null, 
            "probability": 0
        }
    }, 
    {
        "pk": 1504, 
        "model": "enemygen.enemyspell", 
        "fields": {
            "enemy_template": 39, 
            "spell": 57, 
            "detail": null, 
            "probability": 0
        }
    }, 
    {
        "pk": 1638, 
        "model": "enemygen.enemyspell", 
        "fields": {
            "enemy_template": 40, 
            "spell": 57, 
            "detail": null, 
            "probability": 0
        }
    }, 
    {
        "pk": 1370, 
        "model": "enemygen.enemyspell", 
        "fields": {
            "enemy_template": 38, 
            "spell": 122, 
            "detail": null, 
            "probability": 0
        }
    }, 
    {
        "pk": 1235, 
        "model": "enemygen.enemyspell", 
        "fields": {
            "enemy_template": 37, 
            "spell": 122, 
            "detail": null, 
            "probability": 0
        }
    }, 
    {
        "pk": 1505, 
        "model": "enemygen.enemyspell", 
        "fields": {
            "enemy_template": 39, 
            "spell": 122, 
            "detail": null, 
            "probability": 0
        }
    }, 
    {
        "pk": 1639, 
        "model": "enemygen.enemyspell", 
        "fields": {
            "enemy_template": 40, 
            "spell": 122, 
            "detail": null, 
            "probability": 0
        }
    }, 
    {
        "pk": 1371, 
        "model": "enemygen.enemyspell", 
        "fields": {
            "enemy_template": 38, 
            "spell": 123, 
            "detail": null, 
            "probability": 0
        }
    }, 
    {
        "pk": 1236, 
        "model": "enemygen.enemyspell", 
        "fields": {
            "enemy_template": 37, 
            "spell": 123, 
            "detail": null, 
            "probability": 0
        }
    }, 
    {
        "pk": 1506, 
        "model": "enemygen.enemyspell", 
        "fields": {
            "enemy_template": 39, 
            "spell": 123, 
            "detail": null, 
            "probability": 0
        }
    }, 
    {
        "pk": 1640, 
        "model": "enemygen.enemyspell", 
        "fields": {
            "enemy_template": 40, 
            "spell": 123, 
            "detail": null, 
            "probability": 0
        }
    }, 
    {
        "pk": 1373, 
        "model": "enemygen.enemyspell", 
        "fields": {
            "enemy_template": 38, 
            "spell": 3, 
            "detail": null, 
            "probability": 1
        }
    }, 
    {
        "pk": 1238, 
        "model": "enemygen.enemyspell", 
        "fields": {
            "enemy_template": 37, 
            "spell": 3, 
            "detail": null, 
            "probability": 1
        }
    }, 
    {
        "pk": 1507, 
        "model": "enemygen.enemyspell", 
        "fields": {
            "enemy_template": 39, 
            "spell": 3, 
            "detail": null, 
            "probability": 1
        }
    }, 
    {
        "pk": 1641, 
        "model": "enemygen.enemyspell", 
        "fields": {
            "enemy_template": 40, 
            "spell": 3, 
            "detail": null, 
            "probability": 0
        }
    }, 
    {
        "pk": 1374, 
        "model": "enemygen.enemyspell", 
        "fields": {
            "enemy_template": 38, 
            "spell": 124, 
            "detail": null, 
            "probability": 0
        }
    }, 
    {
        "pk": 1239, 
        "model": "enemygen.enemyspell", 
        "fields": {
            "enemy_template": 37, 
            "spell": 124, 
            "detail": null, 
            "probability": 0
        }
    }, 
    {
        "pk": 1508, 
        "model": "enemygen.enemyspell", 
        "fields": {
            "enemy_template": 39, 
            "spell": 124, 
            "detail": null, 
            "probability": 0
        }
    }, 
    {
        "pk": 1642, 
        "model": "enemygen.enemyspell", 
        "fields": {
            "enemy_template": 40, 
            "spell": 124, 
            "detail": null, 
            "probability": 0
        }
    }, 
    {
        "pk": 1375, 
        "model": "enemygen.enemyspell", 
        "fields": {
            "enemy_template": 38, 
            "spell": 125, 
            "detail": null, 
            "probability": 0
        }
    }, 
    {
        "pk": 1240, 
        "model": "enemygen.enemyspell", 
        "fields": {
            "enemy_template": 37, 
            "spell": 125, 
            "detail": null, 
            "probability": 0
        }
    }, 
    {
        "pk": 1509, 
        "model": "enemygen.enemyspell", 
        "fields": {
            "enemy_template": 39, 
            "spell": 125, 
            "detail": null, 
            "probability": 0
        }
    }, 
    {
        "pk": 1643, 
        "model": "enemygen.enemyspell", 
        "fields": {
            "enemy_template": 40, 
            "spell": 125, 
            "detail": null, 
            "probability": 0
        }
    }, 
    {
        "pk": 1376, 
        "model": "enemygen.enemyspell", 
        "fields": {
            "enemy_template": 38, 
            "spell": 126, 
            "detail": null, 
            "probability": 0
        }
    }, 
    {
        "pk": 1241, 
        "model": "enemygen.enemyspell", 
        "fields": {
            "enemy_template": 37, 
            "spell": 126, 
            "detail": null, 
            "probability": 0
        }
    }, 
    {
        "pk": 1510, 
        "model": "enemygen.enemyspell", 
        "fields": {
            "enemy_template": 39, 
            "spell": 126, 
            "detail": null, 
            "probability": 0
        }
    }, 
    {
        "pk": 1644, 
        "model": "enemygen.enemyspell", 
        "fields": {
            "enemy_template": 40, 
            "spell": 126, 
            "detail": null, 
            "probability": 0
        }
    }, 
    {
        "pk": 1377, 
        "model": "enemygen.enemyspell", 
        "fields": {
            "enemy_template": 38, 
            "spell": 127, 
            "detail": null, 
            "probability": 0
        }
    }, 
    {
        "pk": 1242, 
        "model": "enemygen.enemyspell", 
        "fields": {
            "enemy_template": 37, 
            "spell": 127, 
            "detail": null, 
            "probability": 0
        }
    }, 
    {
        "pk": 1511, 
        "model": "enemygen.enemyspell", 
        "fields": {
            "enemy_template": 39, 
            "spell": 127, 
            "detail": null, 
            "probability": 0
        }
    }, 
    {
        "pk": 1645, 
        "model": "enemygen.enemyspell", 
        "fields": {
            "enemy_template": 40, 
            "spell": 127, 
            "detail": null, 
            "probability": 0
        }
    }, 
    {
        "pk": 1378, 
        "model": "enemygen.enemyspell", 
        "fields": {
            "enemy_template": 38, 
            "spell": 59, 
            "detail": null, 
            "probability": 0
        }
    }, 
    {
        "pk": 1243, 
        "model": "enemygen.enemyspell", 
        "fields": {
            "enemy_template": 37, 
            "spell": 59, 
            "detail": null, 
            "probability": 0
        }
    }, 
    {
        "pk": 1512, 
        "model": "enemygen.enemyspell", 
        "fields": {
            "enemy_template": 39, 
            "spell": 59, 
            "detail": null, 
            "probability": 1
        }
    }, 
    {
        "pk": 1646, 
        "model": "enemygen.enemyspell", 
        "fields": {
            "enemy_template": 40, 
            "spell": 59, 
            "detail": null, 
            "probability": 0
        }
    }, 
    {
        "pk": 1379, 
        "model": "enemygen.enemyspell", 
        "fields": {
            "enemy_template": 38, 
            "spell": 60, 
            "detail": null, 
            "probability": 0
        }
    }, 
    {
        "pk": 1244, 
        "model": "enemygen.enemyspell", 
        "fields": {
            "enemy_template": 37, 
            "spell": 60, 
            "detail": null, 
            "probability": 0
        }
    }, 
    {
        "pk": 1513, 
        "model": "enemygen.enemyspell", 
        "fields": {
            "enemy_template": 39, 
            "spell": 60, 
            "detail": null, 
            "probability": 0
        }
    }, 
    {
        "pk": 1647, 
        "model": "enemygen.enemyspell", 
        "fields": {
            "enemy_template": 40, 
            "spell": 60, 
            "detail": null, 
            "probability": 0
        }
    }, 
    {
        "pk": 1380, 
        "model": "enemygen.enemyspell", 
        "fields": {
            "enemy_template": 38, 
            "spell": 128, 
            "detail": null, 
            "probability": 0
        }
    }, 
    {
        "pk": 1245, 
        "model": "enemygen.enemyspell", 
        "fields": {
            "enemy_template": 37, 
            "spell": 128, 
            "detail": null, 
            "probability": 0
        }
    }, 
    {
        "pk": 1514, 
        "model": "enemygen.enemyspell", 
        "fields": {
            "enemy_template": 39, 
            "spell": 128, 
            "detail": null, 
            "probability": 0
        }
    }, 
    {
        "pk": 1648, 
        "model": "enemygen.enemyspell", 
        "fields": {
            "enemy_template": 40, 
            "spell": 128, 
            "detail": null, 
            "probability": 0
        }
    }, 
    {
        "pk": 1381, 
        "model": "enemygen.enemyspell", 
        "fields": {
            "enemy_template": 38, 
            "spell": 129, 
            "detail": null, 
            "probability": 0
        }
    }, 
    {
        "pk": 1246, 
        "model": "enemygen.enemyspell", 
        "fields": {
            "enemy_template": 37, 
            "spell": 129, 
            "detail": null, 
            "probability": 0
        }
    }, 
    {
        "pk": 1515, 
        "model": "enemygen.enemyspell", 
        "fields": {
            "enemy_template": 39, 
            "spell": 129, 
            "detail": null, 
            "probability": 0
        }
    }, 
    {
        "pk": 1649, 
        "model": "enemygen.enemyspell", 
        "fields": {
            "enemy_template": 40, 
            "spell": 129, 
            "detail": null, 
            "probability": 0
        }
    }, 
    {
        "pk": 1382, 
        "model": "enemygen.enemyspell", 
        "fields": {
            "enemy_template": 38, 
            "spell": 130, 
            "detail": null, 
            "probability": 0
        }
    }, 
    {
        "pk": 1247, 
        "model": "enemygen.enemyspell", 
        "fields": {
            "enemy_template": 37, 
            "spell": 130, 
            "detail": null, 
            "probability": 0
        }
    }, 
    {
        "pk": 1516, 
        "model": "enemygen.enemyspell", 
        "fields": {
            "enemy_template": 39, 
            "spell": 130, 
            "detail": null, 
            "probability": 0
        }
    }, 
    {
        "pk": 1650, 
        "model": "enemygen.enemyspell", 
        "fields": {
            "enemy_template": 40, 
            "spell": 130, 
            "detail": null, 
            "probability": 0
        }
    }, 
    {
        "pk": 1383, 
        "model": "enemygen.enemyspell", 
        "fields": {
            "enemy_template": 38, 
            "spell": 131, 
            "detail": null, 
            "probability": 0
        }
    }, 
    {
        "pk": 1248, 
        "model": "enemygen.enemyspell", 
        "fields": {
            "enemy_template": 37, 
            "spell": 131, 
            "detail": null, 
            "probability": 0
        }
    }, 
    {
        "pk": 1517, 
        "model": "enemygen.enemyspell", 
        "fields": {
            "enemy_template": 39, 
            "spell": 131, 
            "detail": null, 
            "probability": 0
        }
    }, 
    {
        "pk": 1651, 
        "model": "enemygen.enemyspell", 
        "fields": {
            "enemy_template": 40, 
            "spell": 131, 
            "detail": null, 
            "probability": 0
        }
    }, 
    {
        "pk": 1384, 
        "model": "enemygen.enemyspell", 
        "fields": {
            "enemy_template": 38, 
            "spell": 132, 
            "detail": null, 
            "probability": 0
        }
    }, 
    {
        "pk": 1249, 
        "model": "enemygen.enemyspell", 
        "fields": {
            "enemy_template": 37, 
            "spell": 132, 
            "detail": null, 
            "probability": 1
        }
    }, 
    {
        "pk": 1518, 
        "model": "enemygen.enemyspell", 
        "fields": {
            "enemy_template": 39, 
            "spell": 132, 
            "detail": null, 
            "probability": 0
        }
    }, 
    {
        "pk": 1652, 
        "model": "enemygen.enemyspell", 
        "fields": {
            "enemy_template": 40, 
            "spell": 132, 
            "detail": null, 
            "probability": 0
        }
    }, 
    {
        "pk": 1385, 
        "model": "enemygen.enemyspell", 
        "fields": {
            "enemy_template": 38, 
            "spell": 61, 
            "detail": null, 
            "probability": 0
        }
    }, 
    {
        "pk": 1250, 
        "model": "enemygen.enemyspell", 
        "fields": {
            "enemy_template": 37, 
            "spell": 61, 
            "detail": null, 
            "probability": 0
        }
    }, 
    {
        "pk": 1519, 
        "model": "enemygen.enemyspell", 
        "fields": {
            "enemy_template": 39, 
            "spell": 61, 
            "detail": null, 
            "probability": 0
        }
    }, 
    {
        "pk": 1653, 
        "model": "enemygen.enemyspell", 
        "fields": {
            "enemy_template": 40, 
            "spell": 61, 
            "detail": null, 
            "probability": 0
        }
    }, 
    {
        "pk": 1386, 
        "model": "enemygen.enemyspell", 
        "fields": {
            "enemy_template": 38, 
            "spell": 62, 
            "detail": null, 
            "probability": 0
        }
    }, 
    {
        "pk": 1251, 
        "model": "enemygen.enemyspell", 
        "fields": {
            "enemy_template": 37, 
            "spell": 62, 
            "detail": null, 
            "probability": 0
        }
    }, 
    {
        "pk": 1520, 
        "model": "enemygen.enemyspell", 
        "fields": {
            "enemy_template": 39, 
            "spell": 62, 
            "detail": null, 
            "probability": 0
        }
    }, 
    {
        "pk": 1654, 
        "model": "enemygen.enemyspell", 
        "fields": {
            "enemy_template": 40, 
            "spell": 62, 
            "detail": null, 
            "probability": 0
        }
    }, 
    {
        "pk": 1387, 
        "model": "enemygen.enemyspell", 
        "fields": {
            "enemy_template": 38, 
            "spell": 63, 
            "detail": null, 
            "probability": 0
        }
    }, 
    {
        "pk": 1252, 
        "model": "enemygen.enemyspell", 
        "fields": {
            "enemy_template": 37, 
            "spell": 63, 
            "detail": null, 
            "probability": 0
        }
    }, 
    {
        "pk": 1521, 
        "model": "enemygen.enemyspell", 
        "fields": {
            "enemy_template": 39, 
            "spell": 63, 
            "detail": null, 
            "probability": 0
        }
    }, 
    {
        "pk": 1655, 
        "model": "enemygen.enemyspell", 
        "fields": {
            "enemy_template": 40, 
            "spell": 63, 
            "detail": null, 
            "probability": 0
        }
    }, 
    {
        "pk": 1388, 
        "model": "enemygen.enemyspell", 
        "fields": {
            "enemy_template": 38, 
            "spell": 64, 
            "detail": null, 
            "probability": 0
        }
    }, 
    {
        "pk": 1253, 
        "model": "enemygen.enemyspell", 
        "fields": {
            "enemy_template": 37, 
            "spell": 64, 
            "detail": null, 
            "probability": 0
        }
    }, 
    {
        "pk": 1522, 
        "model": "enemygen.enemyspell", 
        "fields": {
            "enemy_template": 39, 
            "spell": 64, 
            "detail": null, 
            "probability": 0
        }
    }, 
    {
        "pk": 1656, 
        "model": "enemygen.enemyspell", 
        "fields": {
            "enemy_template": 40, 
            "spell": 64, 
            "detail": null, 
            "probability": 0
        }
    }, 
    {
        "pk": 1389, 
        "model": "enemygen.enemyspell", 
        "fields": {
            "enemy_template": 38, 
            "spell": 133, 
            "detail": null, 
            "probability": 0
        }
    }, 
    {
        "pk": 1254, 
        "model": "enemygen.enemyspell", 
        "fields": {
            "enemy_template": 37, 
            "spell": 133, 
            "detail": null, 
            "probability": 0
        }
    }, 
    {
        "pk": 1523, 
        "model": "enemygen.enemyspell", 
        "fields": {
            "enemy_template": 39, 
            "spell": 133, 
            "detail": null, 
            "probability": 0
        }
    }, 
    {
        "pk": 1657, 
        "model": "enemygen.enemyspell", 
        "fields": {
            "enemy_template": 40, 
            "spell": 133, 
            "detail": null, 
            "probability": 0
        }
    }, 
    {
        "pk": 1390, 
        "model": "enemygen.enemyspell", 
        "fields": {
            "enemy_template": 38, 
            "spell": 65, 
            "detail": null, 
            "probability": 0
        }
    }, 
    {
        "pk": 1255, 
        "model": "enemygen.enemyspell", 
        "fields": {
            "enemy_template": 37, 
            "spell": 65, 
            "detail": null, 
            "probability": 0
        }
    }, 
    {
        "pk": 1524, 
        "model": "enemygen.enemyspell", 
        "fields": {
            "enemy_template": 39, 
            "spell": 65, 
            "detail": null, 
            "probability": 0
        }
    }, 
    {
        "pk": 1658, 
        "model": "enemygen.enemyspell", 
        "fields": {
            "enemy_template": 40, 
            "spell": 65, 
            "detail": null, 
            "probability": 0
        }
    }, 
    {
        "pk": 1391, 
        "model": "enemygen.enemyspell", 
        "fields": {
            "enemy_template": 38, 
            "spell": 134, 
            "detail": null, 
            "probability": 0
        }
    }, 
    {
        "pk": 1256, 
        "model": "enemygen.enemyspell", 
        "fields": {
            "enemy_template": 37, 
            "spell": 134, 
            "detail": null, 
            "probability": 0
        }
    }, 
    {
        "pk": 1525, 
        "model": "enemygen.enemyspell", 
        "fields": {
            "enemy_template": 39, 
            "spell": 134, 
            "detail": null, 
            "probability": 0
        }
    }, 
    {
        "pk": 1659, 
        "model": "enemygen.enemyspell", 
        "fields": {
            "enemy_template": 40, 
            "spell": 134, 
            "detail": null, 
            "probability": 0
        }
    }, 
    {
        "pk": 1392, 
        "model": "enemygen.enemyspell", 
        "fields": {
            "enemy_template": 38, 
            "spell": 66, 
            "detail": null, 
            "probability": 0
        }
    }, 
    {
        "pk": 1257, 
        "model": "enemygen.enemyspell", 
        "fields": {
            "enemy_template": 37, 
            "spell": 66, 
            "detail": null, 
            "probability": 0
        }
    }, 
    {
        "pk": 1526, 
        "model": "enemygen.enemyspell", 
        "fields": {
            "enemy_template": 39, 
            "spell": 66, 
            "detail": null, 
            "probability": 1
        }
    }, 
    {
        "pk": 1660, 
        "model": "enemygen.enemyspell", 
        "fields": {
            "enemy_template": 40, 
            "spell": 66, 
            "detail": null, 
            "probability": 0
        }
    }, 
    {
        "pk": 1393, 
        "model": "enemygen.enemyspell", 
        "fields": {
            "enemy_template": 38, 
            "spell": 135, 
            "detail": null, 
            "probability": 0
        }
    }, 
    {
        "pk": 1258, 
        "model": "enemygen.enemyspell", 
        "fields": {
            "enemy_template": 37, 
            "spell": 135, 
            "detail": null, 
            "probability": 0
        }
    }, 
    {
        "pk": 1527, 
        "model": "enemygen.enemyspell", 
        "fields": {
            "enemy_template": 39, 
            "spell": 135, 
            "detail": null, 
            "probability": 0
        }
    }, 
    {
        "pk": 1661, 
        "model": "enemygen.enemyspell", 
        "fields": {
            "enemy_template": 40, 
            "spell": 135, 
            "detail": null, 
            "probability": 0
        }
    }, 
    {
        "pk": 1394, 
        "model": "enemygen.enemyspell", 
        "fields": {
            "enemy_template": 38, 
            "spell": 136, 
            "detail": null, 
            "probability": 0
        }
    }, 
    {
        "pk": 1259, 
        "model": "enemygen.enemyspell", 
        "fields": {
            "enemy_template": 37, 
            "spell": 136, 
            "detail": null, 
            "probability": 0
        }
    }, 
    {
        "pk": 1528, 
        "model": "enemygen.enemyspell", 
        "fields": {
            "enemy_template": 39, 
            "spell": 136, 
            "detail": null, 
            "probability": 0
        }
    }, 
    {
        "pk": 1662, 
        "model": "enemygen.enemyspell", 
        "fields": {
            "enemy_template": 40, 
            "spell": 136, 
            "detail": null, 
            "probability": 0
        }
    }, 
    {
        "pk": 1395, 
        "model": "enemygen.enemyspell", 
        "fields": {
            "enemy_template": 38, 
            "spell": 137, 
            "detail": null, 
            "probability": 0
        }
    }, 
    {
        "pk": 1260, 
        "model": "enemygen.enemyspell", 
        "fields": {
            "enemy_template": 37, 
            "spell": 137, 
            "detail": null, 
            "probability": 0
        }
    }, 
    {
        "pk": 1529, 
        "model": "enemygen.enemyspell", 
        "fields": {
            "enemy_template": 39, 
            "spell": 137, 
            "detail": null, 
            "probability": 0
        }
    }, 
    {
        "pk": 1663, 
        "model": "enemygen.enemyspell", 
        "fields": {
            "enemy_template": 40, 
            "spell": 137, 
            "detail": null, 
            "probability": 0
        }
    }, 
    {
        "pk": 1396, 
        "model": "enemygen.enemyspell", 
        "fields": {
            "enemy_template": 38, 
            "spell": 138, 
            "detail": null, 
            "probability": 0
        }
    }, 
    {
        "pk": 1261, 
        "model": "enemygen.enemyspell", 
        "fields": {
            "enemy_template": 37, 
            "spell": 138, 
            "detail": null, 
            "probability": 1
        }
    }, 
    {
        "pk": 1530, 
        "model": "enemygen.enemyspell", 
        "fields": {
            "enemy_template": 39, 
            "spell": 138, 
            "detail": null, 
            "probability": 0
        }
    }, 
    {
        "pk": 1664, 
        "model": "enemygen.enemyspell", 
        "fields": {
            "enemy_template": 40, 
            "spell": 138, 
            "detail": null, 
            "probability": 0
        }
    }, 
    {
        "pk": 1397, 
        "model": "enemygen.enemyspell", 
        "fields": {
            "enemy_template": 38, 
            "spell": 67, 
            "detail": null, 
            "probability": 0
        }
    }, 
    {
        "pk": 1262, 
        "model": "enemygen.enemyspell", 
        "fields": {
            "enemy_template": 37, 
            "spell": 67, 
            "detail": null, 
            "probability": 0
        }
    }, 
    {
        "pk": 1531, 
        "model": "enemygen.enemyspell", 
        "fields": {
            "enemy_template": 39, 
            "spell": 67, 
            "detail": null, 
            "probability": 0
        }
    }, 
    {
        "pk": 1665, 
        "model": "enemygen.enemyspell", 
        "fields": {
            "enemy_template": 40, 
            "spell": 67, 
            "detail": null, 
            "probability": 0
        }
    }, 
    {
        "pk": 1398, 
        "model": "enemygen.enemyspell", 
        "fields": {
            "enemy_template": 38, 
            "spell": 68, 
            "detail": null, 
            "probability": 0
        }
    }, 
    {
        "pk": 1263, 
        "model": "enemygen.enemyspell", 
        "fields": {
            "enemy_template": 37, 
            "spell": 68, 
            "detail": null, 
            "probability": 0
        }
    }, 
    {
        "pk": 1532, 
        "model": "enemygen.enemyspell", 
        "fields": {
            "enemy_template": 39, 
            "spell": 68, 
            "detail": null, 
            "probability": 0
        }
    }, 
    {
        "pk": 1666, 
        "model": "enemygen.enemyspell", 
        "fields": {
            "enemy_template": 40, 
            "spell": 68, 
            "detail": null, 
            "probability": 0
        }
    }, 
    {
        "pk": 1399, 
        "model": "enemygen.enemyspell", 
        "fields": {
            "enemy_template": 38, 
            "spell": 69, 
            "detail": null, 
            "probability": 0
        }
    }, 
    {
        "pk": 1264, 
        "model": "enemygen.enemyspell", 
        "fields": {
            "enemy_template": 37, 
            "spell": 69, 
            "detail": null, 
            "probability": 0
        }
    }, 
    {
        "pk": 1533, 
        "model": "enemygen.enemyspell", 
        "fields": {
            "enemy_template": 39, 
            "spell": 69, 
            "detail": null, 
            "probability": 0
        }
    }, 
    {
        "pk": 1667, 
        "model": "enemygen.enemyspell", 
        "fields": {
            "enemy_template": 40, 
            "spell": 69, 
            "detail": null, 
            "probability": 0
        }
    }, 
    {
        "pk": 1400, 
        "model": "enemygen.enemyspell", 
        "fields": {
            "enemy_template": 38, 
            "spell": 139, 
            "detail": "Axe", 
            "probability": 100
        }
    }, 
    {
        "pk": 1265, 
        "model": "enemygen.enemyspell", 
        "fields": {
            "enemy_template": 37, 
            "spell": 139, 
            "detail": null, 
            "probability": 0
        }
    }, 
    {
        "pk": 1534, 
        "model": "enemygen.enemyspell", 
        "fields": {
            "enemy_template": 39, 
            "spell": 139, 
            "detail": null, 
            "probability": 0
        }
    }, 
    {
        "pk": 1668, 
        "model": "enemygen.enemyspell", 
        "fields": {
            "enemy_template": 40, 
            "spell": 139, 
            "detail": "Sword", 
            "probability": 2
        }
    }, 
    {
        "pk": 1401, 
        "model": "enemygen.enemyspell", 
        "fields": {
            "enemy_template": 38, 
            "spell": 70, 
            "detail": null, 
            "probability": 0
        }
    }, 
    {
        "pk": 1266, 
        "model": "enemygen.enemyspell", 
        "fields": {
            "enemy_template": 37, 
            "spell": 70, 
            "detail": null, 
            "probability": 0
        }
    }, 
    {
        "pk": 1535, 
        "model": "enemygen.enemyspell", 
        "fields": {
            "enemy_template": 39, 
            "spell": 70, 
            "detail": null, 
            "probability": 0
        }
    }, 
    {
        "pk": 1669, 
        "model": "enemygen.enemyspell", 
        "fields": {
            "enemy_template": 40, 
            "spell": 70, 
            "detail": null, 
            "probability": 0
        }
    }, 
    {
        "pk": 1402, 
        "model": "enemygen.enemyspell", 
        "fields": {
            "enemy_template": 38, 
            "spell": 71, 
            "detail": null, 
            "probability": 0
        }
    }, 
    {
        "pk": 1267, 
        "model": "enemygen.enemyspell", 
        "fields": {
            "enemy_template": 37, 
            "spell": 71, 
            "detail": null, 
            "probability": 0
        }
    }, 
    {
        "pk": 1536, 
        "model": "enemygen.enemyspell", 
        "fields": {
            "enemy_template": 39, 
            "spell": 71, 
            "detail": null, 
            "probability": 0
        }
    }, 
    {
        "pk": 1670, 
        "model": "enemygen.enemyspell", 
        "fields": {
            "enemy_template": 40, 
            "spell": 71, 
            "detail": null, 
            "probability": 0
        }
    }, 
    {
        "pk": 1403, 
        "model": "enemygen.enemyspell", 
        "fields": {
            "enemy_template": 38, 
            "spell": 72, 
            "detail": null, 
            "probability": 1
        }
    }, 
    {
        "pk": 1268, 
        "model": "enemygen.enemyspell", 
        "fields": {
            "enemy_template": 37, 
            "spell": 72, 
            "detail": null, 
            "probability": 1
        }
    }, 
    {
        "pk": 1537, 
        "model": "enemygen.enemyspell", 
        "fields": {
            "enemy_template": 39, 
            "spell": 72, 
            "detail": null, 
            "probability": 2
        }
    }, 
    {
        "pk": 1671, 
        "model": "enemygen.enemyspell", 
        "fields": {
            "enemy_template": 40, 
            "spell": 72, 
            "detail": null, 
            "probability": 0
        }
    }, 
    {
        "pk": 1404, 
        "model": "enemygen.enemyspell", 
        "fields": {
            "enemy_template": 38, 
            "spell": 73, 
            "detail": null, 
            "probability": 0
        }
    }, 
    {
        "pk": 1269, 
        "model": "enemygen.enemyspell", 
        "fields": {
            "enemy_template": 37, 
            "spell": 73, 
            "detail": null, 
            "probability": 0
        }
    }, 
    {
        "pk": 1538, 
        "model": "enemygen.enemyspell", 
        "fields": {
            "enemy_template": 39, 
            "spell": 73, 
            "detail": null, 
            "probability": 0
        }
    }, 
    {
        "pk": 1672, 
        "model": "enemygen.enemyspell", 
        "fields": {
            "enemy_template": 40, 
            "spell": 73, 
            "detail": null, 
            "probability": 0
        }
    }, 
    {
        "pk": 1405, 
        "model": "enemygen.enemyspell", 
        "fields": {
            "enemy_template": 38, 
            "spell": 74, 
            "detail": null, 
            "probability": 0
        }
    }, 
    {
        "pk": 1270, 
        "model": "enemygen.enemyspell", 
        "fields": {
            "enemy_template": 37, 
            "spell": 74, 
            "detail": null, 
            "probability": 0
        }
    }, 
    {
        "pk": 1539, 
        "model": "enemygen.enemyspell", 
        "fields": {
            "enemy_template": 39, 
            "spell": 74, 
            "detail": null, 
            "probability": 0
        }
    }, 
    {
        "pk": 1673, 
        "model": "enemygen.enemyspell", 
        "fields": {
            "enemy_template": 40, 
            "spell": 74, 
            "detail": null, 
            "probability": 0
        }
    }, 
    {
        "pk": 1406, 
        "model": "enemygen.enemyspell", 
        "fields": {
            "enemy_template": 38, 
            "spell": 75, 
            "detail": null, 
            "probability": 0
        }
    }, 
    {
        "pk": 1271, 
        "model": "enemygen.enemyspell", 
        "fields": {
            "enemy_template": 37, 
            "spell": 75, 
            "detail": null, 
            "probability": 0
        }
    }, 
    {
        "pk": 1540, 
        "model": "enemygen.enemyspell", 
        "fields": {
            "enemy_template": 39, 
            "spell": 75, 
            "detail": null, 
            "probability": 0
        }
    }, 
    {
        "pk": 1674, 
        "model": "enemygen.enemyspell", 
        "fields": {
            "enemy_template": 40, 
            "spell": 75, 
            "detail": null, 
            "probability": 0
        }
    }
]