[
    {
        "pk": 1, 
        "model": "enemygen.setting", 
        "fields": {
            "owner": 1, 
            "name": "Glorantha"
        }
    }, 
    {
        "pk": 2, 
        "model": "enemygen.setting", 
        "fields": {
            "owner": 1, 
            "name": "Generic Fantasy"
        }
    }, 
    {
        "pk": 1, 
        "model": "enemygen.ruleset", 
        "fields": {
            "owner": 1, 
            "skills": [
                1, 
                2, 
                3, 
                6, 
                7, 
                8, 
                22, 
                4, 
                9, 
                21, 
                10, 
                20, 
                11, 
                12, 
                23, 
                13, 
                14, 
                15, 
                24, 
                16, 
                17, 
                18, 
                19, 
                5
            ], 
            "races": [
                5, 
                2, 
                7, 
                3, 
                4, 
                8, 
                1, 
                6
            ], 
            "stats": [
                1, 
                2, 
                3, 
                4, 
                7, 
                5, 
                6
            ], 
            "name": "RuneQuest 6"
        }
    }, 
    {
        "pk": 1, 
        "model": "enemygen.weapon", 
        "fields": {
            "damage_modifier": false, 
            "name": "Heavy crossbow", 
            "hp": 8, 
            "reach": "-", 
            "damage": "1D10", 
            "ap": 4, 
            "type": "ranged", 
            "size": "H"
        }
    }, 
    {
        "pk": 2, 
        "model": "enemygen.weapon", 
        "fields": {
            "damage_modifier": false, 
            "name": "Light crossbow", 
            "hp": 5, 
            "reach": "-", 
            "damage": "1D8", 
            "ap": 4, 
            "type": "ranged", 
            "size": "L"
        }
    }, 
    {
        "pk": 3, 
        "model": "enemygen.weapon", 
        "fields": {
            "damage_modifier": true, 
            "name": "Long bow", 
            "hp": 7, 
            "reach": "-", 
            "damage": "1D8", 
            "ap": 4, 
            "type": "ranged", 
            "size": "H"
        }
    }, 
    {
        "pk": 4, 
        "model": "enemygen.weapon", 
        "fields": {
            "damage_modifier": false, 
            "name": "Battleaxe", 
            "hp": 8, 
            "reach": "M", 
            "damage": "1D8+1", 
            "ap": 4, 
            "type": "2h-melee", 
            "size": "M"
        }
    }, 
    {
        "pk": 5, 
        "model": "enemygen.weapon", 
        "fields": {
            "damage_modifier": false, 
            "name": "Great axe", 
            "hp": 10, 
            "reach": "L", 
            "damage": "2D6+2", 
            "ap": 4, 
            "type": "2h-melee", 
            "size": "H"
        }
    }, 
    {
        "pk": 6, 
        "model": "enemygen.weapon", 
        "fields": {
            "damage_modifier": false, 
            "name": "Ball & Chain", 
            "hp": 8, 
            "reach": "M", 
            "damage": "1D6+1", 
            "ap": 6, 
            "type": "1h-melee", 
            "size": "M"
        }
    }, 
    {
        "pk": 7, 
        "model": "enemygen.weapon", 
        "fields": {
            "damage_modifier": false, 
            "name": "Broadsword", 
            "hp": 10, 
            "reach": "M", 
            "damage": "1D8", 
            "ap": 6, 
            "type": "1h-melee", 
            "size": "M"
        }
    }, 
    {
        "pk": 8, 
        "model": "enemygen.weapon", 
        "fields": {
            "damage_modifier": false, 
            "name": "Battleaxe", 
            "hp": 8, 
            "reach": "M", 
            "damage": "1D6+1", 
            "ap": 4, 
            "type": "1h-melee", 
            "size": "M"
        }
    }, 
    {
        "pk": 9, 
        "model": "enemygen.weapon", 
        "fields": {
            "damage_modifier": false, 
            "name": "Club", 
            "hp": 4, 
            "reach": "S", 
            "damage": "1D6", 
            "ap": 4, 
            "type": "1h-melee", 
            "size": "M"
        }
    }, 
    {
        "pk": 10, 
        "model": "enemygen.weapon", 
        "fields": {
            "damage_modifier": false, 
            "name": "Dagger", 
            "hp": 8, 
            "reach": "S", 
            "damage": "1D4+1", 
            "ap": 6, 
            "type": "1h-melee", 
            "size": "S"
        }
    }, 
    {
        "pk": 11, 
        "model": "enemygen.weapon", 
        "fields": {
            "damage_modifier": false, 
            "name": "Hatchet", 
            "hp": 6, 
            "reach": "S", 
            "damage": "1D6", 
            "ap": 3, 
            "type": "1h-melee", 
            "size": "S"
        }
    }, 
    {
        "pk": 12, 
        "model": "enemygen.weapon", 
        "fields": {
            "damage_modifier": false, 
            "name": "Falchion", 
            "hp": 10, 
            "reach": "M", 
            "damage": "1D6+2", 
            "ap": 6, 
            "type": "1h-melee", 
            "size": "M"
        }
    }, 
    {
        "pk": 13, 
        "model": "enemygen.weapon", 
        "fields": {
            "damage_modifier": false, 
            "name": "Flail", 
            "hp": 6, 
            "reach": "M", 
            "damage": "1D6", 
            "ap": 3, 
            "type": "1h-melee", 
            "size": "M"
        }
    }, 
    {
        "pk": 14, 
        "model": "enemygen.weapon", 
        "fields": {
            "damage_modifier": false, 
            "name": "Knife", 
            "hp": 4, 
            "reach": "S", 
            "damage": "1D3", 
            "ap": 5, 
            "type": "1h-melee", 
            "size": "S"
        }
    }, 
    {
        "pk": 15, 
        "model": "enemygen.weapon", 
        "fields": {
            "damage_modifier": false, 
            "name": "Longsword", 
            "hp": 12, 
            "reach": "L", 
            "damage": "1D8", 
            "ap": 6, 
            "type": "1h-melee", 
            "size": "M"
        }
    }, 
    {
        "pk": 16, 
        "model": "enemygen.weapon", 
        "fields": {
            "damage_modifier": false, 
            "name": "Mace", 
            "hp": 6, 
            "reach": "S", 
            "damage": "1D8", 
            "ap": 6, 
            "type": "1h-melee", 
            "size": "M"
        }
    }, 
    {
        "pk": 17, 
        "model": "enemygen.weapon", 
        "fields": {
            "damage_modifier": false, 
            "name": "Main Gauche", 
            "hp": 10, 
            "reach": "S", 
            "damage": "1D4", 
            "ap": 6, 
            "type": "1h-melee", 
            "size": "S"
        }
    }, 
    {
        "pk": 18, 
        "model": "enemygen.weapon", 
        "fields": {
            "damage_modifier": false, 
            "name": "Military Pick", 
            "hp": 10, 
            "reach": "M", 
            "damage": "1D6+1", 
            "ap": 6, 
            "type": "1h-melee", 
            "size": "M"
        }
    }, 
    {
        "pk": 19, 
        "model": "enemygen.weapon", 
        "fields": {
            "damage_modifier": false, 
            "name": "Net", 
            "hp": 20, 
            "reach": "L", 
            "damage": "1D4", 
            "ap": 2, 
            "type": "1h-melee", 
            "size": "S"
        }
    }, 
    {
        "pk": 20, 
        "model": "enemygen.weapon", 
        "fields": {
            "damage_modifier": false, 
            "name": "Rapier", 
            "hp": 8, 
            "reach": "L", 
            "damage": "1D8", 
            "ap": 5, 
            "type": "1h-melee", 
            "size": "M"
        }
    }, 
    {
        "pk": 21, 
        "model": "enemygen.weapon", 
        "fields": {
            "damage_modifier": false, 
            "name": "Sabre", 
            "hp": 8, 
            "reach": "M", 
            "damage": "1D6+1", 
            "ap": 6, 
            "type": "1h-melee", 
            "size": "M"
        }
    }, 
    {
        "pk": 22, 
        "model": "enemygen.weapon", 
        "fields": {
            "damage_modifier": false, 
            "name": "Scimitar", 
            "hp": 10, 
            "reach": "M", 
            "damage": "1D8", 
            "ap": 6, 
            "type": "1h-melee", 
            "size": "M"
        }
    }, 
    {
        "pk": 23, 
        "model": "enemygen.weapon", 
        "fields": {
            "damage_modifier": false, 
            "name": "Shortspear", 
            "hp": 5, 
            "reach": "L", 
            "damage": "1D8+1", 
            "ap": 4, 
            "type": "1h-melee", 
            "size": "M"
        }
    }, 
    {
        "pk": 24, 
        "model": "enemygen.weapon", 
        "fields": {
            "damage_modifier": false, 
            "name": "Shortsword", 
            "hp": 8, 
            "reach": "S", 
            "damage": "1D6", 
            "ap": 6, 
            "type": "1h-melee", 
            "size": "M"
        }
    }, 
    {
        "pk": 25, 
        "model": "enemygen.weapon", 
        "fields": {
            "damage_modifier": false, 
            "name": "Trident", 
            "hp": 10, 
            "reach": "L", 
            "damage": "1D8", 
            "ap": 4, 
            "type": "1h-melee", 
            "size": "M"
        }
    }, 
    {
        "pk": 26, 
        "model": "enemygen.weapon", 
        "fields": {
            "damage_modifier": false, 
            "name": "Buckler", 
            "hp": 9, 
            "reach": "S", 
            "damage": "1D3", 
            "ap": 6, 
            "type": "shield", 
            "size": "M"
        }
    }, 
    {
        "pk": 27, 
        "model": "enemygen.weapon", 
        "fields": {
            "damage_modifier": false, 
            "name": "Heater", 
            "hp": 12, 
            "reach": "S", 
            "damage": "1D4", 
            "ap": 6, 
            "type": "shield", 
            "size": "L"
        }
    }, 
    {
        "pk": 28, 
        "model": "enemygen.weapon", 
        "fields": {
            "damage_modifier": false, 
            "name": "Hoplite", 
            "hp": 15, 
            "reach": "S", 
            "damage": "1D4", 
            "ap": 6, 
            "type": "shield", 
            "size": "H"
        }
    }, 
    {
        "pk": 29, 
        "model": "enemygen.weapon", 
        "fields": {
            "damage_modifier": false, 
            "name": "Kite", 
            "hp": 15, 
            "reach": "S", 
            "damage": "1D4", 
            "ap": 4, 
            "type": "shield", 
            "size": "H"
        }
    }, 
    {
        "pk": 30, 
        "model": "enemygen.weapon", 
        "fields": {
            "damage_modifier": false, 
            "name": "Peltast", 
            "hp": 12, 
            "reach": "S", 
            "damage": "1D4", 
            "ap": 4, 
            "type": "shield", 
            "size": "L"
        }
    }, 
    {
        "pk": 31, 
        "model": "enemygen.weapon", 
        "fields": {
            "damage_modifier": false, 
            "name": "Scutum", 
            "hp": 18, 
            "reach": "S", 
            "damage": "1D4", 
            "ap": 4, 
            "type": "shield", 
            "size": "H"
        }
    }, 
    {
        "pk": 32, 
        "model": "enemygen.weapon", 
        "fields": {
            "damage_modifier": false, 
            "name": "Target", 
            "hp": 9, 
            "reach": "S", 
            "damage": "1D3+1", 
            "ap": 4, 
            "type": "shield", 
            "size": "L"
        }
    }, 
    {
        "pk": 33, 
        "model": "enemygen.weapon", 
        "fields": {
            "damage_modifier": false, 
            "name": "Viking", 
            "hp": 12, 
            "reach": "S", 
            "damage": "1D4", 
            "ap": 4, 
            "type": "shield", 
            "size": "L"
        }
    }, 
    {
        "pk": 34, 
        "model": "enemygen.weapon", 
        "fields": {
            "damage_modifier": false, 
            "name": "Blowgun", 
            "hp": 4, 
            "reach": "-", 
            "damage": "0", 
            "ap": 1, 
            "type": "ranged", 
            "size": "S"
        }
    }, 
    {
        "pk": 35, 
        "model": "enemygen.weapon", 
        "fields": {
            "damage_modifier": false, 
            "name": "Bolas", 
            "hp": 2, 
            "reach": "-", 
            "damage": "1D4", 
            "ap": 2, 
            "type": "ranged", 
            "size": "S"
        }
    }, 
    {
        "pk": 36, 
        "model": "enemygen.weapon", 
        "fields": {
            "damage_modifier": true, 
            "name": "Dagger", 
            "hp": 6, 
            "reach": "-", 
            "damage": "1D4", 
            "ap": 4, 
            "type": "ranged", 
            "size": "S"
        }
    }, 
    {
        "pk": 37, 
        "model": "enemygen.weapon", 
        "fields": {
            "damage_modifier": true, 
            "name": "Dart", 
            "hp": 1, 
            "reach": "-", 
            "damage": "1D4", 
            "ap": 2, 
            "type": "ranged", 
            "size": "S"
        }
    }, 
    {
        "pk": 38, 
        "model": "enemygen.weapon", 
        "fields": {
            "damage_modifier": true, 
            "name": "Discus", 
            "hp": 3, 
            "reach": "-", 
            "damage": "1D4+1", 
            "ap": 2, 
            "type": "ranged", 
            "size": "L"
        }
    }, 
    {
        "pk": 39, 
        "model": "enemygen.weapon", 
        "fields": {
            "damage_modifier": true, 
            "name": "Hatchet", 
            "hp": 6, 
            "reach": "-", 
            "damage": "1D6", 
            "ap": 4, 
            "type": "ranged", 
            "size": "S"
        }
    }, 
    {
        "pk": 40, 
        "model": "enemygen.weapon", 
        "fields": {
            "damage_modifier": true, 
            "name": "Javelin", 
            "hp": 8, 
            "reach": "-", 
            "damage": "1D8+1", 
            "ap": 3, 
            "type": "ranged", 
            "size": "H"
        }
    }, 
    {
        "pk": 41, 
        "model": "enemygen.weapon", 
        "fields": {
            "damage_modifier": false, 
            "name": "Net", 
            "hp": 20, 
            "reach": "-", 
            "damage": "0", 
            "ap": 2, 
            "type": "ranged", 
            "size": "S"
        }
    }, 
    {
        "pk": 42, 
        "model": "enemygen.weapon", 
        "fields": {
            "damage_modifier": true, 
            "name": "Recurve bow", 
            "hp": 8, 
            "reach": "-", 
            "damage": "1D8", 
            "ap": 4, 
            "type": "ranged", 
            "size": "H"
        }
    }, 
    {
        "pk": 43, 
        "model": "enemygen.weapon", 
        "fields": {
            "damage_modifier": true, 
            "name": "Short Bow", 
            "hp": 4, 
            "reach": "-", 
            "damage": "1D6", 
            "ap": 4, 
            "type": "ranged", 
            "size": "L"
        }
    }, 
    {
        "pk": 44, 
        "model": "enemygen.weapon", 
        "fields": {
            "damage_modifier": true, 
            "name": "Shortspear", 
            "hp": 5, 
            "reach": "-", 
            "damage": "1D8", 
            "ap": 4, 
            "type": "ranged", 
            "size": "L"
        }
    }, 
    {
        "pk": 45, 
        "model": "enemygen.weapon", 
        "fields": {
            "damage_modifier": false, 
            "name": "Sling", 
            "hp": 2, 
            "reach": "-", 
            "damage": "1D8", 
            "ap": 1, 
            "type": "ranged", 
            "size": "L"
        }
    }, 
    {
        "pk": 46, 
        "model": "enemygen.weapon", 
        "fields": {
            "damage_modifier": false, 
            "name": "Staff sling", 
            "hp": 6, 
            "reach": "-", 
            "damage": "2D6", 
            "ap": 3, 
            "type": "ranged", 
            "size": "E"
        }
    }, 
    {
        "pk": 47, 
        "model": "enemygen.weapon", 
        "fields": {
            "damage_modifier": true, 
            "name": "Stone", 
            "hp": 0, 
            "reach": "-", 
            "damage": "1D3", 
            "ap": 0, 
            "type": "ranged", 
            "size": "S"
        }
    }, 
    {
        "pk": 48, 
        "model": "enemygen.weapon", 
        "fields": {
            "damage_modifier": true, 
            "name": "Trident", 
            "hp": 10, 
            "reach": "-", 
            "damage": "1D8", 
            "ap": 4, 
            "type": "ranged", 
            "size": "L"
        }
    }, 
    {
        "pk": 49, 
        "model": "enemygen.weapon", 
        "fields": {
            "damage_modifier": false, 
            "name": "Garrotte", 
            "hp": 2, 
            "reach": "T", 
            "damage": "1D2", 
            "ap": 1, 
            "type": "2h-melee", 
            "size": "S"
        }
    }, 
    {
        "pk": 50, 
        "model": "enemygen.weapon", 
        "fields": {
            "damage_modifier": false, 
            "name": "Glaive", 
            "hp": 10, 
            "reach": "L", 
            "damage": "1D10+2", 
            "ap": 4, 
            "type": "2h-melee", 
            "size": "L"
        }
    }, 
    {
        "pk": 51, 
        "model": "enemygen.weapon", 
        "fields": {
            "damage_modifier": false, 
            "name": "Great Club", 
            "hp": 10, 
            "reach": "L", 
            "damage": "2D6", 
            "ap": 4, 
            "type": "2h-melee", 
            "size": "H"
        }
    }, 
    {
        "pk": 52, 
        "model": "enemygen.weapon", 
        "fields": {
            "damage_modifier": false, 
            "name": "Great Hammer", 
            "hp": 10, 
            "reach": "L", 
            "damage": "1D10+3", 
            "ap": 4, 
            "type": "2h-melee", 
            "size": "H"
        }
    }, 
    {
        "pk": 53, 
        "model": "enemygen.weapon", 
        "fields": {
            "damage_modifier": false, 
            "name": "Great Sword", 
            "hp": 12, 
            "reach": "L", 
            "damage": "2D8", 
            "ap": 6, 
            "type": "2h-melee", 
            "size": "H"
        }
    }, 
    {
        "pk": 54, 
        "model": "enemygen.weapon", 
        "fields": {
            "damage_modifier": false, 
            "name": "Halberd", 
            "hp": 10, 
            "reach": "VL", 
            "damage": "1D8+2", 
            "ap": 4, 
            "type": "2h-melee", 
            "size": "L"
        }
    }, 
    {
        "pk": 55, 
        "model": "enemygen.weapon", 
        "fields": {
            "damage_modifier": false, 
            "name": "Longspear", 
            "hp": 10, 
            "reach": "VL", 
            "damage": "1D10+1", 
            "ap": 4, 
            "type": "2h-melee", 
            "size": "L"
        }
    }, 
    {
        "pk": 56, 
        "model": "enemygen.weapon", 
        "fields": {
            "damage_modifier": false, 
            "name": "Military flail", 
            "hp": 10, 
            "reach": "L", 
            "damage": "1D10", 
            "ap": 4, 
            "type": "2h-melee", 
            "size": "L"
        }
    }, 
    {
        "pk": 57, 
        "model": "enemygen.weapon", 
        "fields": {
            "damage_modifier": false, 
            "name": "Pike", 
            "hp": 12, 
            "reach": "VL", 
            "damage": "1D10+2", 
            "ap": 4, 
            "type": "2h-melee", 
            "size": "L"
        }
    }, 
    {
        "pk": 58, 
        "model": "enemygen.weapon", 
        "fields": {
            "damage_modifier": false, 
            "name": "Quarterstaff", 
            "hp": 8, 
            "reach": "L", 
            "damage": "1D8", 
            "ap": 4, 
            "type": "2h-melee", 
            "size": "M"
        }
    }, 
    {
        "pk": 59, 
        "model": "enemygen.weapon", 
        "fields": {
            "damage_modifier": false, 
            "name": "Xyston", 
            "hp": 10, 
            "reach": "VL", 
            "damage": "1D10", 
            "ap": 4, 
            "type": "2h-melee", 
            "size": "L"
        }
    }, 
    {
        "pk": 5, 
        "model": "enemygen.race", 
        "fields": {
            "owner": 1, 
            "name": "Broo", 
            "special": "", 
            "movement": 8
        }
    }, 
    {
        "pk": 2, 
        "model": "enemygen.race", 
        "fields": {
            "owner": 1, 
            "name": "Centaur", 
            "special": "", 
            "movement": 12
        }
    }, 
    {
        "pk": 7, 
        "model": "enemygen.race", 
        "fields": {
            "owner": 1, 
            "name": "Dark Troll", 
            "special": "", 
            "movement": 6
        }
    }, 
    {
        "pk": 3, 
        "model": "enemygen.race", 
        "fields": {
            "owner": 1, 
            "name": "Dwarf", 
            "special": "", 
            "movement": 4
        }
    }, 
    {
        "pk": 4, 
        "model": "enemygen.race", 
        "fields": {
            "owner": 1, 
            "name": "Elf", 
            "special": "", 
            "movement": 6
        }
    }, 
    {
        "pk": 8, 
        "model": "enemygen.race", 
        "fields": {
            "owner": 1, 
            "name": "Great Troll", 
            "special": "", 
            "movement": 6
        }
    }, 
    {
        "pk": 1, 
        "model": "enemygen.race", 
        "fields": {
            "owner": 1, 
            "name": "Human", 
            "special": "", 
            "movement": 6
        }
    }, 
    {
        "pk": 6, 
        "model": "enemygen.race", 
        "fields": {
            "owner": 1, 
            "name": "Trollkin", 
            "special": "", 
            "movement": 6
        }
    }, 
    {
        "pk": 1, 
        "model": "enemygen.hitlocation", 
        "fields": {
            "range_end": 3, 
            "range_start": 1, 
            "name": "Right leg", 
            "natural_armor": 0, 
            "race": 1, 
            "hp_modifier": 0
        }
    }, 
    {
        "pk": 53, 
        "model": "enemygen.hitlocation", 
        "fields": {
            "range_end": 3, 
            "range_start": 1, 
            "name": "Right leg", 
            "natural_armor": 3, 
            "race": 8, 
            "hp_modifier": 0
        }
    }, 
    {
        "pk": 18, 
        "model": "enemygen.hitlocation", 
        "fields": {
            "range_end": 3, 
            "range_start": 1, 
            "name": "Right leg", 
            "natural_armor": 0, 
            "race": 3, 
            "hp_modifier": 0
        }
    }, 
    {
        "pk": 25, 
        "model": "enemygen.hitlocation", 
        "fields": {
            "range_end": 3, 
            "range_start": 1, 
            "name": "Right leg", 
            "natural_armor": 0, 
            "race": 4, 
            "hp_modifier": 0
        }
    }, 
    {
        "pk": 32, 
        "model": "enemygen.hitlocation", 
        "fields": {
            "range_end": 3, 
            "range_start": 1, 
            "name": "Right leg", 
            "natural_armor": 1, 
            "race": 5, 
            "hp_modifier": 0
        }
    }, 
    {
        "pk": 46, 
        "model": "enemygen.hitlocation", 
        "fields": {
            "range_end": 3, 
            "range_start": 1, 
            "name": "Right leg", 
            "natural_armor": 2, 
            "race": 7, 
            "hp_modifier": 0
        }
    }, 
    {
        "pk": 8, 
        "model": "enemygen.hitlocation", 
        "fields": {
            "range_end": 3, 
            "range_start": 1, 
            "name": "Right rear leg", 
            "natural_armor": 0, 
            "race": 2, 
            "hp_modifier": 0
        }
    }, 
    {
        "pk": 39, 
        "model": "enemygen.hitlocation", 
        "fields": {
            "range_end": 3, 
            "range_start": 1, 
            "name": "Right leg", 
            "natural_armor": 1, 
            "race": 6, 
            "hp_modifier": 0
        }
    }, 
    {
        "pk": 54, 
        "model": "enemygen.hitlocation", 
        "fields": {
            "range_end": 6, 
            "range_start": 4, 
            "name": "Left leg", 
            "natural_armor": 3, 
            "race": 8, 
            "hp_modifier": 0
        }
    }, 
    {
        "pk": 2, 
        "model": "enemygen.hitlocation", 
        "fields": {
            "range_end": 6, 
            "range_start": 4, 
            "name": "Left leg", 
            "natural_armor": 0, 
            "race": 1, 
            "hp_modifier": 0
        }
    }, 
    {
        "pk": 26, 
        "model": "enemygen.hitlocation", 
        "fields": {
            "range_end": 6, 
            "range_start": 4, 
            "name": "Left leg", 
            "natural_armor": 0, 
            "race": 4, 
            "hp_modifier": 0
        }
    }, 
    {
        "pk": 9, 
        "model": "enemygen.hitlocation", 
        "fields": {
            "range_end": 6, 
            "range_start": 4, 
            "name": "Left rear leg", 
            "natural_armor": 0, 
            "race": 2, 
            "hp_modifier": 0
        }
    }, 
    {
        "pk": 19, 
        "model": "enemygen.hitlocation", 
        "fields": {
            "range_end": 6, 
            "range_start": 4, 
            "name": "Left leg", 
            "natural_armor": 0, 
            "race": 3, 
            "hp_modifier": 0
        }
    }, 
    {
        "pk": 33, 
        "model": "enemygen.hitlocation", 
        "fields": {
            "range_end": 6, 
            "range_start": 4, 
            "name": "Left leg", 
            "natural_armor": 1, 
            "race": 5, 
            "hp_modifier": 0
        }
    }, 
    {
        "pk": 47, 
        "model": "enemygen.hitlocation", 
        "fields": {
            "range_end": 6, 
            "range_start": 4, 
            "name": "Left leg", 
            "natural_armor": 2, 
            "race": 7, 
            "hp_modifier": 0
        }
    }, 
    {
        "pk": 40, 
        "model": "enemygen.hitlocation", 
        "fields": {
            "range_end": 6, 
            "range_start": 4, 
            "name": "Left leg", 
            "natural_armor": 1, 
            "race": 6, 
            "hp_modifier": 0
        }
    }, 
    {
        "pk": 41, 
        "model": "enemygen.hitlocation", 
        "fields": {
            "range_end": 9, 
            "range_start": 7, 
            "name": "Abdomen", 
            "natural_armor": 1, 
            "race": 6, 
            "hp_modifier": 1
        }
    }, 
    {
        "pk": 27, 
        "model": "enemygen.hitlocation", 
        "fields": {
            "range_end": 9, 
            "range_start": 7, 
            "name": "Abdomen", 
            "natural_armor": 0, 
            "race": 4, 
            "hp_modifier": 1
        }
    }, 
    {
        "pk": 34, 
        "model": "enemygen.hitlocation", 
        "fields": {
            "range_end": 9, 
            "range_start": 7, 
            "name": "Abdomen", 
            "natural_armor": 1, 
            "race": 5, 
            "hp_modifier": 1
        }
    }, 
    {
        "pk": 48, 
        "model": "enemygen.hitlocation", 
        "fields": {
            "range_end": 9, 
            "range_start": 7, 
            "name": "Abdomen", 
            "natural_armor": 2, 
            "race": 7, 
            "hp_modifier": 1
        }
    }, 
    {
        "pk": 3, 
        "model": "enemygen.hitlocation", 
        "fields": {
            "range_end": 9, 
            "range_start": 7, 
            "name": "Abdomen", 
            "natural_armor": 0, 
            "race": 1, 
            "hp_modifier": 1
        }
    }, 
    {
        "pk": 10, 
        "model": "enemygen.hitlocation", 
        "fields": {
            "range_end": 8, 
            "range_start": 7, 
            "name": "Hindquarters", 
            "natural_armor": 0, 
            "race": 2, 
            "hp_modifier": 1
        }
    }, 
    {
        "pk": 20, 
        "model": "enemygen.hitlocation", 
        "fields": {
            "range_end": 9, 
            "range_start": 7, 
            "name": "Abdomen", 
            "natural_armor": 0, 
            "race": 3, 
            "hp_modifier": 1
        }
    }, 
    {
        "pk": 55, 
        "model": "enemygen.hitlocation", 
        "fields": {
            "range_end": 9, 
            "range_start": 7, 
            "name": "Abdomen", 
            "natural_armor": 3, 
            "race": 8, 
            "hp_modifier": 1
        }
    }, 
    {
        "pk": 11, 
        "model": "enemygen.hitlocation", 
        "fields": {
            "range_end": 10, 
            "range_start": 9, 
            "name": "Forequarters", 
            "natural_armor": 0, 
            "race": 2, 
            "hp_modifier": 2
        }
    }, 
    {
        "pk": 56, 
        "model": "enemygen.hitlocation", 
        "fields": {
            "range_end": 12, 
            "range_start": 10, 
            "name": "Chest", 
            "natural_armor": 3, 
            "race": 8, 
            "hp_modifier": 2
        }
    }, 
    {
        "pk": 49, 
        "model": "enemygen.hitlocation", 
        "fields": {
            "range_end": 12, 
            "range_start": 10, 
            "name": "Chest", 
            "natural_armor": 2, 
            "race": 7, 
            "hp_modifier": 2
        }
    }, 
    {
        "pk": 28, 
        "model": "enemygen.hitlocation", 
        "fields": {
            "range_end": 12, 
            "range_start": 10, 
            "name": "Chest", 
            "natural_armor": 0, 
            "race": 4, 
            "hp_modifier": 2
        }
    }, 
    {
        "pk": 4, 
        "model": "enemygen.hitlocation", 
        "fields": {
            "range_end": 12, 
            "range_start": 10, 
            "name": "Chest", 
            "natural_armor": 0, 
            "race": 1, 
            "hp_modifier": 2
        }
    }, 
    {
        "pk": 21, 
        "model": "enemygen.hitlocation", 
        "fields": {
            "range_end": 12, 
            "range_start": 10, 
            "name": "Chest", 
            "natural_armor": 0, 
            "race": 3, 
            "hp_modifier": 8
        }
    }, 
    {
        "pk": 42, 
        "model": "enemygen.hitlocation", 
        "fields": {
            "range_end": 12, 
            "range_start": 10, 
            "name": "Chest", 
            "natural_armor": 1, 
            "race": 6, 
            "hp_modifier": 2
        }
    }, 
    {
        "pk": 35, 
        "model": "enemygen.hitlocation", 
        "fields": {
            "range_end": 12, 
            "range_start": 10, 
            "name": "Chest", 
            "natural_armor": 1, 
            "race": 5, 
            "hp_modifier": 2
        }
    }, 
    {
        "pk": 12, 
        "model": "enemygen.hitlocation", 
        "fields": {
            "range_end": 12, 
            "range_start": 11, 
            "name": "Right Front Leg", 
            "natural_armor": 0, 
            "race": 2, 
            "hp_modifier": 0
        }
    }, 
    {
        "pk": 5, 
        "model": "enemygen.hitlocation", 
        "fields": {
            "range_end": 15, 
            "range_start": 13, 
            "name": "Right arm", 
            "natural_armor": 0, 
            "race": 1, 
            "hp_modifier": -1
        }
    }, 
    {
        "pk": 43, 
        "model": "enemygen.hitlocation", 
        "fields": {
            "range_end": 15, 
            "range_start": 13, 
            "name": "Right arm", 
            "natural_armor": 1, 
            "race": 6, 
            "hp_modifier": -1
        }
    }, 
    {
        "pk": 13, 
        "model": "enemygen.hitlocation", 
        "fields": {
            "range_end": 14, 
            "range_start": 13, 
            "name": "Left front leg", 
            "natural_armor": 0, 
            "race": 2, 
            "hp_modifier": 0
        }
    }, 
    {
        "pk": 22, 
        "model": "enemygen.hitlocation", 
        "fields": {
            "range_end": 15, 
            "range_start": 13, 
            "name": "Right arm", 
            "natural_armor": 0, 
            "race": 3, 
            "hp_modifier": -1
        }
    }, 
    {
        "pk": 50, 
        "model": "enemygen.hitlocation", 
        "fields": {
            "range_end": 15, 
            "range_start": 13, 
            "name": "Right arm", 
            "natural_armor": 2, 
            "race": 7, 
            "hp_modifier": -1
        }
    }, 
    {
        "pk": 29, 
        "model": "enemygen.hitlocation", 
        "fields": {
            "range_end": 15, 
            "range_start": 13, 
            "name": "Right arm", 
            "natural_armor": 0, 
            "race": 4, 
            "hp_modifier": -1
        }
    }, 
    {
        "pk": 37, 
        "model": "enemygen.hitlocation", 
        "fields": {
            "range_end": 15, 
            "range_start": 13, 
            "name": "Right arm", 
            "natural_armor": 1, 
            "race": 5, 
            "hp_modifier": -1
        }
    }, 
    {
        "pk": 57, 
        "model": "enemygen.hitlocation", 
        "fields": {
            "range_end": 15, 
            "range_start": 13, 
            "name": "Right arm", 
            "natural_armor": 3, 
            "race": 8, 
            "hp_modifier": -1
        }
    }, 
    {
        "pk": 14, 
        "model": "enemygen.hitlocation", 
        "fields": {
            "range_end": 16, 
            "range_start": 15, 
            "name": "Chest", 
            "natural_armor": 0, 
            "race": 2, 
            "hp_modifier": -1
        }
    }, 
    {
        "pk": 58, 
        "model": "enemygen.hitlocation", 
        "fields": {
            "range_end": 18, 
            "range_start": 16, 
            "name": "Left arm", 
            "natural_armor": 3, 
            "race": 8, 
            "hp_modifier": -1
        }
    }, 
    {
        "pk": 51, 
        "model": "enemygen.hitlocation", 
        "fields": {
            "range_end": 18, 
            "range_start": 16, 
            "name": "Left arm", 
            "natural_armor": 2, 
            "race": 7, 
            "hp_modifier": -1
        }
    }, 
    {
        "pk": 44, 
        "model": "enemygen.hitlocation", 
        "fields": {
            "range_end": 18, 
            "range_start": 16, 
            "name": "Left arm", 
            "natural_armor": 1, 
            "race": 6, 
            "hp_modifier": -1
        }
    }, 
    {
        "pk": 6, 
        "model": "enemygen.hitlocation", 
        "fields": {
            "range_end": 18, 
            "range_start": 16, 
            "name": "Left arm", 
            "natural_armor": 0, 
            "race": 1, 
            "hp_modifier": -1
        }
    }, 
    {
        "pk": 23, 
        "model": "enemygen.hitlocation", 
        "fields": {
            "range_end": 18, 
            "range_start": 16, 
            "name": "Left arm", 
            "natural_armor": 0, 
            "race": 3, 
            "hp_modifier": -1
        }
    }, 
    {
        "pk": 36, 
        "model": "enemygen.hitlocation", 
        "fields": {
            "range_end": 18, 
            "range_start": 16, 
            "name": "Left arm", 
            "natural_armor": 1, 
            "race": 5, 
            "hp_modifier": -1
        }
    }, 
    {
        "pk": 30, 
        "model": "enemygen.hitlocation", 
        "fields": {
            "range_end": 18, 
            "range_start": 16, 
            "name": "Left arm", 
            "natural_armor": 0, 
            "race": 4, 
            "hp_modifier": -1
        }
    }, 
    {
        "pk": 15, 
        "model": "enemygen.hitlocation", 
        "fields": {
            "range_end": 17, 
            "range_start": 17, 
            "name": "Right arm", 
            "natural_armor": 0, 
            "race": 2, 
            "hp_modifier": -4
        }
    }, 
    {
        "pk": 16, 
        "model": "enemygen.hitlocation", 
        "fields": {
            "range_end": 18, 
            "range_start": 18, 
            "name": "Left arm", 
            "natural_armor": 0, 
            "race": 2, 
            "hp_modifier": -4
        }
    }, 
    {
        "pk": 45, 
        "model": "enemygen.hitlocation", 
        "fields": {
            "range_end": 20, 
            "range_start": 19, 
            "name": "Head", 
            "natural_armor": 1, 
            "race": 6, 
            "hp_modifier": 0
        }
    }, 
    {
        "pk": 7, 
        "model": "enemygen.hitlocation", 
        "fields": {
            "range_end": 20, 
            "range_start": 19, 
            "name": "Head", 
            "natural_armor": 0, 
            "race": 1, 
            "hp_modifier": 0
        }
    }, 
    {
        "pk": 17, 
        "model": "enemygen.hitlocation", 
        "fields": {
            "range_end": 20, 
            "range_start": 19, 
            "name": "Head", 
            "natural_armor": 0, 
            "race": 2, 
            "hp_modifier": -3
        }
    }, 
    {
        "pk": 24, 
        "model": "enemygen.hitlocation", 
        "fields": {
            "range_end": 20, 
            "range_start": 19, 
            "name": "Head", 
            "natural_armor": 0, 
            "race": 3, 
            "hp_modifier": 0
        }
    }, 
    {
        "pk": 52, 
        "model": "enemygen.hitlocation", 
        "fields": {
            "range_end": 20, 
            "range_start": 19, 
            "name": "Head", 
            "natural_armor": 2, 
            "race": 7, 
            "hp_modifier": 0
        }
    }, 
    {
        "pk": 31, 
        "model": "enemygen.hitlocation", 
        "fields": {
            "range_end": 20, 
            "range_start": 19, 
            "name": "Head", 
            "natural_armor": 0, 
            "race": 4, 
            "hp_modifier": 0
        }
    }, 
    {
        "pk": 38, 
        "model": "enemygen.hitlocation", 
        "fields": {
            "range_end": 20, 
            "range_start": 19, 
            "name": "Head", 
            "natural_armor": 1, 
            "race": 5, 
            "hp_modifier": 0
        }
    }, 
    {
        "pk": 59, 
        "model": "enemygen.hitlocation", 
        "fields": {
            "range_end": 20, 
            "range_start": 19, 
            "name": "Head", 
            "natural_armor": 3, 
            "race": 8, 
            "hp_modifier": 0
        }
    }, 
    {
        "pk": 40, 
        "model": "enemygen.enemytemplate", 
        "fields": {
            "race": 5, 
            "folk_spell_amount": "D4", 
            "sorcery_spell_amount": "0", 
            "generated": 125, 
            "setting": 1, 
            "ruleset": 1, 
            "published": true, 
            "owner": 1, 
            "theism_spell_amount": "1", 
            "name": "Broo Berserker"
        }
    }, 
    {
        "pk": 37, 
        "model": "enemygen.enemytemplate", 
        "fields": {
            "race": 1, 
            "folk_spell_amount": "D3+1", 
            "sorcery_spell_amount": "0", 
            "generated": 67, 
            "setting": 1, 
            "ruleset": 1, 
            "published": true, 
            "owner": 1, 
            "theism_spell_amount": "D2-1", 
            "name": "Orlanthi Warrior"
        }
    }, 
    {
        "pk": 38, 
        "model": "enemygen.enemytemplate", 
        "fields": {
            "race": 1, 
            "folk_spell_amount": "D3+1", 
            "sorcery_spell_amount": "0", 
            "generated": 73, 
            "setting": 1, 
            "ruleset": 1, 
            "published": true, 
            "owner": 1, 
            "theism_spell_amount": "0", 
            "name": "Nomad Warrior"
        }
    }, 
    {
        "pk": 39, 
        "model": "enemygen.enemytemplate", 
        "fields": {
            "race": 2, 
            "folk_spell_amount": "D2", 
            "sorcery_spell_amount": "0", 
            "generated": 58, 
            "setting": 1, 
            "ruleset": 1, 
            "published": true, 
            "owner": 1, 
            "theism_spell_amount": "0", 
            "name": "Centaur Warrior"
        }
    }, 
    {
        "pk": 41, 
        "model": "enemygen.enemytemplate", 
        "fields": {
            "race": 3, 
            "folk_spell_amount": "0", 
            "sorcery_spell_amount": "0", 
            "generated": 20, 
            "setting": 2, 
            "ruleset": 1, 
            "published": true, 
            "owner": 1, 
            "theism_spell_amount": "1", 
            "name": "Dwarf Berserker"
        }
    }, 
    {
        "pk": 42, 
        "model": "enemygen.enemytemplate", 
        "fields": {
            "race": 1, 
            "folk_spell_amount": "0", 
            "sorcery_spell_amount": "0", 
            "generated": 18, 
            "setting": 2, 
            "ruleset": 1, 
            "published": true, 
            "owner": 1, 
            "theism_spell_amount": "0", 
            "name": "Kobold warrior"
        }
    }, 
    {
        "pk": 43, 
        "model": "enemygen.enemytemplate", 
        "fields": {
            "race": 1, 
            "folk_spell_amount": "0", 
            "sorcery_spell_amount": "0", 
            "generated": 26, 
            "setting": 1, 
            "ruleset": 1, 
            "published": false, 
            "owner": 5, 
            "theism_spell_amount": "0", 
            "name": "Human Template 43"
        }
    }, 
    {
        "pk": 44, 
        "model": "enemygen.enemytemplate", 
        "fields": {
            "race": 4, 
            "folk_spell_amount": "1D4+1", 
            "sorcery_spell_amount": "0", 
            "generated": 43, 
            "setting": 1, 
            "ruleset": 1, 
            "published": true, 
            "owner": 5, 
            "theism_spell_amount": "0", 
            "name": "Dunmer Ashlander"
        }
    }, 
    {
        "pk": 45, 
        "model": "enemygen.enemytemplate", 
        "fields": {
            "race": 1, 
            "folk_spell_amount": "0", 
            "sorcery_spell_amount": "0", 
            "generated": 50, 
            "setting": 1, 
            "ruleset": 1, 
            "published": false, 
            "owner": 6, 
            "theism_spell_amount": "0", 
            "name": "Human Template 45"
        }
    }, 
    {
        "pk": 46, 
        "model": "enemygen.enemytemplate", 
        "fields": {
            "race": 1, 
            "folk_spell_amount": "3", 
            "sorcery_spell_amount": "0", 
            "generated": 90, 
            "setting": 1, 
            "ruleset": 1, 
            "published": true, 
            "owner": 7, 
            "theism_spell_amount": "0", 
            "name": "Human Warrior"
        }
    }, 
    {
        "pk": 47, 
        "model": "enemygen.enemytemplate", 
        "fields": {
            "race": 1, 
            "folk_spell_amount": "0", 
            "sorcery_spell_amount": "0", 
            "generated": 18, 
            "setting": 1, 
            "ruleset": 1, 
            "published": false, 
            "owner": 8, 
            "theism_spell_amount": "0", 
            "name": "Human Template 47"
        }
    }, 
    {
        "pk": 48, 
        "model": "enemygen.enemytemplate", 
        "fields": {
            "race": 1, 
            "folk_spell_amount": "4", 
            "sorcery_spell_amount": "0", 
            "generated": 21, 
            "setting": 2, 
            "ruleset": 1, 
            "published": true, 
            "owner": 10, 
            "theism_spell_amount": "0", 
            "name": "Human Thief"
        }
    }, 
    {
        "pk": 49, 
        "model": "enemygen.enemytemplate", 
        "fields": {
            "race": 1, 
            "folk_spell_amount": "3", 
            "sorcery_spell_amount": "0", 
            "generated": 55, 
            "setting": 2, 
            "ruleset": 1, 
            "published": true, 
            "owner": 7, 
            "theism_spell_amount": "0", 
            "name": "Human Saxon Pirate"
        }
    }, 
    {
        "pk": 50, 
        "model": "enemygen.enemytemplate", 
        "fields": {
            "race": 1, 
            "folk_spell_amount": "1d4-1", 
            "sorcery_spell_amount": "0", 
            "generated": 35, 
            "setting": 2, 
            "ruleset": 1, 
            "published": true, 
            "owner": 7, 
            "theism_spell_amount": "1D3-1", 
            "name": "Human Saxon Raider"
        }
    }, 
    {
        "pk": 51, 
        "model": "enemygen.enemytemplate", 
        "fields": {
            "race": 1, 
            "folk_spell_amount": "1D4-1", 
            "sorcery_spell_amount": "0", 
            "generated": 66, 
            "setting": 2, 
            "ruleset": 1, 
            "published": true, 
            "owner": 7, 
            "theism_spell_amount": "0", 
            "name": "Human Hun"
        }
    }, 
    {
        "pk": 9, 
        "model": "enemygen.combatstyle", 
        "fields": {
            "enemy_template": 37, 
            "die_set": "STR+DEX+30", 
            "name": "Orlanthi warrior", 
            "weapon_options": [
                7, 
                8, 
                15, 
                23, 
                27, 
                32, 
                43
            ]
        }
    }, 
    {
        "pk": 11, 
        "model": "enemygen.combatstyle", 
        "fields": {
            "enemy_template": 39, 
            "die_set": "STR+DEX+30", 
            "name": "Centaur Rager", 
            "weapon_options": [
                3, 
                5, 
                7, 
                8, 
                15, 
                27, 
                28, 
                32
            ]
        }
    }, 
    {
        "pk": 10, 
        "model": "enemygen.combatstyle", 
        "fields": {
            "enemy_template": 38, 
            "die_set": "STR+DEX+40", 
            "name": "Nomad warrior", 
            "weapon_options": [
                23, 
                32, 
                43, 
                44, 
                45, 
                55
            ]
        }
    }, 
    {
        "pk": 12, 
        "model": "enemygen.combatstyle", 
        "fields": {
            "enemy_template": 40, 
            "die_set": "STR+DEX+50+D10", 
            "name": "Broo berserker", 
            "weapon_options": [
                5, 
                52, 
                53
            ]
        }
    }, 
    {
        "pk": 13, 
        "model": "enemygen.combatstyle", 
        "fields": {
            "enemy_template": 41, 
            "die_set": "STR+DEX+30+D20", 
            "name": "Dwarf berserker", 
            "weapon_options": [
                1, 
                5
            ]
        }
    }, 
    {
        "pk": 14, 
        "model": "enemygen.combatstyle", 
        "fields": {
            "enemy_template": 42, 
            "die_set": "STR+DEX+10+D20", 
            "name": "Kobold warrior", 
            "weapon_options": [
                9, 
                11, 
                14, 
                16, 
                23, 
                26, 
                37, 
                45, 
                47
            ]
        }
    }, 
    {
        "pk": 15, 
        "model": "enemygen.combatstyle", 
        "fields": {
            "enemy_template": 43, 
            "die_set": "STR+DEX", 
            "name": "Primary Combat Style", 
            "weapon_options": []
        }
    }, 
    {
        "pk": 16, 
        "model": "enemygen.combatstyle", 
        "fields": {
            "enemy_template": 44, 
            "die_set": "STR+DEX+30", 
            "name": "Ashlander Warrior", 
            "weapon_options": [
                9, 
                10, 
                11, 
                23, 
                32, 
                43, 
                45
            ]
        }
    }, 
    {
        "pk": 17, 
        "model": "enemygen.combatstyle", 
        "fields": {
            "enemy_template": 45, 
            "die_set": "STR+DEX", 
            "name": "Primary Combat Style", 
            "weapon_options": []
        }
    }, 
    {
        "pk": 18, 
        "model": "enemygen.combatstyle", 
        "fields": {
            "enemy_template": 46, 
            "die_set": "STR+DEX+45", 
            "name": "Primary Combat Style", 
            "weapon_options": [
                23, 
                31, 
                40, 
                55
            ]
        }
    }, 
    {
        "pk": 19, 
        "model": "enemygen.combatstyle", 
        "fields": {
            "enemy_template": 47, 
            "die_set": "STR+DEX", 
            "name": "Primary Combat Style", 
            "weapon_options": []
        }
    }, 
    {
        "pk": 20, 
        "model": "enemygen.combatstyle", 
        "fields": {
            "enemy_template": 48, 
            "die_set": "STR+DEX+30", 
            "name": "Primary Combat Style", 
            "weapon_options": [
                10, 
                24, 
                45
            ]
        }
    }, 
    {
        "pk": 21, 
        "model": "enemygen.combatstyle", 
        "fields": {
            "enemy_template": 49, 
            "die_set": "STR+DEX+40", 
            "name": "Primary Combat Style", 
            "weapon_options": [
                4, 
                8, 
                33, 
                39
            ]
        }
    }, 
    {
        "pk": 22, 
        "model": "enemygen.combatstyle", 
        "fields": {
            "enemy_template": 50, 
            "die_set": "STR+DEX+5D10", 
            "name": "Primary Combat Style", 
            "weapon_options": [
                5, 
                8, 
                15, 
                23, 
                24, 
                33, 
                39, 
                40, 
                43, 
                45, 
                47, 
                52, 
                53, 
                55
            ]
        }
    }, 
    {
        "pk": 23, 
        "model": "enemygen.combatstyle", 
        "fields": {
            "enemy_template": 51, 
            "die_set": "STR+DEX+4D10+10", 
            "name": "Primary Combat Style", 
            "weapon_options": [
                8, 
                18, 
                24, 
                42
            ]
        }
    }, 
    {
        "pk": 1, 
        "model": "enemygen.skillabstract", 
        "fields": {
            "default_value": "STR+DEX", 
            "include": true, 
            "name": "Athletics", 
            "standard": true
        }
    }, 
    {
        "pk": 2, 
        "model": "enemygen.skillabstract", 
        "fields": {
            "default_value": "STR+CON", 
            "include": false, 
            "name": "Boating", 
            "standard": true
        }
    }, 
    {
        "pk": 3, 
        "model": "enemygen.skillabstract", 
        "fields": {
            "default_value": "STR+SIZ", 
            "include": true, 
            "name": "Brawn", 
            "standard": true
        }
    }, 
    {
        "pk": 6, 
        "model": "enemygen.skillabstract", 
        "fields": {
            "default_value": "DEX+POW", 
            "include": false, 
            "name": "Conceal", 
            "standard": true
        }
    }, 
    {
        "pk": 7, 
        "model": "enemygen.skillabstract", 
        "fields": {
            "default_value": "DEX+CHA", 
            "include": false, 
            "name": "Dance", 
            "standard": true
        }
    }, 
    {
        "pk": 8, 
        "model": "enemygen.skillabstract", 
        "fields": {
            "default_value": "INT+CHA", 
            "include": false, 
            "name": "Deceit", 
            "standard": true
        }
    }, 
    {
        "pk": 22, 
        "model": "enemygen.skillabstract", 
        "fields": {
            "default_value": "POW+CHA", 
            "include": false, 
            "name": "Devotion", 
            "standard": false
        }
    }, 
    {
        "pk": 4, 
        "model": "enemygen.skillabstract", 
        "fields": {
            "default_value": "CON+CON", 
            "include": true, 
            "name": "Endurance", 
            "standard": true
        }
    }, 
    {
        "pk": 9, 
        "model": "enemygen.skillabstract", 
        "fields": {
            "default_value": "DEX+DEX", 
            "include": true, 
            "name": "Evade", 
            "standard": true
        }
    }, 
    {
        "pk": 21, 
        "model": "enemygen.skillabstract", 
        "fields": {
            "default_value": "INT+CHA", 
            "include": false, 
            "name": "Exhort", 
            "standard": false
        }
    }, 
    {
        "pk": 10, 
        "model": "enemygen.skillabstract", 
        "fields": {
            "default_value": "DEX+INT", 
            "include": false, 
            "name": "First Aid", 
            "standard": true
        }
    }, 
    {
        "pk": 20, 
        "model": "enemygen.skillabstract", 
        "fields": {
            "default_value": "POW+CHA", 
            "include": false, 
            "name": "Folk Magic", 
            "standard": false
        }
    }, 
    {
        "pk": 11, 
        "model": "enemygen.skillabstract", 
        "fields": {
            "default_value": "CHA+CHA", 
            "include": false, 
            "name": "Influence", 
            "standard": true
        }
    }, 
    {
        "pk": 12, 
        "model": "enemygen.skillabstract", 
        "fields": {
            "default_value": "INT+POW", 
            "include": false, 
            "name": "Insight", 
            "standard": true
        }
    }, 
    {
        "pk": 23, 
        "model": "enemygen.skillabstract", 
        "fields": {
            "default_value": "INT+CHA", 
            "include": false, 
            "name": "Invocation", 
            "standard": false
        }
    }, 
    {
        "pk": 13, 
        "model": "enemygen.skillabstract", 
        "fields": {
            "default_value": "INT+INT", 
            "include": false, 
            "name": "Locale", 
            "standard": true
        }
    }, 
    {
        "pk": 14, 
        "model": "enemygen.skillabstract", 
        "fields": {
            "default_value": "INT+POW", 
            "include": true, 
            "name": "Perception", 
            "standard": true
        }
    }, 
    {
        "pk": 15, 
        "model": "enemygen.skillabstract", 
        "fields": {
            "default_value": "DEX+POW", 
            "include": false, 
            "name": "Ride", 
            "standard": true
        }
    }, 
    {
        "pk": 24, 
        "model": "enemygen.skillabstract", 
        "fields": {
            "default_value": "INT+POW", 
            "include": false, 
            "name": "Shaping", 
            "standard": false
        }
    }, 
    {
        "pk": 16, 
        "model": "enemygen.skillabstract", 
        "fields": {
            "default_value": "CHA+POW", 
            "include": false, 
            "name": "Sing", 
            "standard": true
        }
    }, 
    {
        "pk": 17, 
        "model": "enemygen.skillabstract", 
        "fields": {
            "default_value": "DEX+INT", 
            "include": false, 
            "name": "Stealth", 
            "standard": true
        }
    }, 
    {
        "pk": 18, 
        "model": "enemygen.skillabstract", 
        "fields": {
            "default_value": "STR+CON", 
            "include": false, 
            "name": "Swim", 
            "standard": true
        }
    }, 
    {
        "pk": 19, 
        "model": "enemygen.skillabstract", 
        "fields": {
            "default_value": "STR+DEX", 
            "include": true, 
            "name": "Unarmed", 
            "standard": true
        }
    }, 
    {
        "pk": 5, 
        "model": "enemygen.skillabstract", 
        "fields": {
            "default_value": "POW+POW", 
            "include": true, 
            "name": "Willpower", 
            "standard": true
        }
    }, 
    {
        "pk": 320, 
        "model": "enemygen.enemyskill", 
        "fields": {
            "include": true, 
            "skill": 1, 
            "enemy_template": 37, 
            "die_set": "STR+DEX"
        }
    }, 
    {
        "pk": 392, 
        "model": "enemygen.enemyskill", 
        "fields": {
            "include": true, 
            "skill": 1, 
            "enemy_template": 40, 
            "die_set": "STR+DEX+30"
        }
    }, 
    {
        "pk": 344, 
        "model": "enemygen.enemyskill", 
        "fields": {
            "include": true, 
            "skill": 1, 
            "enemy_template": 38, 
            "die_set": "STR+DEX+20"
        }
    }, 
    {
        "pk": 368, 
        "model": "enemygen.enemyskill", 
        "fields": {
            "include": true, 
            "skill": 1, 
            "enemy_template": 39, 
            "die_set": "STR+DEX+20"
        }
    }, 
    {
        "pk": 416, 
        "model": "enemygen.enemyskill", 
        "fields": {
            "include": true, 
            "skill": 1, 
            "enemy_template": 41, 
            "die_set": "STR+DEX+30"
        }
    }, 
    {
        "pk": 440, 
        "model": "enemygen.enemyskill", 
        "fields": {
            "include": true, 
            "skill": 1, 
            "enemy_template": 42, 
            "die_set": "STR+DEX+10"
        }
    }, 
    {
        "pk": 464, 
        "model": "enemygen.enemyskill", 
        "fields": {
            "include": true, 
            "skill": 1, 
            "enemy_template": 43, 
            "die_set": "STR+DEX"
        }
    }, 
    {
        "pk": 488, 
        "model": "enemygen.enemyskill", 
        "fields": {
            "include": true, 
            "skill": 1, 
            "enemy_template": 44, 
            "die_set": "STR+DEX+30"
        }
    }, 
    {
        "pk": 512, 
        "model": "enemygen.enemyskill", 
        "fields": {
            "include": true, 
            "skill": 1, 
            "enemy_template": 45, 
            "die_set": "STR+DEX"
        }
    }, 
    {
        "pk": 536, 
        "model": "enemygen.enemyskill", 
        "fields": {
            "include": true, 
            "skill": 1, 
            "enemy_template": 46, 
            "die_set": "STR+DEX+30"
        }
    }, 
    {
        "pk": 560, 
        "model": "enemygen.enemyskill", 
        "fields": {
            "include": true, 
            "skill": 1, 
            "enemy_template": 47, 
            "die_set": "STR+DEX"
        }
    }, 
    {
        "pk": 584, 
        "model": "enemygen.enemyskill", 
        "fields": {
            "include": true, 
            "skill": 1, 
            "enemy_template": 48, 
            "die_set": "STR+DEX"
        }
    }, 
    {
        "pk": 608, 
        "model": "enemygen.enemyskill", 
        "fields": {
            "include": true, 
            "skill": 1, 
            "enemy_template": 49, 
            "die_set": "STR+DEX+20"
        }
    }, 
    {
        "pk": 632, 
        "model": "enemygen.enemyskill", 
        "fields": {
            "include": true, 
            "skill": 1, 
            "enemy_template": 50, 
            "die_set": "STR+DEX+3D10"
        }
    }, 
    {
        "pk": 656, 
        "model": "enemygen.enemyskill", 
        "fields": {
            "include": true, 
            "skill": 1, 
            "enemy_template": 51, 
            "die_set": "STR+DEX+4D10"
        }
    }, 
    {
        "pk": 393, 
        "model": "enemygen.enemyskill", 
        "fields": {
            "include": false, 
            "skill": 2, 
            "enemy_template": 40, 
            "die_set": "STR+CON"
        }
    }, 
    {
        "pk": 321, 
        "model": "enemygen.enemyskill", 
        "fields": {
            "include": false, 
            "skill": 2, 
            "enemy_template": 37, 
            "die_set": "STR+CON"
        }
    }, 
    {
        "pk": 345, 
        "model": "enemygen.enemyskill", 
        "fields": {
            "include": false, 
            "skill": 2, 
            "enemy_template": 38, 
            "die_set": "STR+CON"
        }
    }, 
    {
        "pk": 369, 
        "model": "enemygen.enemyskill", 
        "fields": {
            "include": false, 
            "skill": 2, 
            "enemy_template": 39, 
            "die_set": "STR+CON"
        }
    }, 
    {
        "pk": 417, 
        "model": "enemygen.enemyskill", 
        "fields": {
            "include": false, 
            "skill": 2, 
            "enemy_template": 41, 
            "die_set": "STR+CON"
        }
    }, 
    {
        "pk": 441, 
        "model": "enemygen.enemyskill", 
        "fields": {
            "include": false, 
            "skill": 2, 
            "enemy_template": 42, 
            "die_set": "STR+CON"
        }
    }, 
    {
        "pk": 465, 
        "model": "enemygen.enemyskill", 
        "fields": {
            "include": false, 
            "skill": 2, 
            "enemy_template": 43, 
            "die_set": "STR+CON"
        }
    }, 
    {
        "pk": 489, 
        "model": "enemygen.enemyskill", 
        "fields": {
            "include": false, 
            "skill": 2, 
            "enemy_template": 44, 
            "die_set": "STR+CON"
        }
    }, 
    {
        "pk": 513, 
        "model": "enemygen.enemyskill", 
        "fields": {
            "include": false, 
            "skill": 2, 
            "enemy_template": 45, 
            "die_set": "STR+CON"
        }
    }, 
    {
        "pk": 537, 
        "model": "enemygen.enemyskill", 
        "fields": {
            "include": false, 
            "skill": 2, 
            "enemy_template": 46, 
            "die_set": "STR+CON"
        }
    }, 
    {
        "pk": 561, 
        "model": "enemygen.enemyskill", 
        "fields": {
            "include": false, 
            "skill": 2, 
            "enemy_template": 47, 
            "die_set": "STR+CON"
        }
    }, 
    {
        "pk": 585, 
        "model": "enemygen.enemyskill", 
        "fields": {
            "include": false, 
            "skill": 2, 
            "enemy_template": 48, 
            "die_set": "STR+CON"
        }
    }, 
    {
        "pk": 609, 
        "model": "enemygen.enemyskill", 
        "fields": {
            "include": true, 
            "skill": 2, 
            "enemy_template": 49, 
            "die_set": "STR+CON+20"
        }
    }, 
    {
        "pk": 633, 
        "model": "enemygen.enemyskill", 
        "fields": {
            "include": false, 
            "skill": 2, 
            "enemy_template": 50, 
            "die_set": "STR+CON"
        }
    }, 
    {
        "pk": 657, 
        "model": "enemygen.enemyskill", 
        "fields": {
            "include": false, 
            "skill": 2, 
            "enemy_template": 51, 
            "die_set": "STR+CON"
        }
    }, 
    {
        "pk": 322, 
        "model": "enemygen.enemyskill", 
        "fields": {
            "include": true, 
            "skill": 3, 
            "enemy_template": 37, 
            "die_set": "STR+SIZ"
        }
    }, 
    {
        "pk": 346, 
        "model": "enemygen.enemyskill", 
        "fields": {
            "include": true, 
            "skill": 3, 
            "enemy_template": 38, 
            "die_set": "STR+SIZ+30"
        }
    }, 
    {
        "pk": 370, 
        "model": "enemygen.enemyskill", 
        "fields": {
            "include": true, 
            "skill": 3, 
            "enemy_template": 39, 
            "die_set": "STR+SIZ+30"
        }
    }, 
    {
        "pk": 394, 
        "model": "enemygen.enemyskill", 
        "fields": {
            "include": true, 
            "skill": 3, 
            "enemy_template": 40, 
            "die_set": "STR+SIZ+40"
        }
    }, 
    {
        "pk": 418, 
        "model": "enemygen.enemyskill", 
        "fields": {
            "include": true, 
            "skill": 3, 
            "enemy_template": 41, 
            "die_set": "STR+SIZ+40"
        }
    }, 
    {
        "pk": 442, 
        "model": "enemygen.enemyskill", 
        "fields": {
            "include": true, 
            "skill": 3, 
            "enemy_template": 42, 
            "die_set": "STR+SIZ+20"
        }
    }, 
    {
        "pk": 466, 
        "model": "enemygen.enemyskill", 
        "fields": {
            "include": true, 
            "skill": 3, 
            "enemy_template": 43, 
            "die_set": "STR+SIZ"
        }
    }, 
    {
        "pk": 490, 
        "model": "enemygen.enemyskill", 
        "fields": {
            "include": true, 
            "skill": 3, 
            "enemy_template": 44, 
            "die_set": "STR+SIZ+20"
        }
    }, 
    {
        "pk": 514, 
        "model": "enemygen.enemyskill", 
        "fields": {
            "include": true, 
            "skill": 3, 
            "enemy_template": 45, 
            "die_set": "STR+SIZ"
        }
    }, 
    {
        "pk": 538, 
        "model": "enemygen.enemyskill", 
        "fields": {
            "include": true, 
            "skill": 3, 
            "enemy_template": 46, 
            "die_set": "STR+SIZ+30"
        }
    }, 
    {
        "pk": 562, 
        "model": "enemygen.enemyskill", 
        "fields": {
            "include": true, 
            "skill": 3, 
            "enemy_template": 47, 
            "die_set": "STR+SIZ"
        }
    }, 
    {
        "pk": 586, 
        "model": "enemygen.enemyskill", 
        "fields": {
            "include": false, 
            "skill": 3, 
            "enemy_template": 48, 
            "die_set": "STR+SIZ"
        }
    }, 
    {
        "pk": 610, 
        "model": "enemygen.enemyskill", 
        "fields": {
            "include": true, 
            "skill": 3, 
            "enemy_template": 49, 
            "die_set": "STR+SIZ+15"
        }
    }, 
    {
        "pk": 634, 
        "model": "enemygen.enemyskill", 
        "fields": {
            "include": true, 
            "skill": 3, 
            "enemy_template": 50, 
            "die_set": "STR+SIZ+5D6"
        }
    }, 
    {
        "pk": 658, 
        "model": "enemygen.enemyskill", 
        "fields": {
            "include": true, 
            "skill": 3, 
            "enemy_template": 51, 
            "die_set": "STR+SIZ+2D10"
        }
    }, 
    {
        "pk": 323, 
        "model": "enemygen.enemyskill", 
        "fields": {
            "include": true, 
            "skill": 6, 
            "enemy_template": 37, 
            "die_set": "DEX+POW"
        }
    }, 
    {
        "pk": 347, 
        "model": "enemygen.enemyskill", 
        "fields": {
            "include": false, 
            "skill": 6, 
            "enemy_template": 38, 
            "die_set": "DEX+POW"
        }
    }, 
    {
        "pk": 371, 
        "model": "enemygen.enemyskill", 
        "fields": {
            "include": false, 
            "skill": 6, 
            "enemy_template": 39, 
            "die_set": "DEX+POW"
        }
    }, 
    {
        "pk": 395, 
        "model": "enemygen.enemyskill", 
        "fields": {
            "include": false, 
            "skill": 6, 
            "enemy_template": 40, 
            "die_set": "DEX+POW"
        }
    }, 
    {
        "pk": 419, 
        "model": "enemygen.enemyskill", 
        "fields": {
            "include": false, 
            "skill": 6, 
            "enemy_template": 41, 
            "die_set": "DEX+POW"
        }
    }, 
    {
        "pk": 443, 
        "model": "enemygen.enemyskill", 
        "fields": {
            "include": false, 
            "skill": 6, 
            "enemy_template": 42, 
            "die_set": "DEX+POW"
        }
    }, 
    {
        "pk": 467, 
        "model": "enemygen.enemyskill", 
        "fields": {
            "include": false, 
            "skill": 6, 
            "enemy_template": 43, 
            "die_set": "DEX+POW"
        }
    }, 
    {
        "pk": 491, 
        "model": "enemygen.enemyskill", 
        "fields": {
            "include": true, 
            "skill": 6, 
            "enemy_template": 44, 
            "die_set": "DEX+POW+10"
        }
    }, 
    {
        "pk": 515, 
        "model": "enemygen.enemyskill", 
        "fields": {
            "include": false, 
            "skill": 6, 
            "enemy_template": 45, 
            "die_set": "DEX+POW"
        }
    }, 
    {
        "pk": 539, 
        "model": "enemygen.enemyskill", 
        "fields": {
            "include": false, 
            "skill": 6, 
            "enemy_template": 46, 
            "die_set": "DEX+POW"
        }
    }, 
    {
        "pk": 563, 
        "model": "enemygen.enemyskill", 
        "fields": {
            "include": false, 
            "skill": 6, 
            "enemy_template": 47, 
            "die_set": "DEX+POW"
        }
    }, 
    {
        "pk": 587, 
        "model": "enemygen.enemyskill", 
        "fields": {
            "include": false, 
            "skill": 6, 
            "enemy_template": 48, 
            "die_set": "DEX+POW"
        }
    }, 
    {
        "pk": 611, 
        "model": "enemygen.enemyskill", 
        "fields": {
            "include": false, 
            "skill": 6, 
            "enemy_template": 49, 
            "die_set": "DEX+POW"
        }
    }, 
    {
        "pk": 635, 
        "model": "enemygen.enemyskill", 
        "fields": {
            "include": false, 
            "skill": 6, 
            "enemy_template": 50, 
            "die_set": "DEX+POW"
        }
    }, 
    {
        "pk": 659, 
        "model": "enemygen.enemyskill", 
        "fields": {
            "include": false, 
            "skill": 6, 
            "enemy_template": 51, 
            "die_set": "DEX+POW"
        }
    }, 
    {
        "pk": 324, 
        "model": "enemygen.enemyskill", 
        "fields": {
            "include": false, 
            "skill": 7, 
            "enemy_template": 37, 
            "die_set": "DEX+CHA"
        }
    }, 
    {
        "pk": 348, 
        "model": "enemygen.enemyskill", 
        "fields": {
            "include": false, 
            "skill": 7, 
            "enemy_template": 38, 
            "die_set": "DEX+CHA"
        }
    }, 
    {
        "pk": 372, 
        "model": "enemygen.enemyskill", 
        "fields": {
            "include": false, 
            "skill": 7, 
            "enemy_template": 39, 
            "die_set": "DEX+CHA"
        }
    }, 
    {
        "pk": 396, 
        "model": "enemygen.enemyskill", 
        "fields": {
            "include": false, 
            "skill": 7, 
            "enemy_template": 40, 
            "die_set": "DEX+CHA"
        }
    }, 
    {
        "pk": 420, 
        "model": "enemygen.enemyskill", 
        "fields": {
            "include": false, 
            "skill": 7, 
            "enemy_template": 41, 
            "die_set": "DEX+CHA"
        }
    }, 
    {
        "pk": 444, 
        "model": "enemygen.enemyskill", 
        "fields": {
            "include": false, 
            "skill": 7, 
            "enemy_template": 42, 
            "die_set": "DEX+CHA"
        }
    }, 
    {
        "pk": 468, 
        "model": "enemygen.enemyskill", 
        "fields": {
            "include": false, 
            "skill": 7, 
            "enemy_template": 43, 
            "die_set": "DEX+CHA"
        }
    }, 
    {
        "pk": 492, 
        "model": "enemygen.enemyskill", 
        "fields": {
            "include": false, 
            "skill": 7, 
            "enemy_template": 44, 
            "die_set": "DEX+CHA"
        }
    }, 
    {
        "pk": 516, 
        "model": "enemygen.enemyskill", 
        "fields": {
            "include": false, 
            "skill": 7, 
            "enemy_template": 45, 
            "die_set": "DEX+CHA"
        }
    }, 
    {
        "pk": 540, 
        "model": "enemygen.enemyskill", 
        "fields": {
            "include": false, 
            "skill": 7, 
            "enemy_template": 46, 
            "die_set": "DEX+CHA"
        }
    }, 
    {
        "pk": 564, 
        "model": "enemygen.enemyskill", 
        "fields": {
            "include": false, 
            "skill": 7, 
            "enemy_template": 47, 
            "die_set": "DEX+CHA"
        }
    }, 
    {
        "pk": 588, 
        "model": "enemygen.enemyskill", 
        "fields": {
            "include": true, 
            "skill": 7, 
            "enemy_template": 48, 
            "die_set": "DEX+CHA"
        }
    }, 
    {
        "pk": 612, 
        "model": "enemygen.enemyskill", 
        "fields": {
            "include": false, 
            "skill": 7, 
            "enemy_template": 49, 
            "die_set": "DEX+CHA"
        }
    }, 
    {
        "pk": 636, 
        "model": "enemygen.enemyskill", 
        "fields": {
            "include": false, 
            "skill": 7, 
            "enemy_template": 50, 
            "die_set": "DEX+CHA"
        }
    }, 
    {
        "pk": 660, 
        "model": "enemygen.enemyskill", 
        "fields": {
            "include": false, 
            "skill": 7, 
            "enemy_template": 51, 
            "die_set": "DEX+CHA"
        }
    }, 
    {
        "pk": 325, 
        "model": "enemygen.enemyskill", 
        "fields": {
            "include": false, 
            "skill": 8, 
            "enemy_template": 37, 
            "die_set": "INT+CHA"
        }
    }, 
    {
        "pk": 373, 
        "model": "enemygen.enemyskill", 
        "fields": {
            "include": false, 
            "skill": 8, 
            "enemy_template": 39, 
            "die_set": "INT+CHA"
        }
    }, 
    {
        "pk": 349, 
        "model": "enemygen.enemyskill", 
        "fields": {
            "include": false, 
            "skill": 8, 
            "enemy_template": 38, 
            "die_set": "INT+CHA"
        }
    }, 
    {
        "pk": 397, 
        "model": "enemygen.enemyskill", 
        "fields": {
            "include": false, 
            "skill": 8, 
            "enemy_template": 40, 
            "die_set": "INT+CHA"
        }
    }, 
    {
        "pk": 421, 
        "model": "enemygen.enemyskill", 
        "fields": {
            "include": false, 
            "skill": 8, 
            "enemy_template": 41, 
            "die_set": "INT+CHA"
        }
    }, 
    {
        "pk": 445, 
        "model": "enemygen.enemyskill", 
        "fields": {
            "include": false, 
            "skill": 8, 
            "enemy_template": 42, 
            "die_set": "INT+CHA"
        }
    }, 
    {
        "pk": 469, 
        "model": "enemygen.enemyskill", 
        "fields": {
            "include": false, 
            "skill": 8, 
            "enemy_template": 43, 
            "die_set": "INT+CHA"
        }
    }, 
    {
        "pk": 493, 
        "model": "enemygen.enemyskill", 
        "fields": {
            "include": false, 
            "skill": 8, 
            "enemy_template": 44, 
            "die_set": "INT+CHA"
        }
    }, 
    {
        "pk": 517, 
        "model": "enemygen.enemyskill", 
        "fields": {
            "include": false, 
            "skill": 8, 
            "enemy_template": 45, 
            "die_set": "INT+CHA"
        }
    }, 
    {
        "pk": 541, 
        "model": "enemygen.enemyskill", 
        "fields": {
            "include": false, 
            "skill": 8, 
            "enemy_template": 46, 
            "die_set": "INT+CHA"
        }
    }, 
    {
        "pk": 565, 
        "model": "enemygen.enemyskill", 
        "fields": {
            "include": false, 
            "skill": 8, 
            "enemy_template": 47, 
            "die_set": "INT+CHA"
        }
    }, 
    {
        "pk": 589, 
        "model": "enemygen.enemyskill", 
        "fields": {
            "include": true, 
            "skill": 8, 
            "enemy_template": 48, 
            "die_set": "INT+CHA"
        }
    }, 
    {
        "pk": 613, 
        "model": "enemygen.enemyskill", 
        "fields": {
            "include": false, 
            "skill": 8, 
            "enemy_template": 49, 
            "die_set": "INT+CHA"
        }
    }, 
    {
        "pk": 637, 
        "model": "enemygen.enemyskill", 
        "fields": {
            "include": false, 
            "skill": 8, 
            "enemy_template": 50, 
            "die_set": "INT+CHA"
        }
    }, 
    {
        "pk": 661, 
        "model": "enemygen.enemyskill", 
        "fields": {
            "include": false, 
            "skill": 8, 
            "enemy_template": 51, 
            "die_set": "INT+CHA"
        }
    }, 
    {
        "pk": 326, 
        "model": "enemygen.enemyskill", 
        "fields": {
            "include": true, 
            "skill": 22, 
            "enemy_template": 37, 
            "die_set": "POW+CHA+20"
        }
    }, 
    {
        "pk": 350, 
        "model": "enemygen.enemyskill", 
        "fields": {
            "include": false, 
            "skill": 22, 
            "enemy_template": 38, 
            "die_set": "POW+CHA"
        }
    }, 
    {
        "pk": 374, 
        "model": "enemygen.enemyskill", 
        "fields": {
            "include": false, 
            "skill": 22, 
            "enemy_template": 39, 
            "die_set": "POW+CHA"
        }
    }, 
    {
        "pk": 398, 
        "model": "enemygen.enemyskill", 
        "fields": {
            "include": true, 
            "skill": 22, 
            "enemy_template": 40, 
            "die_set": "POW+CHA+30"
        }
    }, 
    {
        "pk": 422, 
        "model": "enemygen.enemyskill", 
        "fields": {
            "include": true, 
            "skill": 22, 
            "enemy_template": 41, 
            "die_set": "POW+CHA"
        }
    }, 
    {
        "pk": 446, 
        "model": "enemygen.enemyskill", 
        "fields": {
            "include": false, 
            "skill": 22, 
            "enemy_template": 42, 
            "die_set": "POW+CHA"
        }
    }, 
    {
        "pk": 470, 
        "model": "enemygen.enemyskill", 
        "fields": {
            "include": false, 
            "skill": 22, 
            "enemy_template": 43, 
            "die_set": "POW+CHA"
        }
    }, 
    {
        "pk": 494, 
        "model": "enemygen.enemyskill", 
        "fields": {
            "include": false, 
            "skill": 22, 
            "enemy_template": 44, 
            "die_set": "POW+CHA"
        }
    }, 
    {
        "pk": 518, 
        "model": "enemygen.enemyskill", 
        "fields": {
            "include": false, 
            "skill": 22, 
            "enemy_template": 45, 
            "die_set": "POW+CHA"
        }
    }, 
    {
        "pk": 542, 
        "model": "enemygen.enemyskill", 
        "fields": {
            "include": false, 
            "skill": 22, 
            "enemy_template": 46, 
            "die_set": "POW+CHA"
        }
    }, 
    {
        "pk": 566, 
        "model": "enemygen.enemyskill", 
        "fields": {
            "include": false, 
            "skill": 22, 
            "enemy_template": 47, 
            "die_set": "POW+CHA"
        }
    }, 
    {
        "pk": 590, 
        "model": "enemygen.enemyskill", 
        "fields": {
            "include": false, 
            "skill": 22, 
            "enemy_template": 48, 
            "die_set": "POW+CHA"
        }
    }, 
    {
        "pk": 614, 
        "model": "enemygen.enemyskill", 
        "fields": {
            "include": false, 
            "skill": 22, 
            "enemy_template": 49, 
            "die_set": "POW+CHA"
        }
    }, 
    {
        "pk": 638, 
        "model": "enemygen.enemyskill", 
        "fields": {
            "include": true, 
            "skill": 22, 
            "enemy_template": 50, 
            "die_set": "POW+CHA+3D10"
        }
    }, 
    {
        "pk": 662, 
        "model": "enemygen.enemyskill", 
        "fields": {
            "include": false, 
            "skill": 22, 
            "enemy_template": 51, 
            "die_set": "POW+CHA"
        }
    }, 
    {
        "pk": 327, 
        "model": "enemygen.enemyskill", 
        "fields": {
            "include": true, 
            "skill": 4, 
            "enemy_template": 37, 
            "die_set": "CON+CON"
        }
    }, 
    {
        "pk": 351, 
        "model": "enemygen.enemyskill", 
        "fields": {
            "include": true, 
            "skill": 4, 
            "enemy_template": 38, 
            "die_set": "CON+CON+30"
        }
    }, 
    {
        "pk": 375, 
        "model": "enemygen.enemyskill", 
        "fields": {
            "include": true, 
            "skill": 4, 
            "enemy_template": 39, 
            "die_set": "CON+CON+30"
        }
    }, 
    {
        "pk": 399, 
        "model": "enemygen.enemyskill", 
        "fields": {
            "include": true, 
            "skill": 4, 
            "enemy_template": 40, 
            "die_set": "CON+CON+40"
        }
    }, 
    {
        "pk": 423, 
        "model": "enemygen.enemyskill", 
        "fields": {
            "include": true, 
            "skill": 4, 
            "enemy_template": 41, 
            "die_set": "CON+CON+40"
        }
    }, 
    {
        "pk": 447, 
        "model": "enemygen.enemyskill", 
        "fields": {
            "include": true, 
            "skill": 4, 
            "enemy_template": 42, 
            "die_set": "CON+CON+20"
        }
    }, 
    {
        "pk": 471, 
        "model": "enemygen.enemyskill", 
        "fields": {
            "include": true, 
            "skill": 4, 
            "enemy_template": 43, 
            "die_set": "CON+CON"
        }
    }, 
    {
        "pk": 495, 
        "model": "enemygen.enemyskill", 
        "fields": {
            "include": true, 
            "skill": 4, 
            "enemy_template": 44, 
            "die_set": "CON+CON+30"
        }
    }, 
    {
        "pk": 519, 
        "model": "enemygen.enemyskill", 
        "fields": {
            "include": true, 
            "skill": 4, 
            "enemy_template": 45, 
            "die_set": "CON+CON"
        }
    }, 
    {
        "pk": 543, 
        "model": "enemygen.enemyskill", 
        "fields": {
            "include": true, 
            "skill": 4, 
            "enemy_template": 46, 
            "die_set": "CON+CON+45"
        }
    }, 
    {
        "pk": 567, 
        "model": "enemygen.enemyskill", 
        "fields": {
            "include": true, 
            "skill": 4, 
            "enemy_template": 47, 
            "die_set": "CON+CON"
        }
    }, 
    {
        "pk": 591, 
        "model": "enemygen.enemyskill", 
        "fields": {
            "include": true, 
            "skill": 4, 
            "enemy_template": 48, 
            "die_set": "CON+CON"
        }
    }, 
    {
        "pk": 615, 
        "model": "enemygen.enemyskill", 
        "fields": {
            "include": true, 
            "skill": 4, 
            "enemy_template": 49, 
            "die_set": "CON+CON+20"
        }
    }, 
    {
        "pk": 639, 
        "model": "enemygen.enemyskill", 
        "fields": {
            "include": true, 
            "skill": 4, 
            "enemy_template": 50, 
            "die_set": "CON+CON+2D10"
        }
    }, 
    {
        "pk": 663, 
        "model": "enemygen.enemyskill", 
        "fields": {
            "include": true, 
            "skill": 4, 
            "enemy_template": 51, 
            "die_set": "CON+CON+4D10"
        }
    }, 
    {
        "pk": 328, 
        "model": "enemygen.enemyskill", 
        "fields": {
            "include": true, 
            "skill": 9, 
            "enemy_template": 37, 
            "die_set": "DEX+DEX"
        }
    }, 
    {
        "pk": 352, 
        "model": "enemygen.enemyskill", 
        "fields": {
            "include": true, 
            "skill": 9, 
            "enemy_template": 38, 
            "die_set": "DEX+DEX+20"
        }
    }, 
    {
        "pk": 376, 
        "model": "enemygen.enemyskill", 
        "fields": {
            "include": true, 
            "skill": 9, 
            "enemy_template": 39, 
            "die_set": "DEX+DEX+10"
        }
    }, 
    {
        "pk": 400, 
        "model": "enemygen.enemyskill", 
        "fields": {
            "include": true, 
            "skill": 9, 
            "enemy_template": 40, 
            "die_set": "DEX+DEX+10"
        }
    }, 
    {
        "pk": 424, 
        "model": "enemygen.enemyskill", 
        "fields": {
            "include": true, 
            "skill": 9, 
            "enemy_template": 41, 
            "die_set": "DEX+DEX+10"
        }
    }, 
    {
        "pk": 448, 
        "model": "enemygen.enemyskill", 
        "fields": {
            "include": true, 
            "skill": 9, 
            "enemy_template": 42, 
            "die_set": "DEX+DEX+40"
        }
    }, 
    {
        "pk": 472, 
        "model": "enemygen.enemyskill", 
        "fields": {
            "include": true, 
            "skill": 9, 
            "enemy_template": 43, 
            "die_set": "DEX+DEX"
        }
    }, 
    {
        "pk": 496, 
        "model": "enemygen.enemyskill", 
        "fields": {
            "include": true, 
            "skill": 9, 
            "enemy_template": 44, 
            "die_set": "DEX+DEX+20"
        }
    }, 
    {
        "pk": 520, 
        "model": "enemygen.enemyskill", 
        "fields": {
            "include": true, 
            "skill": 9, 
            "enemy_template": 45, 
            "die_set": "DEX+DEX"
        }
    }, 
    {
        "pk": 544, 
        "model": "enemygen.enemyskill", 
        "fields": {
            "include": true, 
            "skill": 9, 
            "enemy_template": 46, 
            "die_set": "DEX+DEX+25"
        }
    }, 
    {
        "pk": 568, 
        "model": "enemygen.enemyskill", 
        "fields": {
            "include": true, 
            "skill": 9, 
            "enemy_template": 47, 
            "die_set": "DEX+DEX"
        }
    }, 
    {
        "pk": 592, 
        "model": "enemygen.enemyskill", 
        "fields": {
            "include": true, 
            "skill": 9, 
            "enemy_template": 48, 
            "die_set": "DEX+DEX+20"
        }
    }, 
    {
        "pk": 616, 
        "model": "enemygen.enemyskill", 
        "fields": {
            "include": true, 
            "skill": 9, 
            "enemy_template": 49, 
            "die_set": "DEX+DEX+25"
        }
    }, 
    {
        "pk": 640, 
        "model": "enemygen.enemyskill", 
        "fields": {
            "include": true, 
            "skill": 9, 
            "enemy_template": 50, 
            "die_set": "DEX+DEX+4D6"
        }
    }, 
    {
        "pk": 664, 
        "model": "enemygen.enemyskill", 
        "fields": {
            "include": true, 
            "skill": 9, 
            "enemy_template": 51, 
            "die_set": "DEX+DEX+2D10"
        }
    }, 
    {
        "pk": 329, 
        "model": "enemygen.enemyskill", 
        "fields": {
            "include": true, 
            "skill": 21, 
            "enemy_template": 37, 
            "die_set": "INT+CHA+20"
        }
    }, 
    {
        "pk": 353, 
        "model": "enemygen.enemyskill", 
        "fields": {
            "include": false, 
            "skill": 21, 
            "enemy_template": 38, 
            "die_set": "INT+CHA"
        }
    }, 
    {
        "pk": 377, 
        "model": "enemygen.enemyskill", 
        "fields": {
            "include": false, 
            "skill": 21, 
            "enemy_template": 39, 
            "die_set": "INT+CHA"
        }
    }, 
    {
        "pk": 401, 
        "model": "enemygen.enemyskill", 
        "fields": {
            "include": true, 
            "skill": 21, 
            "enemy_template": 40, 
            "die_set": "INT+CHA+30"
        }
    }, 
    {
        "pk": 425, 
        "model": "enemygen.enemyskill", 
        "fields": {
            "include": true, 
            "skill": 21, 
            "enemy_template": 41, 
            "die_set": "INT+CHA"
        }
    }, 
    {
        "pk": 449, 
        "model": "enemygen.enemyskill", 
        "fields": {
            "include": false, 
            "skill": 21, 
            "enemy_template": 42, 
            "die_set": "INT+CHA"
        }
    }, 
    {
        "pk": 473, 
        "model": "enemygen.enemyskill", 
        "fields": {
            "include": false, 
            "skill": 21, 
            "enemy_template": 43, 
            "die_set": "INT+CHA"
        }
    }, 
    {
        "pk": 497, 
        "model": "enemygen.enemyskill", 
        "fields": {
            "include": false, 
            "skill": 21, 
            "enemy_template": 44, 
            "die_set": "INT+CHA"
        }
    }, 
    {
        "pk": 521, 
        "model": "enemygen.enemyskill", 
        "fields": {
            "include": false, 
            "skill": 21, 
            "enemy_template": 45, 
            "die_set": "INT+CHA"
        }
    }, 
    {
        "pk": 545, 
        "model": "enemygen.enemyskill", 
        "fields": {
            "include": false, 
            "skill": 21, 
            "enemy_template": 46, 
            "die_set": "INT+CHA"
        }
    }, 
    {
        "pk": 569, 
        "model": "enemygen.enemyskill", 
        "fields": {
            "include": false, 
            "skill": 21, 
            "enemy_template": 47, 
            "die_set": "INT+CHA"
        }
    }, 
    {
        "pk": 593, 
        "model": "enemygen.enemyskill", 
        "fields": {
            "include": false, 
            "skill": 21, 
            "enemy_template": 48, 
            "die_set": "INT+CHA"
        }
    }, 
    {
        "pk": 617, 
        "model": "enemygen.enemyskill", 
        "fields": {
            "include": false, 
            "skill": 21, 
            "enemy_template": 49, 
            "die_set": "INT+CHA"
        }
    }, 
    {
        "pk": 641, 
        "model": "enemygen.enemyskill", 
        "fields": {
            "include": true, 
            "skill": 21, 
            "enemy_template": 50, 
            "die_set": "INT+CHA+3D10"
        }
    }, 
    {
        "pk": 665, 
        "model": "enemygen.enemyskill", 
        "fields": {
            "include": false, 
            "skill": 21, 
            "enemy_template": 51, 
            "die_set": "INT+CHA"
        }
    }, 
    {
        "pk": 330, 
        "model": "enemygen.enemyskill", 
        "fields": {
            "include": false, 
            "skill": 10, 
            "enemy_template": 37, 
            "die_set": "DEX+INT"
        }
    }, 
    {
        "pk": 354, 
        "model": "enemygen.enemyskill", 
        "fields": {
            "include": false, 
            "skill": 10, 
            "enemy_template": 38, 
            "die_set": "DEX+INT"
        }
    }, 
    {
        "pk": 378, 
        "model": "enemygen.enemyskill", 
        "fields": {
            "include": false, 
            "skill": 10, 
            "enemy_template": 39, 
            "die_set": "DEX+INT"
        }
    }, 
    {
        "pk": 402, 
        "model": "enemygen.enemyskill", 
        "fields": {
            "include": false, 
            "skill": 10, 
            "enemy_template": 40, 
            "die_set": "DEX+INT"
        }
    }, 
    {
        "pk": 426, 
        "model": "enemygen.enemyskill", 
        "fields": {
            "include": false, 
            "skill": 10, 
            "enemy_template": 41, 
            "die_set": "DEX+INT"
        }
    }, 
    {
        "pk": 450, 
        "model": "enemygen.enemyskill", 
        "fields": {
            "include": false, 
            "skill": 10, 
            "enemy_template": 42, 
            "die_set": "DEX+INT"
        }
    }, 
    {
        "pk": 474, 
        "model": "enemygen.enemyskill", 
        "fields": {
            "include": false, 
            "skill": 10, 
            "enemy_template": 43, 
            "die_set": "DEX+INT"
        }
    }, 
    {
        "pk": 498, 
        "model": "enemygen.enemyskill", 
        "fields": {
            "include": false, 
            "skill": 10, 
            "enemy_template": 44, 
            "die_set": "DEX+INT"
        }
    }, 
    {
        "pk": 522, 
        "model": "enemygen.enemyskill", 
        "fields": {
            "include": false, 
            "skill": 10, 
            "enemy_template": 45, 
            "die_set": "DEX+INT"
        }
    }, 
    {
        "pk": 546, 
        "model": "enemygen.enemyskill", 
        "fields": {
            "include": false, 
            "skill": 10, 
            "enemy_template": 46, 
            "die_set": "DEX+INT"
        }
    }, 
    {
        "pk": 570, 
        "model": "enemygen.enemyskill", 
        "fields": {
            "include": false, 
            "skill": 10, 
            "enemy_template": 47, 
            "die_set": "DEX+INT"
        }
    }, 
    {
        "pk": 594, 
        "model": "enemygen.enemyskill", 
        "fields": {
            "include": false, 
            "skill": 10, 
            "enemy_template": 48, 
            "die_set": "DEX+INT"
        }
    }, 
    {
        "pk": 618, 
        "model": "enemygen.enemyskill", 
        "fields": {
            "include": false, 
            "skill": 10, 
            "enemy_template": 49, 
            "die_set": "DEX+INT"
        }
    }, 
    {
        "pk": 642, 
        "model": "enemygen.enemyskill", 
        "fields": {
            "include": false, 
            "skill": 10, 
            "enemy_template": 50, 
            "die_set": "DEX+INT"
        }
    }, 
    {
        "pk": 666, 
        "model": "enemygen.enemyskill", 
        "fields": {
            "include": true, 
            "skill": 10, 
            "enemy_template": 51, 
            "die_set": "DEX+INT+3D6"
        }
    }, 
    {
        "pk": 331, 
        "model": "enemygen.enemyskill", 
        "fields": {
            "include": true, 
            "skill": 20, 
            "enemy_template": 37, 
            "die_set": "POW+CHA+30"
        }
    }, 
    {
        "pk": 355, 
        "model": "enemygen.enemyskill", 
        "fields": {
            "include": true, 
            "skill": 20, 
            "enemy_template": 38, 
            "die_set": "POW+CHA+30"
        }
    }, 
    {
        "pk": 379, 
        "model": "enemygen.enemyskill", 
        "fields": {
            "include": true, 
            "skill": 20, 
            "enemy_template": 39, 
            "die_set": "POW+CHA+20"
        }
    }, 
    {
        "pk": 403, 
        "model": "enemygen.enemyskill", 
        "fields": {
            "include": true, 
            "skill": 20, 
            "enemy_template": 40, 
            "die_set": "POW+CHA+40"
        }
    }, 
    {
        "pk": 427, 
        "model": "enemygen.enemyskill", 
        "fields": {
            "include": false, 
            "skill": 20, 
            "enemy_template": 41, 
            "die_set": "POW+CHA"
        }
    }, 
    {
        "pk": 451, 
        "model": "enemygen.enemyskill", 
        "fields": {
            "include": false, 
            "skill": 20, 
            "enemy_template": 42, 
            "die_set": "POW+CHA"
        }
    }, 
    {
        "pk": 475, 
        "model": "enemygen.enemyskill", 
        "fields": {
            "include": false, 
            "skill": 20, 
            "enemy_template": 43, 
            "die_set": "POW+CHA"
        }
    }, 
    {
        "pk": 499, 
        "model": "enemygen.enemyskill", 
        "fields": {
            "include": true, 
            "skill": 20, 
            "enemy_template": 44, 
            "die_set": "POW+CHA+10"
        }
    }, 
    {
        "pk": 523, 
        "model": "enemygen.enemyskill", 
        "fields": {
            "include": false, 
            "skill": 20, 
            "enemy_template": 45, 
            "die_set": "POW+CHA"
        }
    }, 
    {
        "pk": 547, 
        "model": "enemygen.enemyskill", 
        "fields": {
            "include": true, 
            "skill": 20, 
            "enemy_template": 46, 
            "die_set": "POW+CHA+30"
        }
    }, 
    {
        "pk": 571, 
        "model": "enemygen.enemyskill", 
        "fields": {
            "include": false, 
            "skill": 20, 
            "enemy_template": 47, 
            "die_set": "POW+CHA"
        }
    }, 
    {
        "pk": 595, 
        "model": "enemygen.enemyskill", 
        "fields": {
            "include": true, 
            "skill": 20, 
            "enemy_template": 48, 
            "die_set": "POW+CHA"
        }
    }, 
    {
        "pk": 619, 
        "model": "enemygen.enemyskill", 
        "fields": {
            "include": true, 
            "skill": 20, 
            "enemy_template": 49, 
            "die_set": "POW+CHA+15"
        }
    }, 
    {
        "pk": 643, 
        "model": "enemygen.enemyskill", 
        "fields": {
            "include": true, 
            "skill": 20, 
            "enemy_template": 50, 
            "die_set": "POW+CHA+3D10"
        }
    }, 
    {
        "pk": 667, 
        "model": "enemygen.enemyskill", 
        "fields": {
            "include": true, 
            "skill": 20, 
            "enemy_template": 51, 
            "die_set": "POW+CHA+2D10"
        }
    }, 
    {
        "pk": 332, 
        "model": "enemygen.enemyskill", 
        "fields": {
            "include": true, 
            "skill": 11, 
            "enemy_template": 37, 
            "die_set": "CHA+CHA"
        }
    }, 
    {
        "pk": 356, 
        "model": "enemygen.enemyskill", 
        "fields": {
            "include": false, 
            "skill": 11, 
            "enemy_template": 38, 
            "die_set": "CHA+CHA"
        }
    }, 
    {
        "pk": 380, 
        "model": "enemygen.enemyskill", 
        "fields": {
            "include": false, 
            "skill": 11, 
            "enemy_template": 39, 
            "die_set": "CHA+CHA"
        }
    }, 
    {
        "pk": 404, 
        "model": "enemygen.enemyskill", 
        "fields": {
            "include": false, 
            "skill": 11, 
            "enemy_template": 40, 
            "die_set": "CHA+CHA"
        }
    }, 
    {
        "pk": 428, 
        "model": "enemygen.enemyskill", 
        "fields": {
            "include": false, 
            "skill": 11, 
            "enemy_template": 41, 
            "die_set": "CHA+CHA"
        }
    }, 
    {
        "pk": 452, 
        "model": "enemygen.enemyskill", 
        "fields": {
            "include": false, 
            "skill": 11, 
            "enemy_template": 42, 
            "die_set": "CHA+CHA"
        }
    }, 
    {
        "pk": 476, 
        "model": "enemygen.enemyskill", 
        "fields": {
            "include": false, 
            "skill": 11, 
            "enemy_template": 43, 
            "die_set": "CHA+CHA"
        }
    }, 
    {
        "pk": 500, 
        "model": "enemygen.enemyskill", 
        "fields": {
            "include": false, 
            "skill": 11, 
            "enemy_template": 44, 
            "die_set": "CHA+CHA"
        }
    }, 
    {
        "pk": 524, 
        "model": "enemygen.enemyskill", 
        "fields": {
            "include": false, 
            "skill": 11, 
            "enemy_template": 45, 
            "die_set": "CHA+CHA"
        }
    }, 
    {
        "pk": 548, 
        "model": "enemygen.enemyskill", 
        "fields": {
            "include": false, 
            "skill": 11, 
            "enemy_template": 46, 
            "die_set": "CHA+CHA"
        }
    }, 
    {
        "pk": 572, 
        "model": "enemygen.enemyskill", 
        "fields": {
            "include": false, 
            "skill": 11, 
            "enemy_template": 47, 
            "die_set": "CHA+CHA"
        }
    }, 
    {
        "pk": 596, 
        "model": "enemygen.enemyskill", 
        "fields": {
            "include": false, 
            "skill": 11, 
            "enemy_template": 48, 
            "die_set": "CHA+CHA"
        }
    }, 
    {
        "pk": 620, 
        "model": "enemygen.enemyskill", 
        "fields": {
            "include": false, 
            "skill": 11, 
            "enemy_template": 49, 
            "die_set": "CHA+CHA"
        }
    }, 
    {
        "pk": 644, 
        "model": "enemygen.enemyskill", 
        "fields": {
            "include": false, 
            "skill": 11, 
            "enemy_template": 50, 
            "die_set": "CHA+CHA"
        }
    }, 
    {
        "pk": 668, 
        "model": "enemygen.enemyskill", 
        "fields": {
            "include": false, 
            "skill": 11, 
            "enemy_template": 51, 
            "die_set": "CHA+CHA"
        }
    }, 
    {
        "pk": 333, 
        "model": "enemygen.enemyskill", 
        "fields": {
            "include": false, 
            "skill": 12, 
            "enemy_template": 37, 
            "die_set": "INT+POW"
        }
    }, 
    {
        "pk": 357, 
        "model": "enemygen.enemyskill", 
        "fields": {
            "include": false, 
            "skill": 12, 
            "enemy_template": 38, 
            "die_set": "INT+POW"
        }
    }, 
    {
        "pk": 381, 
        "model": "enemygen.enemyskill", 
        "fields": {
            "include": false, 
            "skill": 12, 
            "enemy_template": 39, 
            "die_set": "INT+POW"
        }
    }, 
    {
        "pk": 405, 
        "model": "enemygen.enemyskill", 
        "fields": {
            "include": false, 
            "skill": 12, 
            "enemy_template": 40, 
            "die_set": "INT+POW"
        }
    }, 
    {
        "pk": 429, 
        "model": "enemygen.enemyskill", 
        "fields": {
            "include": false, 
            "skill": 12, 
            "enemy_template": 41, 
            "die_set": "INT+POW"
        }
    }, 
    {
        "pk": 453, 
        "model": "enemygen.enemyskill", 
        "fields": {
            "include": false, 
            "skill": 12, 
            "enemy_template": 42, 
            "die_set": "INT+POW"
        }
    }, 
    {
        "pk": 477, 
        "model": "enemygen.enemyskill", 
        "fields": {
            "include": false, 
            "skill": 12, 
            "enemy_template": 43, 
            "die_set": "INT+POW"
        }
    }, 
    {
        "pk": 501, 
        "model": "enemygen.enemyskill", 
        "fields": {
            "include": false, 
            "skill": 12, 
            "enemy_template": 44, 
            "die_set": "INT+POW"
        }
    }, 
    {
        "pk": 525, 
        "model": "enemygen.enemyskill", 
        "fields": {
            "include": false, 
            "skill": 12, 
            "enemy_template": 45, 
            "die_set": "INT+POW"
        }
    }, 
    {
        "pk": 549, 
        "model": "enemygen.enemyskill", 
        "fields": {
            "include": false, 
            "skill": 12, 
            "enemy_template": 46, 
            "die_set": "INT+POW"
        }
    }, 
    {
        "pk": 573, 
        "model": "enemygen.enemyskill", 
        "fields": {
            "include": false, 
            "skill": 12, 
            "enemy_template": 47, 
            "die_set": "INT+POW"
        }
    }, 
    {
        "pk": 597, 
        "model": "enemygen.enemyskill", 
        "fields": {
            "include": false, 
            "skill": 12, 
            "enemy_template": 48, 
            "die_set": "INT+POW"
        }
    }, 
    {
        "pk": 621, 
        "model": "enemygen.enemyskill", 
        "fields": {
            "include": false, 
            "skill": 12, 
            "enemy_template": 49, 
            "die_set": "INT+POW"
        }
    }, 
    {
        "pk": 645, 
        "model": "enemygen.enemyskill", 
        "fields": {
            "include": false, 
            "skill": 12, 
            "enemy_template": 50, 
            "die_set": "INT+POW"
        }
    }, 
    {
        "pk": 669, 
        "model": "enemygen.enemyskill", 
        "fields": {
            "include": false, 
            "skill": 12, 
            "enemy_template": 51, 
            "die_set": "INT+POW"
        }
    }, 
    {
        "pk": 334, 
        "model": "enemygen.enemyskill", 
        "fields": {
            "include": false, 
            "skill": 23, 
            "enemy_template": 37, 
            "die_set": "INT+CHA"
        }
    }, 
    {
        "pk": 382, 
        "model": "enemygen.enemyskill", 
        "fields": {
            "include": false, 
            "skill": 23, 
            "enemy_template": 39, 
            "die_set": "INT+CHA"
        }
    }, 
    {
        "pk": 358, 
        "model": "enemygen.enemyskill", 
        "fields": {
            "include": false, 
            "skill": 23, 
            "enemy_template": 38, 
            "die_set": "INT+CHA"
        }
    }, 
    {
        "pk": 406, 
        "model": "enemygen.enemyskill", 
        "fields": {
            "include": false, 
            "skill": 23, 
            "enemy_template": 40, 
            "die_set": "INT+CHA"
        }
    }, 
    {
        "pk": 430, 
        "model": "enemygen.enemyskill", 
        "fields": {
            "include": false, 
            "skill": 23, 
            "enemy_template": 41, 
            "die_set": "INT+CHA"
        }
    }, 
    {
        "pk": 454, 
        "model": "enemygen.enemyskill", 
        "fields": {
            "include": false, 
            "skill": 23, 
            "enemy_template": 42, 
            "die_set": "INT+CHA"
        }
    }, 
    {
        "pk": 478, 
        "model": "enemygen.enemyskill", 
        "fields": {
            "include": false, 
            "skill": 23, 
            "enemy_template": 43, 
            "die_set": "INT+CHA"
        }
    }, 
    {
        "pk": 502, 
        "model": "enemygen.enemyskill", 
        "fields": {
            "include": false, 
            "skill": 23, 
            "enemy_template": 44, 
            "die_set": "INT+CHA"
        }
    }, 
    {
        "pk": 526, 
        "model": "enemygen.enemyskill", 
        "fields": {
            "include": false, 
            "skill": 23, 
            "enemy_template": 45, 
            "die_set": "INT+CHA"
        }
    }, 
    {
        "pk": 550, 
        "model": "enemygen.enemyskill", 
        "fields": {
            "include": false, 
            "skill": 23, 
            "enemy_template": 46, 
            "die_set": "INT+CHA"
        }
    }, 
    {
        "pk": 574, 
        "model": "enemygen.enemyskill", 
        "fields": {
            "include": false, 
            "skill": 23, 
            "enemy_template": 47, 
            "die_set": "INT+CHA"
        }
    }, 
    {
        "pk": 598, 
        "model": "enemygen.enemyskill", 
        "fields": {
            "include": false, 
            "skill": 23, 
            "enemy_template": 48, 
            "die_set": "INT+CHA"
        }
    }, 
    {
        "pk": 622, 
        "model": "enemygen.enemyskill", 
        "fields": {
            "include": false, 
            "skill": 23, 
            "enemy_template": 49, 
            "die_set": "INT+CHA"
        }
    }, 
    {
        "pk": 646, 
        "model": "enemygen.enemyskill", 
        "fields": {
            "include": false, 
            "skill": 23, 
            "enemy_template": 50, 
            "die_set": "INT+CHA"
        }
    }, 
    {
        "pk": 670, 
        "model": "enemygen.enemyskill", 
        "fields": {
            "include": false, 
            "skill": 23, 
            "enemy_template": 51, 
            "die_set": "INT+CHA"
        }
    }, 
    {
        "pk": 335, 
        "model": "enemygen.enemyskill", 
        "fields": {
            "include": false, 
            "skill": 13, 
            "enemy_template": 37, 
            "die_set": "INT+INT"
        }
    }, 
    {
        "pk": 383, 
        "model": "enemygen.enemyskill", 
        "fields": {
            "include": false, 
            "skill": 13, 
            "enemy_template": 39, 
            "die_set": "INT+INT"
        }
    }, 
    {
        "pk": 359, 
        "model": "enemygen.enemyskill", 
        "fields": {
            "include": false, 
            "skill": 13, 
            "enemy_template": 38, 
            "die_set": "INT+INT"
        }
    }, 
    {
        "pk": 407, 
        "model": "enemygen.enemyskill", 
        "fields": {
            "include": false, 
            "skill": 13, 
            "enemy_template": 40, 
            "die_set": "INT+INT"
        }
    }, 
    {
        "pk": 431, 
        "model": "enemygen.enemyskill", 
        "fields": {
            "include": false, 
            "skill": 13, 
            "enemy_template": 41, 
            "die_set": "INT+INT"
        }
    }, 
    {
        "pk": 455, 
        "model": "enemygen.enemyskill", 
        "fields": {
            "include": false, 
            "skill": 13, 
            "enemy_template": 42, 
            "die_set": "INT+INT"
        }
    }, 
    {
        "pk": 479, 
        "model": "enemygen.enemyskill", 
        "fields": {
            "include": false, 
            "skill": 13, 
            "enemy_template": 43, 
            "die_set": "INT+INT"
        }
    }, 
    {
        "pk": 503, 
        "model": "enemygen.enemyskill", 
        "fields": {
            "include": true, 
            "skill": 13, 
            "enemy_template": 44, 
            "die_set": "INT+INT+20"
        }
    }, 
    {
        "pk": 527, 
        "model": "enemygen.enemyskill", 
        "fields": {
            "include": false, 
            "skill": 13, 
            "enemy_template": 45, 
            "die_set": "INT+INT"
        }
    }, 
    {
        "pk": 551, 
        "model": "enemygen.enemyskill", 
        "fields": {
            "include": false, 
            "skill": 13, 
            "enemy_template": 46, 
            "die_set": "INT+INT"
        }
    }, 
    {
        "pk": 575, 
        "model": "enemygen.enemyskill", 
        "fields": {
            "include": false, 
            "skill": 13, 
            "enemy_template": 47, 
            "die_set": "INT+INT"
        }
    }, 
    {
        "pk": 599, 
        "model": "enemygen.enemyskill", 
        "fields": {
            "include": true, 
            "skill": 13, 
            "enemy_template": 48, 
            "die_set": "INT+INT"
        }
    }, 
    {
        "pk": 623, 
        "model": "enemygen.enemyskill", 
        "fields": {
            "include": false, 
            "skill": 13, 
            "enemy_template": 49, 
            "die_set": "INT+INT"
        }
    }, 
    {
        "pk": 647, 
        "model": "enemygen.enemyskill", 
        "fields": {
            "include": false, 
            "skill": 13, 
            "enemy_template": 50, 
            "die_set": "INT+INT"
        }
    }, 
    {
        "pk": 671, 
        "model": "enemygen.enemyskill", 
        "fields": {
            "include": false, 
            "skill": 13, 
            "enemy_template": 51, 
            "die_set": "INT+INT"
        }
    }, 
    {
        "pk": 336, 
        "model": "enemygen.enemyskill", 
        "fields": {
            "include": true, 
            "skill": 14, 
            "enemy_template": 37, 
            "die_set": "INT+POW"
        }
    }, 
    {
        "pk": 384, 
        "model": "enemygen.enemyskill", 
        "fields": {
            "include": true, 
            "skill": 14, 
            "enemy_template": 39, 
            "die_set": "INT+POW+15"
        }
    }, 
    {
        "pk": 360, 
        "model": "enemygen.enemyskill", 
        "fields": {
            "include": true, 
            "skill": 14, 
            "enemy_template": 38, 
            "die_set": "INT+POW+20"
        }
    }, 
    {
        "pk": 408, 
        "model": "enemygen.enemyskill", 
        "fields": {
            "include": true, 
            "skill": 14, 
            "enemy_template": 40, 
            "die_set": "INT+POW+10"
        }
    }, 
    {
        "pk": 432, 
        "model": "enemygen.enemyskill", 
        "fields": {
            "include": false, 
            "skill": 14, 
            "enemy_template": 41, 
            "die_set": "INT+POW"
        }
    }, 
    {
        "pk": 456, 
        "model": "enemygen.enemyskill", 
        "fields": {
            "include": true, 
            "skill": 14, 
            "enemy_template": 42, 
            "die_set": "INT+POW+40"
        }
    }, 
    {
        "pk": 480, 
        "model": "enemygen.enemyskill", 
        "fields": {
            "include": true, 
            "skill": 14, 
            "enemy_template": 43, 
            "die_set": "INT+POW"
        }
    }, 
    {
        "pk": 504, 
        "model": "enemygen.enemyskill", 
        "fields": {
            "include": true, 
            "skill": 14, 
            "enemy_template": 44, 
            "die_set": "INT+POW+20"
        }
    }, 
    {
        "pk": 528, 
        "model": "enemygen.enemyskill", 
        "fields": {
            "include": true, 
            "skill": 14, 
            "enemy_template": 45, 
            "die_set": "INT+POW"
        }
    }, 
    {
        "pk": 552, 
        "model": "enemygen.enemyskill", 
        "fields": {
            "include": true, 
            "skill": 14, 
            "enemy_template": 46, 
            "die_set": "INT+POW+30"
        }
    }, 
    {
        "pk": 576, 
        "model": "enemygen.enemyskill", 
        "fields": {
            "include": true, 
            "skill": 14, 
            "enemy_template": 47, 
            "die_set": "INT+POW"
        }
    }, 
    {
        "pk": 600, 
        "model": "enemygen.enemyskill", 
        "fields": {
            "include": true, 
            "skill": 14, 
            "enemy_template": 48, 
            "die_set": "INT+POW+40"
        }
    }, 
    {
        "pk": 624, 
        "model": "enemygen.enemyskill", 
        "fields": {
            "include": true, 
            "skill": 14, 
            "enemy_template": 49, 
            "die_set": "INT+POW+10"
        }
    }, 
    {
        "pk": 648, 
        "model": "enemygen.enemyskill", 
        "fields": {
            "include": true, 
            "skill": 14, 
            "enemy_template": 50, 
            "die_set": "INT+POW+3D10"
        }
    }, 
    {
        "pk": 672, 
        "model": "enemygen.enemyskill", 
        "fields": {
            "include": true, 
            "skill": 14, 
            "enemy_template": 51, 
            "die_set": "INT+POW+2D10"
        }
    }, 
    {
        "pk": 337, 
        "model": "enemygen.enemyskill", 
        "fields": {
            "include": false, 
            "skill": 15, 
            "enemy_template": 37, 
            "die_set": "DEX+POW"
        }
    }, 
    {
        "pk": 361, 
        "model": "enemygen.enemyskill", 
        "fields": {
            "include": true, 
            "skill": 15, 
            "enemy_template": 38, 
            "die_set": "DEX+POW+20"
        }
    }, 
    {
        "pk": 385, 
        "model": "enemygen.enemyskill", 
        "fields": {
            "include": false, 
            "skill": 15, 
            "enemy_template": 39, 
            "die_set": "DEX+POW"
        }
    }, 
    {
        "pk": 409, 
        "model": "enemygen.enemyskill", 
        "fields": {
            "include": false, 
            "skill": 15, 
            "enemy_template": 40, 
            "die_set": "DEX+POW"
        }
    }, 
    {
        "pk": 433, 
        "model": "enemygen.enemyskill", 
        "fields": {
            "include": false, 
            "skill": 15, 
            "enemy_template": 41, 
            "die_set": "DEX+POW"
        }
    }, 
    {
        "pk": 457, 
        "model": "enemygen.enemyskill", 
        "fields": {
            "include": false, 
            "skill": 15, 
            "enemy_template": 42, 
            "die_set": "DEX+POW"
        }
    }, 
    {
        "pk": 481, 
        "model": "enemygen.enemyskill", 
        "fields": {
            "include": false, 
            "skill": 15, 
            "enemy_template": 43, 
            "die_set": "DEX+POW"
        }
    }, 
    {
        "pk": 505, 
        "model": "enemygen.enemyskill", 
        "fields": {
            "include": false, 
            "skill": 15, 
            "enemy_template": 44, 
            "die_set": "DEX+POW"
        }
    }, 
    {
        "pk": 529, 
        "model": "enemygen.enemyskill", 
        "fields": {
            "include": false, 
            "skill": 15, 
            "enemy_template": 45, 
            "die_set": "DEX+POW"
        }
    }, 
    {
        "pk": 553, 
        "model": "enemygen.enemyskill", 
        "fields": {
            "include": false, 
            "skill": 15, 
            "enemy_template": 46, 
            "die_set": "DEX+POW"
        }
    }, 
    {
        "pk": 577, 
        "model": "enemygen.enemyskill", 
        "fields": {
            "include": false, 
            "skill": 15, 
            "enemy_template": 47, 
            "die_set": "DEX+POW"
        }
    }, 
    {
        "pk": 601, 
        "model": "enemygen.enemyskill", 
        "fields": {
            "include": false, 
            "skill": 15, 
            "enemy_template": 48, 
            "die_set": "DEX+POW"
        }
    }, 
    {
        "pk": 625, 
        "model": "enemygen.enemyskill", 
        "fields": {
            "include": false, 
            "skill": 15, 
            "enemy_template": 49, 
            "die_set": "DEX+POW"
        }
    }, 
    {
        "pk": 649, 
        "model": "enemygen.enemyskill", 
        "fields": {
            "include": false, 
            "skill": 15, 
            "enemy_template": 50, 
            "die_set": "DEX+POW"
        }
    }, 
    {
        "pk": 673, 
        "model": "enemygen.enemyskill", 
        "fields": {
            "include": true, 
            "skill": 15, 
            "enemy_template": 51, 
            "die_set": "DEX+POW+50"
        }
    }, 
    {
        "pk": 338, 
        "model": "enemygen.enemyskill", 
        "fields": {
            "include": false, 
            "skill": 24, 
            "enemy_template": 37, 
            "die_set": "INT+POW"
        }
    }, 
    {
        "pk": 362, 
        "model": "enemygen.enemyskill", 
        "fields": {
            "include": false, 
            "skill": 24, 
            "enemy_template": 38, 
            "die_set": "INT+POW"
        }
    }, 
    {
        "pk": 386, 
        "model": "enemygen.enemyskill", 
        "fields": {
            "include": false, 
            "skill": 24, 
            "enemy_template": 39, 
            "die_set": "INT+POW"
        }
    }, 
    {
        "pk": 410, 
        "model": "enemygen.enemyskill", 
        "fields": {
            "include": false, 
            "skill": 24, 
            "enemy_template": 40, 
            "die_set": "INT+POW"
        }
    }, 
    {
        "pk": 434, 
        "model": "enemygen.enemyskill", 
        "fields": {
            "include": false, 
            "skill": 24, 
            "enemy_template": 41, 
            "die_set": "INT+POW"
        }
    }, 
    {
        "pk": 458, 
        "model": "enemygen.enemyskill", 
        "fields": {
            "include": false, 
            "skill": 24, 
            "enemy_template": 42, 
            "die_set": "INT+POW"
        }
    }, 
    {
        "pk": 482, 
        "model": "enemygen.enemyskill", 
        "fields": {
            "include": false, 
            "skill": 24, 
            "enemy_template": 43, 
            "die_set": "INT+POW"
        }
    }, 
    {
        "pk": 506, 
        "model": "enemygen.enemyskill", 
        "fields": {
            "include": false, 
            "skill": 24, 
            "enemy_template": 44, 
            "die_set": "INT+POW"
        }
    }, 
    {
        "pk": 530, 
        "model": "enemygen.enemyskill", 
        "fields": {
            "include": false, 
            "skill": 24, 
            "enemy_template": 45, 
            "die_set": "INT+POW"
        }
    }, 
    {
        "pk": 554, 
        "model": "enemygen.enemyskill", 
        "fields": {
            "include": false, 
            "skill": 24, 
            "enemy_template": 46, 
            "die_set": "INT+POW"
        }
    }, 
    {
        "pk": 578, 
        "model": "enemygen.enemyskill", 
        "fields": {
            "include": false, 
            "skill": 24, 
            "enemy_template": 47, 
            "die_set": "INT+POW"
        }
    }, 
    {
        "pk": 602, 
        "model": "enemygen.enemyskill", 
        "fields": {
            "include": false, 
            "skill": 24, 
            "enemy_template": 48, 
            "die_set": "INT+POW"
        }
    }, 
    {
        "pk": 626, 
        "model": "enemygen.enemyskill", 
        "fields": {
            "include": false, 
            "skill": 24, 
            "enemy_template": 49, 
            "die_set": "INT+POW"
        }
    }, 
    {
        "pk": 650, 
        "model": "enemygen.enemyskill", 
        "fields": {
            "include": false, 
            "skill": 24, 
            "enemy_template": 50, 
            "die_set": "INT+POW"
        }
    }, 
    {
        "pk": 674, 
        "model": "enemygen.enemyskill", 
        "fields": {
            "include": false, 
            "skill": 24, 
            "enemy_template": 51, 
            "die_set": "INT+POW"
        }
    }, 
    {
        "pk": 339, 
        "model": "enemygen.enemyskill", 
        "fields": {
            "include": false, 
            "skill": 16, 
            "enemy_template": 37, 
            "die_set": "CHA+POW"
        }
    }, 
    {
        "pk": 363, 
        "model": "enemygen.enemyskill", 
        "fields": {
            "include": false, 
            "skill": 16, 
            "enemy_template": 38, 
            "die_set": "CHA+POW"
        }
    }, 
    {
        "pk": 387, 
        "model": "enemygen.enemyskill", 
        "fields": {
            "include": false, 
            "skill": 16, 
            "enemy_template": 39, 
            "die_set": "CHA+POW"
        }
    }, 
    {
        "pk": 411, 
        "model": "enemygen.enemyskill", 
        "fields": {
            "include": false, 
            "skill": 16, 
            "enemy_template": 40, 
            "die_set": "CHA+POW"
        }
    }, 
    {
        "pk": 435, 
        "model": "enemygen.enemyskill", 
        "fields": {
            "include": false, 
            "skill": 16, 
            "enemy_template": 41, 
            "die_set": "CHA+POW"
        }
    }, 
    {
        "pk": 459, 
        "model": "enemygen.enemyskill", 
        "fields": {
            "include": false, 
            "skill": 16, 
            "enemy_template": 42, 
            "die_set": "CHA+POW"
        }
    }, 
    {
        "pk": 483, 
        "model": "enemygen.enemyskill", 
        "fields": {
            "include": false, 
            "skill": 16, 
            "enemy_template": 43, 
            "die_set": "CHA+POW"
        }
    }, 
    {
        "pk": 507, 
        "model": "enemygen.enemyskill", 
        "fields": {
            "include": false, 
            "skill": 16, 
            "enemy_template": 44, 
            "die_set": "CHA+POW"
        }
    }, 
    {
        "pk": 531, 
        "model": "enemygen.enemyskill", 
        "fields": {
            "include": false, 
            "skill": 16, 
            "enemy_template": 45, 
            "die_set": "CHA+POW"
        }
    }, 
    {
        "pk": 555, 
        "model": "enemygen.enemyskill", 
        "fields": {
            "include": false, 
            "skill": 16, 
            "enemy_template": 46, 
            "die_set": "CHA+POW"
        }
    }, 
    {
        "pk": 579, 
        "model": "enemygen.enemyskill", 
        "fields": {
            "include": false, 
            "skill": 16, 
            "enemy_template": 47, 
            "die_set": "CHA+POW"
        }
    }, 
    {
        "pk": 603, 
        "model": "enemygen.enemyskill", 
        "fields": {
            "include": false, 
            "skill": 16, 
            "enemy_template": 48, 
            "die_set": "CHA+POW"
        }
    }, 
    {
        "pk": 627, 
        "model": "enemygen.enemyskill", 
        "fields": {
            "include": false, 
            "skill": 16, 
            "enemy_template": 49, 
            "die_set": "CHA+POW"
        }
    }, 
    {
        "pk": 651, 
        "model": "enemygen.enemyskill", 
        "fields": {
            "include": false, 
            "skill": 16, 
            "enemy_template": 50, 
            "die_set": "CHA+POW"
        }
    }, 
    {
        "pk": 675, 
        "model": "enemygen.enemyskill", 
        "fields": {
            "include": false, 
            "skill": 16, 
            "enemy_template": 51, 
            "die_set": "CHA+POW"
        }
    }, 
    {
        "pk": 340, 
        "model": "enemygen.enemyskill", 
        "fields": {
            "include": true, 
            "skill": 17, 
            "enemy_template": 37, 
            "die_set": "DEX+INT"
        }
    }, 
    {
        "pk": 364, 
        "model": "enemygen.enemyskill", 
        "fields": {
            "include": false, 
            "skill": 17, 
            "enemy_template": 38, 
            "die_set": "DEX+INT"
        }
    }, 
    {
        "pk": 388, 
        "model": "enemygen.enemyskill", 
        "fields": {
            "include": false, 
            "skill": 17, 
            "enemy_template": 39, 
            "die_set": "DEX+INT"
        }
    }, 
    {
        "pk": 412, 
        "model": "enemygen.enemyskill", 
        "fields": {
            "include": false, 
            "skill": 17, 
            "enemy_template": 40, 
            "die_set": "DEX+INT"
        }
    }, 
    {
        "pk": 436, 
        "model": "enemygen.enemyskill", 
        "fields": {
            "include": false, 
            "skill": 17, 
            "enemy_template": 41, 
            "die_set": "DEX+INT"
        }
    }, 
    {
        "pk": 460, 
        "model": "enemygen.enemyskill", 
        "fields": {
            "include": false, 
            "skill": 17, 
            "enemy_template": 42, 
            "die_set": "DEX+INT"
        }
    }, 
    {
        "pk": 484, 
        "model": "enemygen.enemyskill", 
        "fields": {
            "include": false, 
            "skill": 17, 
            "enemy_template": 43, 
            "die_set": "DEX+INT"
        }
    }, 
    {
        "pk": 508, 
        "model": "enemygen.enemyskill", 
        "fields": {
            "include": true, 
            "skill": 17, 
            "enemy_template": 44, 
            "die_set": "DEX+INT+20"
        }
    }, 
    {
        "pk": 532, 
        "model": "enemygen.enemyskill", 
        "fields": {
            "include": false, 
            "skill": 17, 
            "enemy_template": 45, 
            "die_set": "DEX+INT"
        }
    }, 
    {
        "pk": 556, 
        "model": "enemygen.enemyskill", 
        "fields": {
            "include": false, 
            "skill": 17, 
            "enemy_template": 46, 
            "die_set": "DEX+INT"
        }
    }, 
    {
        "pk": 580, 
        "model": "enemygen.enemyskill", 
        "fields": {
            "include": false, 
            "skill": 17, 
            "enemy_template": 47, 
            "die_set": "DEX+INT"
        }
    }, 
    {
        "pk": 604, 
        "model": "enemygen.enemyskill", 
        "fields": {
            "include": true, 
            "skill": 17, 
            "enemy_template": 48, 
            "die_set": "DEX+INT+30"
        }
    }, 
    {
        "pk": 628, 
        "model": "enemygen.enemyskill", 
        "fields": {
            "include": false, 
            "skill": 17, 
            "enemy_template": 49, 
            "die_set": "DEX+INT"
        }
    }, 
    {
        "pk": 652, 
        "model": "enemygen.enemyskill", 
        "fields": {
            "include": false, 
            "skill": 17, 
            "enemy_template": 50, 
            "die_set": "DEX+INT"
        }
    }, 
    {
        "pk": 676, 
        "model": "enemygen.enemyskill", 
        "fields": {
            "include": false, 
            "skill": 17, 
            "enemy_template": 51, 
            "die_set": "DEX+INT"
        }
    }, 
    {
        "pk": 341, 
        "model": "enemygen.enemyskill", 
        "fields": {
            "include": false, 
            "skill": 18, 
            "enemy_template": 37, 
            "die_set": "STR+CON"
        }
    }, 
    {
        "pk": 365, 
        "model": "enemygen.enemyskill", 
        "fields": {
            "include": false, 
            "skill": 18, 
            "enemy_template": 38, 
            "die_set": "STR+CON"
        }
    }, 
    {
        "pk": 389, 
        "model": "enemygen.enemyskill", 
        "fields": {
            "include": false, 
            "skill": 18, 
            "enemy_template": 39, 
            "die_set": "STR+CON"
        }
    }, 
    {
        "pk": 413, 
        "model": "enemygen.enemyskill", 
        "fields": {
            "include": false, 
            "skill": 18, 
            "enemy_template": 40, 
            "die_set": "STR+CON"
        }
    }, 
    {
        "pk": 437, 
        "model": "enemygen.enemyskill", 
        "fields": {
            "include": false, 
            "skill": 18, 
            "enemy_template": 41, 
            "die_set": "STR+CON"
        }
    }, 
    {
        "pk": 461, 
        "model": "enemygen.enemyskill", 
        "fields": {
            "include": false, 
            "skill": 18, 
            "enemy_template": 42, 
            "die_set": "STR+CON"
        }
    }, 
    {
        "pk": 485, 
        "model": "enemygen.enemyskill", 
        "fields": {
            "include": false, 
            "skill": 18, 
            "enemy_template": 43, 
            "die_set": "STR+CON"
        }
    }, 
    {
        "pk": 509, 
        "model": "enemygen.enemyskill", 
        "fields": {
            "include": false, 
            "skill": 18, 
            "enemy_template": 44, 
            "die_set": "STR+CON"
        }
    }, 
    {
        "pk": 533, 
        "model": "enemygen.enemyskill", 
        "fields": {
            "include": false, 
            "skill": 18, 
            "enemy_template": 45, 
            "die_set": "STR+CON"
        }
    }, 
    {
        "pk": 557, 
        "model": "enemygen.enemyskill", 
        "fields": {
            "include": false, 
            "skill": 18, 
            "enemy_template": 46, 
            "die_set": "STR+CON"
        }
    }, 
    {
        "pk": 581, 
        "model": "enemygen.enemyskill", 
        "fields": {
            "include": false, 
            "skill": 18, 
            "enemy_template": 47, 
            "die_set": "STR+CON"
        }
    }, 
    {
        "pk": 605, 
        "model": "enemygen.enemyskill", 
        "fields": {
            "include": false, 
            "skill": 18, 
            "enemy_template": 48, 
            "die_set": "STR+CON"
        }
    }, 
    {
        "pk": 629, 
        "model": "enemygen.enemyskill", 
        "fields": {
            "include": false, 
            "skill": 18, 
            "enemy_template": 49, 
            "die_set": "STR+CON"
        }
    }, 
    {
        "pk": 653, 
        "model": "enemygen.enemyskill", 
        "fields": {
            "include": false, 
            "skill": 18, 
            "enemy_template": 50, 
            "die_set": "STR+CON"
        }
    }, 
    {
        "pk": 677, 
        "model": "enemygen.enemyskill", 
        "fields": {
            "include": false, 
            "skill": 18, 
            "enemy_template": 51, 
            "die_set": "STR+CON"
        }
    }, 
    {
        "pk": 342, 
        "model": "enemygen.enemyskill", 
        "fields": {
            "include": true, 
            "skill": 19, 
            "enemy_template": 37, 
            "die_set": "STR+DEX"
        }
    }, 
    {
        "pk": 366, 
        "model": "enemygen.enemyskill", 
        "fields": {
            "include": true, 
            "skill": 19, 
            "enemy_template": 38, 
            "die_set": "STR+DEX+20"
        }
    }, 
    {
        "pk": 390, 
        "model": "enemygen.enemyskill", 
        "fields": {
            "include": true, 
            "skill": 19, 
            "enemy_template": 39, 
            "die_set": "STR+DEX"
        }
    }, 
    {
        "pk": 414, 
        "model": "enemygen.enemyskill", 
        "fields": {
            "include": false, 
            "skill": 19, 
            "enemy_template": 40, 
            "die_set": "STR+DEX"
        }
    }, 
    {
        "pk": 438, 
        "model": "enemygen.enemyskill", 
        "fields": {
            "include": false, 
            "skill": 19, 
            "enemy_template": 41, 
            "die_set": "STR+DEX"
        }
    }, 
    {
        "pk": 462, 
        "model": "enemygen.enemyskill", 
        "fields": {
            "include": false, 
            "skill": 19, 
            "enemy_template": 42, 
            "die_set": "STR+DEX"
        }
    }, 
    {
        "pk": 486, 
        "model": "enemygen.enemyskill", 
        "fields": {
            "include": true, 
            "skill": 19, 
            "enemy_template": 43, 
            "die_set": "STR+DEX"
        }
    }, 
    {
        "pk": 510, 
        "model": "enemygen.enemyskill", 
        "fields": {
            "include": true, 
            "skill": 19, 
            "enemy_template": 44, 
            "die_set": "STR+DEX+20"
        }
    }, 
    {
        "pk": 534, 
        "model": "enemygen.enemyskill", 
        "fields": {
            "include": true, 
            "skill": 19, 
            "enemy_template": 45, 
            "die_set": "STR+DEX"
        }
    }, 
    {
        "pk": 558, 
        "model": "enemygen.enemyskill", 
        "fields": {
            "include": true, 
            "skill": 19, 
            "enemy_template": 46, 
            "die_set": "STR+DEX+15"
        }
    }, 
    {
        "pk": 582, 
        "model": "enemygen.enemyskill", 
        "fields": {
            "include": true, 
            "skill": 19, 
            "enemy_template": 47, 
            "die_set": "STR+DEX"
        }
    }, 
    {
        "pk": 606, 
        "model": "enemygen.enemyskill", 
        "fields": {
            "include": false, 
            "skill": 19, 
            "enemy_template": 48, 
            "die_set": "STR+DEX"
        }
    }, 
    {
        "pk": 630, 
        "model": "enemygen.enemyskill", 
        "fields": {
            "include": true, 
            "skill": 19, 
            "enemy_template": 49, 
            "die_set": "STR+DEX+20"
        }
    }, 
    {
        "pk": 654, 
        "model": "enemygen.enemyskill", 
        "fields": {
            "include": true, 
            "skill": 19, 
            "enemy_template": 50, 
            "die_set": "STR+DEX+3D10"
        }
    }, 
    {
        "pk": 678, 
        "model": "enemygen.enemyskill", 
        "fields": {
            "include": true, 
            "skill": 19, 
            "enemy_template": 51, 
            "die_set": "STR+DEX+1D10"
        }
    }, 
    {
        "pk": 343, 
        "model": "enemygen.enemyskill", 
        "fields": {
            "include": true, 
            "skill": 5, 
            "enemy_template": 37, 
            "die_set": "POW+POW"
        }
    }, 
    {
        "pk": 367, 
        "model": "enemygen.enemyskill", 
        "fields": {
            "include": true, 
            "skill": 5, 
            "enemy_template": 38, 
            "die_set": "POW+POW+20"
        }
    }, 
    {
        "pk": 391, 
        "model": "enemygen.enemyskill", 
        "fields": {
            "include": true, 
            "skill": 5, 
            "enemy_template": 39, 
            "die_set": "POW+POW+20"
        }
    }, 
    {
        "pk": 415, 
        "model": "enemygen.enemyskill", 
        "fields": {
            "include": true, 
            "skill": 5, 
            "enemy_template": 40, 
            "die_set": "POW+POW+10"
        }
    }, 
    {
        "pk": 439, 
        "model": "enemygen.enemyskill", 
        "fields": {
            "include": true, 
            "skill": 5, 
            "enemy_template": 41, 
            "die_set": "POW+POW+20"
        }
    }, 
    {
        "pk": 463, 
        "model": "enemygen.enemyskill", 
        "fields": {
            "include": true, 
            "skill": 5, 
            "enemy_template": 42, 
            "die_set": "POW+POW+20"
        }
    }, 
    {
        "pk": 487, 
        "model": "enemygen.enemyskill", 
        "fields": {
            "include": true, 
            "skill": 5, 
            "enemy_template": 43, 
            "die_set": "POW+POW"
        }
    }, 
    {
        "pk": 511, 
        "model": "enemygen.enemyskill", 
        "fields": {
            "include": true, 
            "skill": 5, 
            "enemy_template": 44, 
            "die_set": "POW+POW+10"
        }
    }, 
    {
        "pk": 535, 
        "model": "enemygen.enemyskill", 
        "fields": {
            "include": true, 
            "skill": 5, 
            "enemy_template": 45, 
            "die_set": "POW+POW"
        }
    }, 
    {
        "pk": 559, 
        "model": "enemygen.enemyskill", 
        "fields": {
            "include": true, 
            "skill": 5, 
            "enemy_template": 46, 
            "die_set": "POW+POW+10"
        }
    }, 
    {
        "pk": 583, 
        "model": "enemygen.enemyskill", 
        "fields": {
            "include": true, 
            "skill": 5, 
            "enemy_template": 47, 
            "die_set": "POW+POW"
        }
    }, 
    {
        "pk": 607, 
        "model": "enemygen.enemyskill", 
        "fields": {
            "include": false, 
            "skill": 5, 
            "enemy_template": 48, 
            "die_set": "POW+POW"
        }
    }, 
    {
        "pk": 631, 
        "model": "enemygen.enemyskill", 
        "fields": {
            "include": true, 
            "skill": 5, 
            "enemy_template": 49, 
            "die_set": "POW+POW+20"
        }
    }, 
    {
        "pk": 655, 
        "model": "enemygen.enemyskill", 
        "fields": {
            "include": true, 
            "skill": 5, 
            "enemy_template": 50, 
            "die_set": "POW+POW+4D6"
        }
    }, 
    {
        "pk": 679, 
        "model": "enemygen.enemyskill", 
        "fields": {
            "include": true, 
            "skill": 5, 
            "enemy_template": 51, 
            "die_set": "POW+POW+3D10"
        }
    }, 
    {
        "pk": 164, 
        "model": "enemygen.enemyhitlocation", 
        "fields": {
            "armor": "1", 
            "enemy_template": 42, 
            "hit_location": 1
        }
    }, 
    {
        "pk": 150, 
        "model": "enemygen.enemyhitlocation", 
        "fields": {
            "armor": "2+D4", 
            "enemy_template": 40, 
            "hit_location": 32
        }
    }, 
    {
        "pk": 213, 
        "model": "enemygen.enemyhitlocation", 
        "fields": {
            "armor": "1", 
            "enemy_template": 49, 
            "hit_location": 1
        }
    }, 
    {
        "pk": 192, 
        "model": "enemygen.enemyhitlocation", 
        "fields": {
            "armor": "1d3-1", 
            "enemy_template": 46, 
            "hit_location": 1
        }
    }, 
    {
        "pk": 171, 
        "model": "enemygen.enemyhitlocation", 
        "fields": {
            "armor": "", 
            "enemy_template": 43, 
            "hit_location": 1
        }
    }, 
    {
        "pk": 133, 
        "model": "enemygen.enemyhitlocation", 
        "fields": {
            "armor": "D3+1", 
            "enemy_template": 38, 
            "hit_location": 1
        }
    }, 
    {
        "pk": 220, 
        "model": "enemygen.enemyhitlocation", 
        "fields": {
            "armor": "2", 
            "enemy_template": 50, 
            "hit_location": 1
        }
    }, 
    {
        "pk": 199, 
        "model": "enemygen.enemyhitlocation", 
        "fields": {
            "armor": "", 
            "enemy_template": 47, 
            "hit_location": 1
        }
    }, 
    {
        "pk": 178, 
        "model": "enemygen.enemyhitlocation", 
        "fields": {
            "armor": "", 
            "enemy_template": 44, 
            "hit_location": 25
        }
    }, 
    {
        "pk": 140, 
        "model": "enemygen.enemyhitlocation", 
        "fields": {
            "armor": "1", 
            "enemy_template": 39, 
            "hit_location": 8
        }
    }, 
    {
        "pk": 157, 
        "model": "enemygen.enemyhitlocation", 
        "fields": {
            "armor": "4", 
            "enemy_template": 41, 
            "hit_location": 18
        }
    }, 
    {
        "pk": 227, 
        "model": "enemygen.enemyhitlocation", 
        "fields": {
            "armor": "4", 
            "enemy_template": 51, 
            "hit_location": 1
        }
    }, 
    {
        "pk": 126, 
        "model": "enemygen.enemyhitlocation", 
        "fields": {
            "armor": "D3", 
            "enemy_template": 37, 
            "hit_location": 1
        }
    }, 
    {
        "pk": 206, 
        "model": "enemygen.enemyhitlocation", 
        "fields": {
            "armor": "", 
            "enemy_template": 48, 
            "hit_location": 1
        }
    }, 
    {
        "pk": 185, 
        "model": "enemygen.enemyhitlocation", 
        "fields": {
            "armor": "", 
            "enemy_template": 45, 
            "hit_location": 1
        }
    }, 
    {
        "pk": 228, 
        "model": "enemygen.enemyhitlocation", 
        "fields": {
            "armor": "4", 
            "enemy_template": 51, 
            "hit_location": 2
        }
    }, 
    {
        "pk": 134, 
        "model": "enemygen.enemyhitlocation", 
        "fields": {
            "armor": "D3+1", 
            "enemy_template": 38, 
            "hit_location": 2
        }
    }, 
    {
        "pk": 207, 
        "model": "enemygen.enemyhitlocation", 
        "fields": {
            "armor": "", 
            "enemy_template": 48, 
            "hit_location": 2
        }
    }, 
    {
        "pk": 186, 
        "model": "enemygen.enemyhitlocation", 
        "fields": {
            "armor": "", 
            "enemy_template": 45, 
            "hit_location": 2
        }
    }, 
    {
        "pk": 165, 
        "model": "enemygen.enemyhitlocation", 
        "fields": {
            "armor": "1", 
            "enemy_template": 42, 
            "hit_location": 2
        }
    }, 
    {
        "pk": 214, 
        "model": "enemygen.enemyhitlocation", 
        "fields": {
            "armor": "1", 
            "enemy_template": 49, 
            "hit_location": 2
        }
    }, 
    {
        "pk": 127, 
        "model": "enemygen.enemyhitlocation", 
        "fields": {
            "armor": "D3", 
            "enemy_template": 37, 
            "hit_location": 2
        }
    }, 
    {
        "pk": 193, 
        "model": "enemygen.enemyhitlocation", 
        "fields": {
            "armor": "1d3-1", 
            "enemy_template": 46, 
            "hit_location": 2
        }
    }, 
    {
        "pk": 172, 
        "model": "enemygen.enemyhitlocation", 
        "fields": {
            "armor": "", 
            "enemy_template": 43, 
            "hit_location": 2
        }
    }, 
    {
        "pk": 221, 
        "model": "enemygen.enemyhitlocation", 
        "fields": {
            "armor": "2", 
            "enemy_template": 50, 
            "hit_location": 2
        }
    }, 
    {
        "pk": 200, 
        "model": "enemygen.enemyhitlocation", 
        "fields": {
            "armor": "", 
            "enemy_template": 47, 
            "hit_location": 2
        }
    }, 
    {
        "pk": 179, 
        "model": "enemygen.enemyhitlocation", 
        "fields": {
            "armor": "", 
            "enemy_template": 44, 
            "hit_location": 26
        }
    }, 
    {
        "pk": 141, 
        "model": "enemygen.enemyhitlocation", 
        "fields": {
            "armor": "1", 
            "enemy_template": 39, 
            "hit_location": 9
        }
    }, 
    {
        "pk": 158, 
        "model": "enemygen.enemyhitlocation", 
        "fields": {
            "armor": "4", 
            "enemy_template": 41, 
            "hit_location": 19
        }
    }, 
    {
        "pk": 151, 
        "model": "enemygen.enemyhitlocation", 
        "fields": {
            "armor": "2+D4", 
            "enemy_template": 40, 
            "hit_location": 33
        }
    }, 
    {
        "pk": 180, 
        "model": "enemygen.enemyhitlocation", 
        "fields": {
            "armor": "1D3", 
            "enemy_template": 44, 
            "hit_location": 27
        }
    }, 
    {
        "pk": 159, 
        "model": "enemygen.enemyhitlocation", 
        "fields": {
            "armor": "5", 
            "enemy_template": 41, 
            "hit_location": 20
        }
    }, 
    {
        "pk": 229, 
        "model": "enemygen.enemyhitlocation", 
        "fields": {
            "armor": "4", 
            "enemy_template": 51, 
            "hit_location": 3
        }
    }, 
    {
        "pk": 135, 
        "model": "enemygen.enemyhitlocation", 
        "fields": {
            "armor": "D3+1", 
            "enemy_template": 38, 
            "hit_location": 3
        }
    }, 
    {
        "pk": 208, 
        "model": "enemygen.enemyhitlocation", 
        "fields": {
            "armor": "", 
            "enemy_template": 48, 
            "hit_location": 3
        }
    }, 
    {
        "pk": 187, 
        "model": "enemygen.enemyhitlocation", 
        "fields": {
            "armor": "", 
            "enemy_template": 45, 
            "hit_location": 3
        }
    }, 
    {
        "pk": 166, 
        "model": "enemygen.enemyhitlocation", 
        "fields": {
            "armor": "1", 
            "enemy_template": 42, 
            "hit_location": 3
        }
    }, 
    {
        "pk": 142, 
        "model": "enemygen.enemyhitlocation", 
        "fields": {
            "armor": "1", 
            "enemy_template": 39, 
            "hit_location": 10
        }
    }, 
    {
        "pk": 152, 
        "model": "enemygen.enemyhitlocation", 
        "fields": {
            "armor": "2+D4", 
            "enemy_template": 40, 
            "hit_location": 34
        }
    }, 
    {
        "pk": 215, 
        "model": "enemygen.enemyhitlocation", 
        "fields": {
            "armor": "3", 
            "enemy_template": 49, 
            "hit_location": 3
        }
    }, 
    {
        "pk": 194, 
        "model": "enemygen.enemyhitlocation", 
        "fields": {
            "armor": "1d2", 
            "enemy_template": 46, 
            "hit_location": 3
        }
    }, 
    {
        "pk": 173, 
        "model": "enemygen.enemyhitlocation", 
        "fields": {
            "armor": "", 
            "enemy_template": 43, 
            "hit_location": 3
        }
    }, 
    {
        "pk": 128, 
        "model": "enemygen.enemyhitlocation", 
        "fields": {
            "armor": "D3", 
            "enemy_template": 37, 
            "hit_location": 3
        }
    }, 
    {
        "pk": 222, 
        "model": "enemygen.enemyhitlocation", 
        "fields": {
            "armor": "3", 
            "enemy_template": 50, 
            "hit_location": 3
        }
    }, 
    {
        "pk": 201, 
        "model": "enemygen.enemyhitlocation", 
        "fields": {
            "armor": "", 
            "enemy_template": 47, 
            "hit_location": 3
        }
    }, 
    {
        "pk": 143, 
        "model": "enemygen.enemyhitlocation", 
        "fields": {
            "armor": "1", 
            "enemy_template": 39, 
            "hit_location": 11
        }
    }, 
    {
        "pk": 153, 
        "model": "enemygen.enemyhitlocation", 
        "fields": {
            "armor": "2+D4", 
            "enemy_template": 40, 
            "hit_location": 35
        }
    }, 
    {
        "pk": 223, 
        "model": "enemygen.enemyhitlocation", 
        "fields": {
            "armor": "5", 
            "enemy_template": 50, 
            "hit_location": 4
        }
    }, 
    {
        "pk": 202, 
        "model": "enemygen.enemyhitlocation", 
        "fields": {
            "armor": "", 
            "enemy_template": 47, 
            "hit_location": 4
        }
    }, 
    {
        "pk": 129, 
        "model": "enemygen.enemyhitlocation", 
        "fields": {
            "armor": "D3", 
            "enemy_template": 37, 
            "hit_location": 4
        }
    }, 
    {
        "pk": 181, 
        "model": "enemygen.enemyhitlocation", 
        "fields": {
            "armor": "1D3", 
            "enemy_template": 44, 
            "hit_location": 28
        }
    }, 
    {
        "pk": 160, 
        "model": "enemygen.enemyhitlocation", 
        "fields": {
            "armor": "5", 
            "enemy_template": 41, 
            "hit_location": 21
        }
    }, 
    {
        "pk": 230, 
        "model": "enemygen.enemyhitlocation", 
        "fields": {
            "armor": "4", 
            "enemy_template": 51, 
            "hit_location": 4
        }
    }, 
    {
        "pk": 209, 
        "model": "enemygen.enemyhitlocation", 
        "fields": {
            "armor": "", 
            "enemy_template": 48, 
            "hit_location": 4
        }
    }, 
    {
        "pk": 188, 
        "model": "enemygen.enemyhitlocation", 
        "fields": {
            "armor": "", 
            "enemy_template": 45, 
            "hit_location": 4
        }
    }, 
    {
        "pk": 167, 
        "model": "enemygen.enemyhitlocation", 
        "fields": {
            "armor": "1", 
            "enemy_template": 42, 
            "hit_location": 4
        }
    }, 
    {
        "pk": 216, 
        "model": "enemygen.enemyhitlocation", 
        "fields": {
            "armor": "3", 
            "enemy_template": 49, 
            "hit_location": 4
        }
    }, 
    {
        "pk": 136, 
        "model": "enemygen.enemyhitlocation", 
        "fields": {
            "armor": "D3+1", 
            "enemy_template": 38, 
            "hit_location": 4
        }
    }, 
    {
        "pk": 195, 
        "model": "enemygen.enemyhitlocation", 
        "fields": {
            "armor": "1d4-1", 
            "enemy_template": 46, 
            "hit_location": 4
        }
    }, 
    {
        "pk": 174, 
        "model": "enemygen.enemyhitlocation", 
        "fields": {
            "armor": "", 
            "enemy_template": 43, 
            "hit_location": 4
        }
    }, 
    {
        "pk": 144, 
        "model": "enemygen.enemyhitlocation", 
        "fields": {
            "armor": "1", 
            "enemy_template": 39, 
            "hit_location": 12
        }
    }, 
    {
        "pk": 196, 
        "model": "enemygen.enemyhitlocation", 
        "fields": {
            "armor": "1d2-1", 
            "enemy_template": 46, 
            "hit_location": 5
        }
    }, 
    {
        "pk": 175, 
        "model": "enemygen.enemyhitlocation", 
        "fields": {
            "armor": "", 
            "enemy_template": 43, 
            "hit_location": 5
        }
    }, 
    {
        "pk": 145, 
        "model": "enemygen.enemyhitlocation", 
        "fields": {
            "armor": "1", 
            "enemy_template": 39, 
            "hit_location": 13
        }
    }, 
    {
        "pk": 224, 
        "model": "enemygen.enemyhitlocation", 
        "fields": {
            "armor": "3", 
            "enemy_template": 50, 
            "hit_location": 5
        }
    }, 
    {
        "pk": 203, 
        "model": "enemygen.enemyhitlocation", 
        "fields": {
            "armor": "", 
            "enemy_template": 47, 
            "hit_location": 5
        }
    }, 
    {
        "pk": 130, 
        "model": "enemygen.enemyhitlocation", 
        "fields": {
            "armor": "D3", 
            "enemy_template": 37, 
            "hit_location": 5
        }
    }, 
    {
        "pk": 137, 
        "model": "enemygen.enemyhitlocation", 
        "fields": {
            "armor": "D3+1", 
            "enemy_template": 38, 
            "hit_location": 5
        }
    }, 
    {
        "pk": 182, 
        "model": "enemygen.enemyhitlocation", 
        "fields": {
            "armor": "", 
            "enemy_template": 44, 
            "hit_location": 29
        }
    }, 
    {
        "pk": 161, 
        "model": "enemygen.enemyhitlocation", 
        "fields": {
            "armor": "4", 
            "enemy_template": 41, 
            "hit_location": 22
        }
    }, 
    {
        "pk": 231, 
        "model": "enemygen.enemyhitlocation", 
        "fields": {
            "armor": "4", 
            "enemy_template": 51, 
            "hit_location": 5
        }
    }, 
    {
        "pk": 154, 
        "model": "enemygen.enemyhitlocation", 
        "fields": {
            "armor": "2+D4", 
            "enemy_template": 40, 
            "hit_location": 37
        }
    }, 
    {
        "pk": 210, 
        "model": "enemygen.enemyhitlocation", 
        "fields": {
            "armor": "", 
            "enemy_template": 48, 
            "hit_location": 5
        }
    }, 
    {
        "pk": 189, 
        "model": "enemygen.enemyhitlocation", 
        "fields": {
            "armor": "", 
            "enemy_template": 45, 
            "hit_location": 5
        }
    }, 
    {
        "pk": 168, 
        "model": "enemygen.enemyhitlocation", 
        "fields": {
            "armor": "1", 
            "enemy_template": 42, 
            "hit_location": 5
        }
    }, 
    {
        "pk": 217, 
        "model": "enemygen.enemyhitlocation", 
        "fields": {
            "armor": "2", 
            "enemy_template": 49, 
            "hit_location": 5
        }
    }, 
    {
        "pk": 146, 
        "model": "enemygen.enemyhitlocation", 
        "fields": {
            "armor": "D3+3", 
            "enemy_template": 39, 
            "hit_location": 14
        }
    }, 
    {
        "pk": 218, 
        "model": "enemygen.enemyhitlocation", 
        "fields": {
            "armor": "2", 
            "enemy_template": 49, 
            "hit_location": 6
        }
    }, 
    {
        "pk": 197, 
        "model": "enemygen.enemyhitlocation", 
        "fields": {
            "armor": "1d2-1", 
            "enemy_template": 46, 
            "hit_location": 6
        }
    }, 
    {
        "pk": 155, 
        "model": "enemygen.enemyhitlocation", 
        "fields": {
            "armor": "2+D4", 
            "enemy_template": 40, 
            "hit_location": 36
        }
    }, 
    {
        "pk": 176, 
        "model": "enemygen.enemyhitlocation", 
        "fields": {
            "armor": "", 
            "enemy_template": 43, 
            "hit_location": 6
        }
    }, 
    {
        "pk": 225, 
        "model": "enemygen.enemyhitlocation", 
        "fields": {
            "armor": "3", 
            "enemy_template": 50, 
            "hit_location": 6
        }
    }, 
    {
        "pk": 204, 
        "model": "enemygen.enemyhitlocation", 
        "fields": {
            "armor": "", 
            "enemy_template": 47, 
            "hit_location": 6
        }
    }, 
    {
        "pk": 183, 
        "model": "enemygen.enemyhitlocation", 
        "fields": {
            "armor": "", 
            "enemy_template": 44, 
            "hit_location": 30
        }
    }, 
    {
        "pk": 162, 
        "model": "enemygen.enemyhitlocation", 
        "fields": {
            "armor": "4", 
            "enemy_template": 41, 
            "hit_location": 23
        }
    }, 
    {
        "pk": 131, 
        "model": "enemygen.enemyhitlocation", 
        "fields": {
            "armor": "D3", 
            "enemy_template": 37, 
            "hit_location": 6
        }
    }, 
    {
        "pk": 138, 
        "model": "enemygen.enemyhitlocation", 
        "fields": {
            "armor": "D3+1", 
            "enemy_template": 38, 
            "hit_location": 6
        }
    }, 
    {
        "pk": 232, 
        "model": "enemygen.enemyhitlocation", 
        "fields": {
            "armor": "4", 
            "enemy_template": 51, 
            "hit_location": 6
        }
    }, 
    {
        "pk": 211, 
        "model": "enemygen.enemyhitlocation", 
        "fields": {
            "armor": "", 
            "enemy_template": 48, 
            "hit_location": 6
        }
    }, 
    {
        "pk": 190, 
        "model": "enemygen.enemyhitlocation", 
        "fields": {
            "armor": "", 
            "enemy_template": 45, 
            "hit_location": 6
        }
    }, 
    {
        "pk": 169, 
        "model": "enemygen.enemyhitlocation", 
        "fields": {
            "armor": "1", 
            "enemy_template": 42, 
            "hit_location": 6
        }
    }, 
    {
        "pk": 147, 
        "model": "enemygen.enemyhitlocation", 
        "fields": {
            "armor": "D3+3", 
            "enemy_template": 39, 
            "hit_location": 15
        }
    }, 
    {
        "pk": 148, 
        "model": "enemygen.enemyhitlocation", 
        "fields": {
            "armor": "D3+3", 
            "enemy_template": 39, 
            "hit_location": 16
        }
    }, 
    {
        "pk": 212, 
        "model": "enemygen.enemyhitlocation", 
        "fields": {
            "armor": "", 
            "enemy_template": 48, 
            "hit_location": 7
        }
    }, 
    {
        "pk": 156, 
        "model": "enemygen.enemyhitlocation", 
        "fields": {
            "armor": "2+D4", 
            "enemy_template": 40, 
            "hit_location": 38
        }
    }, 
    {
        "pk": 191, 
        "model": "enemygen.enemyhitlocation", 
        "fields": {
            "armor": "", 
            "enemy_template": 45, 
            "hit_location": 7
        }
    }, 
    {
        "pk": 170, 
        "model": "enemygen.enemyhitlocation", 
        "fields": {
            "armor": "1", 
            "enemy_template": 42, 
            "hit_location": 7
        }
    }, 
    {
        "pk": 132, 
        "model": "enemygen.enemyhitlocation", 
        "fields": {
            "armor": "D3", 
            "enemy_template": 37, 
            "hit_location": 7
        }
    }, 
    {
        "pk": 139, 
        "model": "enemygen.enemyhitlocation", 
        "fields": {
            "armor": "D3+1", 
            "enemy_template": 38, 
            "hit_location": 7
        }
    }, 
    {
        "pk": 219, 
        "model": "enemygen.enemyhitlocation", 
        "fields": {
            "armor": "5", 
            "enemy_template": 49, 
            "hit_location": 7
        }
    }, 
    {
        "pk": 198, 
        "model": "enemygen.enemyhitlocation", 
        "fields": {
            "armor": "1d3", 
            "enemy_template": 46, 
            "hit_location": 7
        }
    }, 
    {
        "pk": 177, 
        "model": "enemygen.enemyhitlocation", 
        "fields": {
            "armor": "", 
            "enemy_template": 43, 
            "hit_location": 7
        }
    }, 
    {
        "pk": 149, 
        "model": "enemygen.enemyhitlocation", 
        "fields": {
            "armor": "D3+3", 
            "enemy_template": 39, 
            "hit_location": 17
        }
    }, 
    {
        "pk": 226, 
        "model": "enemygen.enemyhitlocation", 
        "fields": {
            "armor": "5", 
            "enemy_template": 50, 
            "hit_location": 7
        }
    }, 
    {
        "pk": 205, 
        "model": "enemygen.enemyhitlocation", 
        "fields": {
            "armor": "", 
            "enemy_template": 47, 
            "hit_location": 7
        }
    }, 
    {
        "pk": 184, 
        "model": "enemygen.enemyhitlocation", 
        "fields": {
            "armor": "1D3+1", 
            "enemy_template": 44, 
            "hit_location": 31
        }
    }, 
    {
        "pk": 163, 
        "model": "enemygen.enemyhitlocation", 
        "fields": {
            "armor": "5", 
            "enemy_template": 41, 
            "hit_location": 24
        }
    }, 
    {
        "pk": 233, 
        "model": "enemygen.enemyhitlocation", 
        "fields": {
            "armor": "6", 
            "enemy_template": 51, 
            "hit_location": 7
        }
    }, 
    {
        "pk": 1, 
        "model": "enemygen.statabstract", 
        "fields": {
            "name": "STR", 
            "order": 1
        }
    }, 
    {
        "pk": 2, 
        "model": "enemygen.statabstract", 
        "fields": {
            "name": "CON", 
            "order": 2
        }
    }, 
    {
        "pk": 3, 
        "model": "enemygen.statabstract", 
        "fields": {
            "name": "SIZ", 
            "order": 3
        }
    }, 
    {
        "pk": 4, 
        "model": "enemygen.statabstract", 
        "fields": {
            "name": "DEX", 
            "order": 4
        }
    }, 
    {
        "pk": 7, 
        "model": "enemygen.statabstract", 
        "fields": {
            "name": "INT", 
            "order": 5
        }
    }, 
    {
        "pk": 5, 
        "model": "enemygen.statabstract", 
        "fields": {
            "name": "POW", 
            "order": 6
        }
    }, 
    {
        "pk": 6, 
        "model": "enemygen.statabstract", 
        "fields": {
            "name": "CHA", 
            "order": 7
        }
    }, 
    {
        "pk": 1, 
        "model": "enemygen.racestat", 
        "fields": {
            "default_value": "3D6", 
            "stat": 1, 
            "race": 1
        }
    }, 
    {
        "pk": 8, 
        "model": "enemygen.racestat", 
        "fields": {
            "default_value": "3D6+6", 
            "stat": 1, 
            "race": 2
        }
    }, 
    {
        "pk": 15, 
        "model": "enemygen.racestat", 
        "fields": {
            "default_value": "2D6+9", 
            "stat": 1, 
            "race": 3
        }
    }, 
    {
        "pk": 22, 
        "model": "enemygen.racestat", 
        "fields": {
            "default_value": "3D6", 
            "stat": 1, 
            "race": 4
        }
    }, 
    {
        "pk": 29, 
        "model": "enemygen.racestat", 
        "fields": {
            "default_value": "2D6+6", 
            "stat": 1, 
            "race": 5
        }
    }, 
    {
        "pk": 36, 
        "model": "enemygen.racestat", 
        "fields": {
            "default_value": "2D6", 
            "stat": 1, 
            "race": 6
        }
    }, 
    {
        "pk": 43, 
        "model": "enemygen.racestat", 
        "fields": {
            "default_value": "3D6+6", 
            "stat": 1, 
            "race": 7
        }
    }, 
    {
        "pk": 50, 
        "model": "enemygen.racestat", 
        "fields": {
            "default_value": "4D6+12", 
            "stat": 1, 
            "race": 8
        }
    }, 
    {
        "pk": 2, 
        "model": "enemygen.racestat", 
        "fields": {
            "default_value": "3D6", 
            "stat": 2, 
            "race": 1
        }
    }, 
    {
        "pk": 9, 
        "model": "enemygen.racestat", 
        "fields": {
            "default_value": "3D6", 
            "stat": 2, 
            "race": 2
        }
    }, 
    {
        "pk": 16, 
        "model": "enemygen.racestat", 
        "fields": {
            "default_value": "2D6+9", 
            "stat": 2, 
            "race": 3
        }
    }, 
    {
        "pk": 23, 
        "model": "enemygen.racestat", 
        "fields": {
            "default_value": "3D6", 
            "stat": 2, 
            "race": 4
        }
    }, 
    {
        "pk": 30, 
        "model": "enemygen.racestat", 
        "fields": {
            "default_value": "1D6+12", 
            "stat": 2, 
            "race": 5
        }
    }, 
    {
        "pk": 37, 
        "model": "enemygen.racestat", 
        "fields": {
            "default_value": "3D6+6", 
            "stat": 2, 
            "race": 6
        }
    }, 
    {
        "pk": 44, 
        "model": "enemygen.racestat", 
        "fields": {
            "default_value": "3D6", 
            "stat": 2, 
            "race": 7
        }
    }, 
    {
        "pk": 51, 
        "model": "enemygen.racestat", 
        "fields": {
            "default_value": "2D6+12", 
            "stat": 2, 
            "race": 8
        }
    }, 
    {
        "pk": 3, 
        "model": "enemygen.racestat", 
        "fields": {
            "default_value": "2D6+6", 
            "stat": 3, 
            "race": 1
        }
    }, 
    {
        "pk": 10, 
        "model": "enemygen.racestat", 
        "fields": {
            "default_value": "3D6+18", 
            "stat": 3, 
            "race": 2
        }
    }, 
    {
        "pk": 17, 
        "model": "enemygen.racestat", 
        "fields": {
            "default_value": "1D3+9", 
            "stat": 3, 
            "race": 3
        }
    }, 
    {
        "pk": 24, 
        "model": "enemygen.racestat", 
        "fields": {
            "default_value": "2D6+9", 
            "stat": 3, 
            "race": 4
        }
    }, 
    {
        "pk": 31, 
        "model": "enemygen.racestat", 
        "fields": {
            "default_value": "2D6+6", 
            "stat": 3, 
            "race": 5
        }
    }, 
    {
        "pk": 38, 
        "model": "enemygen.racestat", 
        "fields": {
            "default_value": "1D6+6", 
            "stat": 3, 
            "race": 6
        }
    }, 
    {
        "pk": 45, 
        "model": "enemygen.racestat", 
        "fields": {
            "default_value": "3D6+10", 
            "stat": 3, 
            "race": 7
        }
    }, 
    {
        "pk": 52, 
        "model": "enemygen.racestat", 
        "fields": {
            "default_value": "4D6+12", 
            "stat": 3, 
            "race": 8
        }
    }, 
    {
        "pk": 4, 
        "model": "enemygen.racestat", 
        "fields": {
            "default_value": "3D6", 
            "stat": 4, 
            "race": 1
        }
    }, 
    {
        "pk": 11, 
        "model": "enemygen.racestat", 
        "fields": {
            "default_value": "3D6", 
            "stat": 4, 
            "race": 2
        }
    }, 
    {
        "pk": 18, 
        "model": "enemygen.racestat", 
        "fields": {
            "default_value": "3D6", 
            "stat": 4, 
            "race": 3
        }
    }, 
    {
        "pk": 25, 
        "model": "enemygen.racestat", 
        "fields": {
            "default_value": "3D6", 
            "stat": 4, 
            "race": 4
        }
    }, 
    {
        "pk": 32, 
        "model": "enemygen.racestat", 
        "fields": {
            "default_value": "3D6", 
            "stat": 4, 
            "race": 5
        }
    }, 
    {
        "pk": 39, 
        "model": "enemygen.racestat", 
        "fields": {
            "default_value": "3D6+3", 
            "stat": 4, 
            "race": 6
        }
    }, 
    {
        "pk": 46, 
        "model": "enemygen.racestat", 
        "fields": {
            "default_value": "3D6", 
            "stat": 4, 
            "race": 7
        }
    }, 
    {
        "pk": 53, 
        "model": "enemygen.racestat", 
        "fields": {
            "default_value": "3D6", 
            "stat": 4, 
            "race": 8
        }
    }, 
    {
        "pk": 5, 
        "model": "enemygen.racestat", 
        "fields": {
            "default_value": "2D6+6", 
            "stat": 7, 
            "race": 1
        }
    }, 
    {
        "pk": 12, 
        "model": "enemygen.racestat", 
        "fields": {
            "default_value": "2D6+6", 
            "stat": 7, 
            "race": 2
        }
    }, 
    {
        "pk": 19, 
        "model": "enemygen.racestat", 
        "fields": {
            "default_value": "2D6+6", 
            "stat": 7, 
            "race": 3
        }
    }, 
    {
        "pk": 26, 
        "model": "enemygen.racestat", 
        "fields": {
            "default_value": "2D6+9", 
            "stat": 7, 
            "race": 4
        }
    }, 
    {
        "pk": 33, 
        "model": "enemygen.racestat", 
        "fields": {
            "default_value": "3D6", 
            "stat": 7, 
            "race": 5
        }
    }, 
    {
        "pk": 40, 
        "model": "enemygen.racestat", 
        "fields": {
            "default_value": "1D6+6", 
            "stat": 7, 
            "race": 6
        }
    }, 
    {
        "pk": 47, 
        "model": "enemygen.racestat", 
        "fields": {
            "default_value": "2D6+6", 
            "stat": 7, 
            "race": 7
        }
    }, 
    {
        "pk": 54, 
        "model": "enemygen.racestat", 
        "fields": {
            "default_value": "2D6+2", 
            "stat": 7, 
            "race": 8
        }
    }, 
    {
        "pk": 6, 
        "model": "enemygen.racestat", 
        "fields": {
            "default_value": "3D6", 
            "stat": 5, 
            "race": 1
        }
    }, 
    {
        "pk": 13, 
        "model": "enemygen.racestat", 
        "fields": {
            "default_value": "2D6+9", 
            "stat": 5, 
            "race": 2
        }
    }, 
    {
        "pk": 20, 
        "model": "enemygen.racestat", 
        "fields": {
            "default_value": "3D6", 
            "stat": 5, 
            "race": 3
        }
    }, 
    {
        "pk": 27, 
        "model": "enemygen.racestat", 
        "fields": {
            "default_value": "2D6+6", 
            "stat": 5, 
            "race": 4
        }
    }, 
    {
        "pk": 34, 
        "model": "enemygen.racestat", 
        "fields": {
            "default_value": "3D6", 
            "stat": 5, 
            "race": 5
        }
    }, 
    {
        "pk": 41, 
        "model": "enemygen.racestat", 
        "fields": {
            "default_value": "3D6", 
            "stat": 5, 
            "race": 6
        }
    }, 
    {
        "pk": 48, 
        "model": "enemygen.racestat", 
        "fields": {
            "default_value": "3D6", 
            "stat": 5, 
            "race": 7
        }
    }, 
    {
        "pk": 55, 
        "model": "enemygen.racestat", 
        "fields": {
            "default_value": "3D6", 
            "stat": 5, 
            "race": 8
        }
    }, 
    {
        "pk": 7, 
        "model": "enemygen.racestat", 
        "fields": {
            "default_value": "3D6", 
            "stat": 6, 
            "race": 1
        }
    }, 
    {
        "pk": 14, 
        "model": "enemygen.racestat", 
        "fields": {
            "default_value": "3D6", 
            "stat": 6, 
            "race": 2
        }
    }, 
    {
        "pk": 21, 
        "model": "enemygen.racestat", 
        "fields": {
            "default_value": "3D6", 
            "stat": 6, 
            "race": 3
        }
    }, 
    {
        "pk": 28, 
        "model": "enemygen.racestat", 
        "fields": {
            "default_value": "3D6", 
            "stat": 6, 
            "race": 4
        }
    }, 
    {
        "pk": 35, 
        "model": "enemygen.racestat", 
        "fields": {
            "default_value": "2D6", 
            "stat": 6, 
            "race": 5
        }
    }, 
    {
        "pk": 42, 
        "model": "enemygen.racestat", 
        "fields": {
            "default_value": "2D6", 
            "stat": 6, 
            "race": 6
        }
    }, 
    {
        "pk": 49, 
        "model": "enemygen.racestat", 
        "fields": {
            "default_value": "3D6", 
            "stat": 6, 
            "race": 7
        }
    }, 
    {
        "pk": 56, 
        "model": "enemygen.racestat", 
        "fields": {
            "default_value": "2D6", 
            "stat": 6, 
            "race": 8
        }
    }, 
    {
        "pk": 197, 
        "model": "enemygen.enemystat", 
        "fields": {
            "stat": 1, 
            "enemy_template": 37, 
            "die_set": "3D6"
        }
    }, 
    {
        "pk": 218, 
        "model": "enemygen.enemystat", 
        "fields": {
            "stat": 1, 
            "enemy_template": 40, 
            "die_set": "2D6+6"
        }
    }, 
    {
        "pk": 204, 
        "model": "enemygen.enemystat", 
        "fields": {
            "stat": 1, 
            "enemy_template": 38, 
            "die_set": "3D6"
        }
    }, 
    {
        "pk": 211, 
        "model": "enemygen.enemystat", 
        "fields": {
            "stat": 1, 
            "enemy_template": 39, 
            "die_set": "3D6+6"
        }
    }, 
    {
        "pk": 225, 
        "model": "enemygen.enemystat", 
        "fields": {
            "stat": 1, 
            "enemy_template": 41, 
            "die_set": "2D6+9"
        }
    }, 
    {
        "pk": 232, 
        "model": "enemygen.enemystat", 
        "fields": {
            "stat": 1, 
            "enemy_template": 42, 
            "die_set": "2D6"
        }
    }, 
    {
        "pk": 239, 
        "model": "enemygen.enemystat", 
        "fields": {
            "stat": 1, 
            "enemy_template": 43, 
            "die_set": "3D6"
        }
    }, 
    {
        "pk": 246, 
        "model": "enemygen.enemystat", 
        "fields": {
            "stat": 1, 
            "enemy_template": 44, 
            "die_set": "3D6"
        }
    }, 
    {
        "pk": 253, 
        "model": "enemygen.enemystat", 
        "fields": {
            "stat": 1, 
            "enemy_template": 45, 
            "die_set": "3D6"
        }
    }, 
    {
        "pk": 260, 
        "model": "enemygen.enemystat", 
        "fields": {
            "stat": 1, 
            "enemy_template": 46, 
            "die_set": "2D6+6"
        }
    }, 
    {
        "pk": 267, 
        "model": "enemygen.enemystat", 
        "fields": {
            "stat": 1, 
            "enemy_template": 47, 
            "die_set": "3D6"
        }
    }, 
    {
        "pk": 274, 
        "model": "enemygen.enemystat", 
        "fields": {
            "stat": 1, 
            "enemy_template": 48, 
            "die_set": "3D6"
        }
    }, 
    {
        "pk": 281, 
        "model": "enemygen.enemystat", 
        "fields": {
            "stat": 1, 
            "enemy_template": 49, 
            "die_set": "3D4+6"
        }
    }, 
    {
        "pk": 288, 
        "model": "enemygen.enemystat", 
        "fields": {
            "stat": 1, 
            "enemy_template": 50, 
            "die_set": "3D4+6"
        }
    }, 
    {
        "pk": 295, 
        "model": "enemygen.enemystat", 
        "fields": {
            "stat": 1, 
            "enemy_template": 51, 
            "die_set": "2D6+6"
        }
    }, 
    {
        "pk": 198, 
        "model": "enemygen.enemystat", 
        "fields": {
            "stat": 2, 
            "enemy_template": 37, 
            "die_set": "3D6"
        }
    }, 
    {
        "pk": 219, 
        "model": "enemygen.enemystat", 
        "fields": {
            "stat": 2, 
            "enemy_template": 40, 
            "die_set": "1D6+12"
        }
    }, 
    {
        "pk": 205, 
        "model": "enemygen.enemystat", 
        "fields": {
            "stat": 2, 
            "enemy_template": 38, 
            "die_set": "3D6"
        }
    }, 
    {
        "pk": 212, 
        "model": "enemygen.enemystat", 
        "fields": {
            "stat": 2, 
            "enemy_template": 39, 
            "die_set": "3D6"
        }
    }, 
    {
        "pk": 226, 
        "model": "enemygen.enemystat", 
        "fields": {
            "stat": 2, 
            "enemy_template": 41, 
            "die_set": "2D6+9"
        }
    }, 
    {
        "pk": 233, 
        "model": "enemygen.enemystat", 
        "fields": {
            "stat": 2, 
            "enemy_template": 42, 
            "die_set": "2D6"
        }
    }, 
    {
        "pk": 240, 
        "model": "enemygen.enemystat", 
        "fields": {
            "stat": 2, 
            "enemy_template": 43, 
            "die_set": "3D6"
        }
    }, 
    {
        "pk": 247, 
        "model": "enemygen.enemystat", 
        "fields": {
            "stat": 2, 
            "enemy_template": 44, 
            "die_set": "3D6"
        }
    }, 
    {
        "pk": 254, 
        "model": "enemygen.enemystat", 
        "fields": {
            "stat": 2, 
            "enemy_template": 45, 
            "die_set": "3D6"
        }
    }, 
    {
        "pk": 261, 
        "model": "enemygen.enemystat", 
        "fields": {
            "stat": 2, 
            "enemy_template": 46, 
            "die_set": "3D6"
        }
    }, 
    {
        "pk": 268, 
        "model": "enemygen.enemystat", 
        "fields": {
            "stat": 2, 
            "enemy_template": 47, 
            "die_set": "3D6"
        }
    }, 
    {
        "pk": 275, 
        "model": "enemygen.enemystat", 
        "fields": {
            "stat": 2, 
            "enemy_template": 48, 
            "die_set": "3D6"
        }
    }, 
    {
        "pk": 282, 
        "model": "enemygen.enemystat", 
        "fields": {
            "stat": 2, 
            "enemy_template": 49, 
            "die_set": "3D6"
        }
    }, 
    {
        "pk": 289, 
        "model": "enemygen.enemystat", 
        "fields": {
            "stat": 2, 
            "enemy_template": 50, 
            "die_set": "3D6"
        }
    }, 
    {
        "pk": 296, 
        "model": "enemygen.enemystat", 
        "fields": {
            "stat": 2, 
            "enemy_template": 51, 
            "die_set": "3D4+6"
        }
    }, 
    {
        "pk": 199, 
        "model": "enemygen.enemystat", 
        "fields": {
            "stat": 3, 
            "enemy_template": 37, 
            "die_set": "2D6+6"
        }
    }, 
    {
        "pk": 220, 
        "model": "enemygen.enemystat", 
        "fields": {
            "stat": 3, 
            "enemy_template": 40, 
            "die_set": "2D6+6"
        }
    }, 
    {
        "pk": 206, 
        "model": "enemygen.enemystat", 
        "fields": {
            "stat": 3, 
            "enemy_template": 38, 
            "die_set": "2D6+6"
        }
    }, 
    {
        "pk": 213, 
        "model": "enemygen.enemystat", 
        "fields": {
            "stat": 3, 
            "enemy_template": 39, 
            "die_set": "3D6+18"
        }
    }, 
    {
        "pk": 227, 
        "model": "enemygen.enemystat", 
        "fields": {
            "stat": 3, 
            "enemy_template": 41, 
            "die_set": "1D3+9"
        }
    }, 
    {
        "pk": 234, 
        "model": "enemygen.enemystat", 
        "fields": {
            "stat": 3, 
            "enemy_template": 42, 
            "die_set": "1D6+9"
        }
    }, 
    {
        "pk": 241, 
        "model": "enemygen.enemystat", 
        "fields": {
            "stat": 3, 
            "enemy_template": 43, 
            "die_set": "2D6+6"
        }
    }, 
    {
        "pk": 248, 
        "model": "enemygen.enemystat", 
        "fields": {
            "stat": 3, 
            "enemy_template": 44, 
            "die_set": "2D6+6"
        }
    }, 
    {
        "pk": 255, 
        "model": "enemygen.enemystat", 
        "fields": {
            "stat": 3, 
            "enemy_template": 45, 
            "die_set": "2D6+6"
        }
    }, 
    {
        "pk": 262, 
        "model": "enemygen.enemystat", 
        "fields": {
            "stat": 3, 
            "enemy_template": 46, 
            "die_set": "2D6+6"
        }
    }, 
    {
        "pk": 269, 
        "model": "enemygen.enemystat", 
        "fields": {
            "stat": 3, 
            "enemy_template": 47, 
            "die_set": "2D6+6"
        }
    }, 
    {
        "pk": 276, 
        "model": "enemygen.enemystat", 
        "fields": {
            "stat": 3, 
            "enemy_template": 48, 
            "die_set": "2D6+6"
        }
    }, 
    {
        "pk": 283, 
        "model": "enemygen.enemystat", 
        "fields": {
            "stat": 3, 
            "enemy_template": 49, 
            "die_set": "2D4+10"
        }
    }, 
    {
        "pk": 290, 
        "model": "enemygen.enemystat", 
        "fields": {
            "stat": 3, 
            "enemy_template": 50, 
            "die_set": "2D4+10"
        }
    }, 
    {
        "pk": 297, 
        "model": "enemygen.enemystat", 
        "fields": {
            "stat": 3, 
            "enemy_template": 51, 
            "die_set": "4D2+6"
        }
    }, 
    {
        "pk": 221, 
        "model": "enemygen.enemystat", 
        "fields": {
            "stat": 4, 
            "enemy_template": 40, 
            "die_set": "3D6"
        }
    }, 
    {
        "pk": 200, 
        "model": "enemygen.enemystat", 
        "fields": {
            "stat": 4, 
            "enemy_template": 37, 
            "die_set": "3D6"
        }
    }, 
    {
        "pk": 207, 
        "model": "enemygen.enemystat", 
        "fields": {
            "stat": 4, 
            "enemy_template": 38, 
            "die_set": "3D6"
        }
    }, 
    {
        "pk": 214, 
        "model": "enemygen.enemystat", 
        "fields": {
            "stat": 4, 
            "enemy_template": 39, 
            "die_set": "3D6"
        }
    }, 
    {
        "pk": 228, 
        "model": "enemygen.enemystat", 
        "fields": {
            "stat": 4, 
            "enemy_template": 41, 
            "die_set": "3D6"
        }
    }, 
    {
        "pk": 235, 
        "model": "enemygen.enemystat", 
        "fields": {
            "stat": 4, 
            "enemy_template": 42, 
            "die_set": "3D6"
        }
    }, 
    {
        "pk": 242, 
        "model": "enemygen.enemystat", 
        "fields": {
            "stat": 4, 
            "enemy_template": 43, 
            "die_set": "3D6"
        }
    }, 
    {
        "pk": 249, 
        "model": "enemygen.enemystat", 
        "fields": {
            "stat": 4, 
            "enemy_template": 44, 
            "die_set": "2D6+6"
        }
    }, 
    {
        "pk": 256, 
        "model": "enemygen.enemystat", 
        "fields": {
            "stat": 4, 
            "enemy_template": 45, 
            "die_set": "3D6"
        }
    }, 
    {
        "pk": 263, 
        "model": "enemygen.enemystat", 
        "fields": {
            "stat": 4, 
            "enemy_template": 46, 
            "die_set": "3D6"
        }
    }, 
    {
        "pk": 270, 
        "model": "enemygen.enemystat", 
        "fields": {
            "stat": 4, 
            "enemy_template": 47, 
            "die_set": "3D6"
        }
    }, 
    {
        "pk": 277, 
        "model": "enemygen.enemystat", 
        "fields": {
            "stat": 4, 
            "enemy_template": 48, 
            "die_set": "3D6"
        }
    }, 
    {
        "pk": 284, 
        "model": "enemygen.enemystat", 
        "fields": {
            "stat": 4, 
            "enemy_template": 49, 
            "die_set": "3D6"
        }
    }, 
    {
        "pk": 291, 
        "model": "enemygen.enemystat", 
        "fields": {
            "stat": 4, 
            "enemy_template": 50, 
            "die_set": "3D6"
        }
    }, 
    {
        "pk": 298, 
        "model": "enemygen.enemystat", 
        "fields": {
            "stat": 4, 
            "enemy_template": 51, 
            "die_set": "2D5+8"
        }
    }, 
    {
        "pk": 222, 
        "model": "enemygen.enemystat", 
        "fields": {
            "stat": 7, 
            "enemy_template": 40, 
            "die_set": "3D6"
        }
    }, 
    {
        "pk": 201, 
        "model": "enemygen.enemystat", 
        "fields": {
            "stat": 7, 
            "enemy_template": 37, 
            "die_set": "2D6+6"
        }
    }, 
    {
        "pk": 208, 
        "model": "enemygen.enemystat", 
        "fields": {
            "stat": 7, 
            "enemy_template": 38, 
            "die_set": "2D6+6"
        }
    }, 
    {
        "pk": 215, 
        "model": "enemygen.enemystat", 
        "fields": {
            "stat": 7, 
            "enemy_template": 39, 
            "die_set": "2D6+6"
        }
    }, 
    {
        "pk": 229, 
        "model": "enemygen.enemystat", 
        "fields": {
            "stat": 7, 
            "enemy_template": 41, 
            "die_set": "2D6+6"
        }
    }, 
    {
        "pk": 236, 
        "model": "enemygen.enemystat", 
        "fields": {
            "stat": 7, 
            "enemy_template": 42, 
            "die_set": "2D6+6"
        }
    }, 
    {
        "pk": 243, 
        "model": "enemygen.enemystat", 
        "fields": {
            "stat": 7, 
            "enemy_template": 43, 
            "die_set": "2D6+6"
        }
    }, 
    {
        "pk": 250, 
        "model": "enemygen.enemystat", 
        "fields": {
            "stat": 7, 
            "enemy_template": 44, 
            "die_set": "2D6+6"
        }
    }, 
    {
        "pk": 257, 
        "model": "enemygen.enemystat", 
        "fields": {
            "stat": 7, 
            "enemy_template": 45, 
            "die_set": "2D6+6"
        }
    }, 
    {
        "pk": 264, 
        "model": "enemygen.enemystat", 
        "fields": {
            "stat": 7, 
            "enemy_template": 46, 
            "die_set": "2D6+6"
        }
    }, 
    {
        "pk": 271, 
        "model": "enemygen.enemystat", 
        "fields": {
            "stat": 7, 
            "enemy_template": 47, 
            "die_set": "2D6+6"
        }
    }, 
    {
        "pk": 278, 
        "model": "enemygen.enemystat", 
        "fields": {
            "stat": 7, 
            "enemy_template": 48, 
            "die_set": "2D6+6"
        }
    }, 
    {
        "pk": 285, 
        "model": "enemygen.enemystat", 
        "fields": {
            "stat": 7, 
            "enemy_template": 49, 
            "die_set": "2D6+6"
        }
    }, 
    {
        "pk": 292, 
        "model": "enemygen.enemystat", 
        "fields": {
            "stat": 7, 
            "enemy_template": 50, 
            "die_set": "2D6+6"
        }
    }, 
    {
        "pk": 299, 
        "model": "enemygen.enemystat", 
        "fields": {
            "stat": 7, 
            "enemy_template": 51, 
            "die_set": "2D6+6"
        }
    }, 
    {
        "pk": 223, 
        "model": "enemygen.enemystat", 
        "fields": {
            "stat": 5, 
            "enemy_template": 40, 
            "die_set": "3D6"
        }
    }, 
    {
        "pk": 202, 
        "model": "enemygen.enemystat", 
        "fields": {
            "stat": 5, 
            "enemy_template": 37, 
            "die_set": "3D6"
        }
    }, 
    {
        "pk": 209, 
        "model": "enemygen.enemystat", 
        "fields": {
            "stat": 5, 
            "enemy_template": 38, 
            "die_set": "3D6"
        }
    }, 
    {
        "pk": 216, 
        "model": "enemygen.enemystat", 
        "fields": {
            "stat": 5, 
            "enemy_template": 39, 
            "die_set": "2D6+9"
        }
    }, 
    {
        "pk": 230, 
        "model": "enemygen.enemystat", 
        "fields": {
            "stat": 5, 
            "enemy_template": 41, 
            "die_set": "3D6"
        }
    }, 
    {
        "pk": 237, 
        "model": "enemygen.enemystat", 
        "fields": {
            "stat": 5, 
            "enemy_template": 42, 
            "die_set": "3D6"
        }
    }, 
    {
        "pk": 244, 
        "model": "enemygen.enemystat", 
        "fields": {
            "stat": 5, 
            "enemy_template": 43, 
            "die_set": "3D6"
        }
    }, 
    {
        "pk": 251, 
        "model": "enemygen.enemystat", 
        "fields": {
            "stat": 5, 
            "enemy_template": 44, 
            "die_set": "3D6"
        }
    }, 
    {
        "pk": 258, 
        "model": "enemygen.enemystat", 
        "fields": {
            "stat": 5, 
            "enemy_template": 45, 
            "die_set": "3D6"
        }
    }, 
    {
        "pk": 265, 
        "model": "enemygen.enemystat", 
        "fields": {
            "stat": 5, 
            "enemy_template": 46, 
            "die_set": "3D6"
        }
    }, 
    {
        "pk": 272, 
        "model": "enemygen.enemystat", 
        "fields": {
            "stat": 5, 
            "enemy_template": 47, 
            "die_set": "3D6"
        }
    }, 
    {
        "pk": 279, 
        "model": "enemygen.enemystat", 
        "fields": {
            "stat": 5, 
            "enemy_template": 48, 
            "die_set": "3D6"
        }
    }, 
    {
        "pk": 286, 
        "model": "enemygen.enemystat", 
        "fields": {
            "stat": 5, 
            "enemy_template": 49, 
            "die_set": "3D6"
        }
    }, 
    {
        "pk": 293, 
        "model": "enemygen.enemystat", 
        "fields": {
            "stat": 5, 
            "enemy_template": 50, 
            "die_set": "3D6"
        }
    }, 
    {
        "pk": 300, 
        "model": "enemygen.enemystat", 
        "fields": {
            "stat": 5, 
            "enemy_template": 51, 
            "die_set": "3D6"
        }
    }, 
    {
        "pk": 224, 
        "model": "enemygen.enemystat", 
        "fields": {
            "stat": 6, 
            "enemy_template": 40, 
            "die_set": "2D6"
        }
    }, 
    {
        "pk": 203, 
        "model": "enemygen.enemystat", 
        "fields": {
            "stat": 6, 
            "enemy_template": 37, 
            "die_set": "3D6"
        }
    }, 
    {
        "pk": 210, 
        "model": "enemygen.enemystat", 
        "fields": {
            "stat": 6, 
            "enemy_template": 38, 
            "die_set": "3D6"
        }
    }, 
    {
        "pk": 217, 
        "model": "enemygen.enemystat", 
        "fields": {
            "stat": 6, 
            "enemy_template": 39, 
            "die_set": "3D6"
        }
    }, 
    {
        "pk": 231, 
        "model": "enemygen.enemystat", 
        "fields": {
            "stat": 6, 
            "enemy_template": 41, 
            "die_set": "3D6"
        }
    }, 
    {
        "pk": 238, 
        "model": "enemygen.enemystat", 
        "fields": {
            "stat": 6, 
            "enemy_template": 42, 
            "die_set": "2D6"
        }
    }, 
    {
        "pk": 245, 
        "model": "enemygen.enemystat", 
        "fields": {
            "stat": 6, 
            "enemy_template": 43, 
            "die_set": "3D6"
        }
    }, 
    {
        "pk": 252, 
        "model": "enemygen.enemystat", 
        "fields": {
            "stat": 6, 
            "enemy_template": 44, 
            "die_set": "3D6"
        }
    }, 
    {
        "pk": 259, 
        "model": "enemygen.enemystat", 
        "fields": {
            "stat": 6, 
            "enemy_template": 45, 
            "die_set": "3D6"
        }
    }, 
    {
        "pk": 266, 
        "model": "enemygen.enemystat", 
        "fields": {
            "stat": 6, 
            "enemy_template": 46, 
            "die_set": "3D6"
        }
    }, 
    {
        "pk": 273, 
        "model": "enemygen.enemystat", 
        "fields": {
            "stat": 6, 
            "enemy_template": 47, 
            "die_set": "3D6"
        }
    }, 
    {
        "pk": 280, 
        "model": "enemygen.enemystat", 
        "fields": {
            "stat": 6, 
            "enemy_template": 48, 
            "die_set": "3D6"
        }
    }, 
    {
        "pk": 287, 
        "model": "enemygen.enemystat", 
        "fields": {
            "stat": 6, 
            "enemy_template": 49, 
            "die_set": "3D6"
        }
    }, 
    {
        "pk": 294, 
        "model": "enemygen.enemystat", 
        "fields": {
            "stat": 6, 
            "enemy_template": 50, 
            "die_set": "3D6"
        }
    }, 
    {
        "pk": 301, 
        "model": "enemygen.enemystat", 
        "fields": {
            "stat": 6, 
            "enemy_template": 51, 
            "die_set": "3D6"
        }
    }, 
    {
        "pk": 140, 
        "model": "enemygen.spellabstract", 
        "fields": {
            "default_detail": "(Substance / Process)", 
            "type": "sorcery", 
            "name": "Abjure", 
            "detail": true
        }
    }, 
    {
        "pk": 76, 
        "model": "enemygen.spellabstract", 
        "fields": {
            "default_detail": null, 
            "type": "theism", 
            "name": "Absorption", 
            "detail": false
        }
    }, 
    {
        "pk": 77, 
        "model": "enemygen.spellabstract", 
        "fields": {
            "default_detail": null, 
            "type": "theism", 
            "name": "Aegis", 
            "detail": false
        }
    }, 
    {
        "pk": 4, 
        "model": "enemygen.spellabstract", 
        "fields": {
            "default_detail": null, 
            "type": "folk", 
            "name": "Alarm", 
            "detail": false
        }
    }, 
    {
        "pk": 141, 
        "model": "enemygen.spellabstract", 
        "fields": {
            "default_detail": "(Substance)", 
            "type": "sorcery", 
            "name": "Animate", 
            "detail": true
        }
    }, 
    {
        "pk": 8, 
        "model": "enemygen.spellabstract", 
        "fields": {
            "default_detail": null, 
            "type": "folk", 
            "name": "Appraise", 
            "detail": false
        }
    }, 
    {
        "pk": 142, 
        "model": "enemygen.spellabstract", 
        "fields": {
            "default_detail": "(Threat)", 
            "type": "sorcery", 
            "name": "Attract", 
            "detail": true
        }
    }, 
    {
        "pk": 9, 
        "model": "enemygen.spellabstract", 
        "fields": {
            "default_detail": null, 
            "type": "folk", 
            "name": "Avert", 
            "detail": false
        }
    }, 
    {
        "pk": 78, 
        "model": "enemygen.spellabstract", 
        "fields": {
            "default_detail": null, 
            "type": "theism", 
            "name": "Awaken", 
            "detail": false
        }
    }, 
    {
        "pk": 10, 
        "model": "enemygen.spellabstract", 
        "fields": {
            "default_detail": null, 
            "type": "folk", 
            "name": "Babble", 
            "detail": false
        }
    }, 
    {
        "pk": 79, 
        "model": "enemygen.spellabstract", 
        "fields": {
            "default_detail": null, 
            "type": "theism", 
            "name": "Backlash", 
            "detail": false
        }
    }, 
    {
        "pk": 143, 
        "model": "enemygen.spellabstract", 
        "fields": {
            "default_detail": "", 
            "type": "sorcery", 
            "name": "Banish", 
            "detail": false
        }
    }, 
    {
        "pk": 80, 
        "model": "enemygen.spellabstract", 
        "fields": {
            "default_detail": null, 
            "type": "theism", 
            "name": "Beast form", 
            "detail": false
        }
    }, 
    {
        "pk": 11, 
        "model": "enemygen.spellabstract", 
        "fields": {
            "default_detail": "(X)", 
            "type": "folk", 
            "name": "Beastcall", 
            "detail": true
        }
    }, 
    {
        "pk": 12, 
        "model": "enemygen.spellabstract", 
        "fields": {
            "default_detail": null, 
            "type": "folk", 
            "name": "Befuddle", 
            "detail": false
        }
    }, 
    {
        "pk": 81, 
        "model": "enemygen.spellabstract", 
        "fields": {
            "default_detail": null, 
            "type": "theism", 
            "name": "Behold", 
            "detail": false
        }
    }, 
    {
        "pk": 82, 
        "model": "enemygen.spellabstract", 
        "fields": {
            "default_detail": null, 
            "type": "theism", 
            "name": "Berserk", 
            "detail": false
        }
    }, 
    {
        "pk": 83, 
        "model": "enemygen.spellabstract", 
        "fields": {
            "default_detail": null, 
            "type": "theism", 
            "name": "Bind Ghost", 
            "detail": false
        }
    }, 
    {
        "pk": 2, 
        "model": "enemygen.spellabstract", 
        "fields": {
            "default_detail": null, 
            "type": "folk", 
            "name": "Bladesharp", 
            "detail": false
        }
    }, 
    {
        "pk": 84, 
        "model": "enemygen.spellabstract", 
        "fields": {
            "default_detail": null, 
            "type": "theism", 
            "name": "Bless Crops", 
            "detail": false
        }
    }, 
    {
        "pk": 13, 
        "model": "enemygen.spellabstract", 
        "fields": {
            "default_detail": null, 
            "type": "folk", 
            "name": "Bludgeon", 
            "detail": false
        }
    }, 
    {
        "pk": 14, 
        "model": "enemygen.spellabstract", 
        "fields": {
            "default_detail": null, 
            "type": "folk", 
            "name": "Breath", 
            "detail": false
        }
    }, 
    {
        "pk": 85, 
        "model": "enemygen.spellabstract", 
        "fields": {
            "default_detail": null, 
            "type": "theism", 
            "name": "Breathe Water", 
            "detail": false
        }
    }, 
    {
        "pk": 15, 
        "model": "enemygen.spellabstract", 
        "fields": {
            "default_detail": null, 
            "type": "folk", 
            "name": "Bypass", 
            "detail": false
        }
    }, 
    {
        "pk": 144, 
        "model": "enemygen.spellabstract", 
        "fields": {
            "default_detail": "", 
            "type": "sorcery", 
            "name": "Bypass Armor", 
            "detail": false
        }
    }, 
    {
        "pk": 16, 
        "model": "enemygen.spellabstract", 
        "fields": {
            "default_detail": null, 
            "type": "folk", 
            "name": "Calculate", 
            "detail": false
        }
    }, 
    {
        "pk": 86, 
        "model": "enemygen.spellabstract", 
        "fields": {
            "default_detail": null, 
            "type": "theism", 
            "name": "Call Winds", 
            "detail": false
        }
    }, 
    {
        "pk": 17, 
        "model": "enemygen.spellabstract", 
        "fields": {
            "default_detail": null, 
            "type": "folk", 
            "name": "Calm", 
            "detail": false
        }
    }, 
    {
        "pk": 145, 
        "model": "enemygen.spellabstract", 
        "fields": {
            "default_detail": "", 
            "type": "sorcery", 
            "name": "Castback", 
            "detail": false
        }
    }, 
    {
        "pk": 87, 
        "model": "enemygen.spellabstract", 
        "fields": {
            "default_detail": null, 
            "type": "theism", 
            "name": "Chameleon", 
            "detail": false
        }
    }, 
    {
        "pk": 19, 
        "model": "enemygen.spellabstract", 
        "fields": {
            "default_detail": null, 
            "type": "folk", 
            "name": "Chill", 
            "detail": false
        }
    }, 
    {
        "pk": 18, 
        "model": "enemygen.spellabstract", 
        "fields": {
            "default_detail": null, 
            "type": "folk", 
            "name": "Cleanse", 
            "detail": false
        }
    }, 
    {
        "pk": 88, 
        "model": "enemygen.spellabstract", 
        "fields": {
            "default_detail": null, 
            "type": "theism", 
            "name": "Clear Skies", 
            "detail": false
        }
    }, 
    {
        "pk": 89, 
        "model": "enemygen.spellabstract", 
        "fields": {
            "default_detail": null, 
            "type": "theism", 
            "name": "Cloud Call", 
            "detail": false
        }
    }, 
    {
        "pk": 90, 
        "model": "enemygen.spellabstract", 
        "fields": {
            "default_detail": null, 
            "type": "theism", 
            "name": "Consecrate", 
            "detail": false
        }
    }, 
    {
        "pk": 20, 
        "model": "enemygen.spellabstract", 
        "fields": {
            "default_detail": null, 
            "type": "folk", 
            "name": "Cool", 
            "detail": false
        }
    }, 
    {
        "pk": 21, 
        "model": "enemygen.spellabstract", 
        "fields": {
            "default_detail": null, 
            "type": "folk", 
            "name": "Coordination", 
            "detail": false
        }
    }, 
    {
        "pk": 91, 
        "model": "enemygen.spellabstract", 
        "fields": {
            "default_detail": null, 
            "type": "theism", 
            "name": "Corruption", 
            "detail": false
        }
    }, 
    {
        "pk": 92, 
        "model": "enemygen.spellabstract", 
        "fields": {
            "default_detail": null, 
            "type": "theism", 
            "name": "Cure Malady", 
            "detail": false
        }
    }, 
    {
        "pk": 93, 
        "model": "enemygen.spellabstract", 
        "fields": {
            "default_detail": null, 
            "type": "theism", 
            "name": "Cure Sense", 
            "detail": false
        }
    }, 
    {
        "pk": 22, 
        "model": "enemygen.spellabstract", 
        "fields": {
            "default_detail": null, 
            "type": "folk", 
            "name": "Curse", 
            "detail": false
        }
    }, 
    {
        "pk": 146, 
        "model": "enemygen.spellabstract", 
        "fields": {
            "default_detail": "", 
            "type": "sorcery", 
            "name": "Damage Enhancement", 
            "detail": false
        }
    }, 
    {
        "pk": 147, 
        "model": "enemygen.spellabstract", 
        "fields": {
            "default_detail": "", 
            "type": "sorcery", 
            "name": "Damage Resistsance", 
            "detail": false
        }
    }, 
    {
        "pk": 23, 
        "model": "enemygen.spellabstract", 
        "fields": {
            "default_detail": null, 
            "type": "folk", 
            "name": "Darkness", 
            "detail": false
        }
    }, 
    {
        "pk": 25, 
        "model": "enemygen.spellabstract", 
        "fields": {
            "default_detail": null, 
            "type": "folk", 
            "name": "Deflect", 
            "detail": false
        }
    }, 
    {
        "pk": 24, 
        "model": "enemygen.spellabstract", 
        "fields": {
            "default_detail": null, 
            "type": "folk", 
            "name": "Demoralise", 
            "detail": false
        }
    }, 
    {
        "pk": 148, 
        "model": "enemygen.spellabstract", 
        "fields": {
            "default_detail": "(Characteristic)", 
            "type": "sorcery", 
            "name": "Diminish", 
            "detail": true
        }
    }, 
    {
        "pk": 26, 
        "model": "enemygen.spellabstract", 
        "fields": {
            "default_detail": null, 
            "type": "folk", 
            "name": "Dishevel", 
            "detail": false
        }
    }, 
    {
        "pk": 94, 
        "model": "enemygen.spellabstract", 
        "fields": {
            "default_detail": null, 
            "type": "theism", 
            "name": "Dismiss Elemental", 
            "detail": false
        }
    }, 
    {
        "pk": 95, 
        "model": "enemygen.spellabstract", 
        "fields": {
            "default_detail": null, 
            "type": "theism", 
            "name": "Dismiss Magic", 
            "detail": false
        }
    }, 
    {
        "pk": 27, 
        "model": "enemygen.spellabstract", 
        "fields": {
            "default_detail": null, 
            "type": "folk", 
            "name": "Disruption", 
            "detail": false
        }
    }, 
    {
        "pk": 149, 
        "model": "enemygen.spellabstract", 
        "fields": {
            "default_detail": "(Creatures)", 
            "type": "sorcery", 
            "name": "Dominate", 
            "detail": true
        }
    }, 
    {
        "pk": 150, 
        "model": "enemygen.spellabstract", 
        "fields": {
            "default_detail": "(Creatures)", 
            "type": "sorcery", 
            "name": "Draw", 
            "detail": true
        }
    }, 
    {
        "pk": 28, 
        "model": "enemygen.spellabstract", 
        "fields": {
            "default_detail": null, 
            "type": "folk", 
            "name": "Dry", 
            "detail": false
        }
    }, 
    {
        "pk": 29, 
        "model": "enemygen.spellabstract", 
        "fields": {
            "default_detail": null, 
            "type": "folk", 
            "name": "Dullblade", 
            "detail": false
        }
    }, 
    {
        "pk": 96, 
        "model": "enemygen.spellabstract", 
        "fields": {
            "default_detail": null, 
            "type": "theism", 
            "name": "Earthquake", 
            "detail": false
        }
    }, 
    {
        "pk": 97, 
        "model": "enemygen.spellabstract", 
        "fields": {
            "default_detail": null, 
            "type": "theism", 
            "name": "Elemental Summoning", 
            "detail": false
        }
    }, 
    {
        "pk": 151, 
        "model": "enemygen.spellabstract", 
        "fields": {
            "default_detail": "(Object)", 
            "type": "sorcery", 
            "name": "Enchant", 
            "detail": true
        }
    }, 
    {
        "pk": 152, 
        "model": "enemygen.spellabstract", 
        "fields": {
            "default_detail": "(Characteristic)", 
            "type": "sorcery", 
            "name": "Enhance", 
            "detail": true
        }
    }, 
    {
        "pk": 153, 
        "model": "enemygen.spellabstract", 
        "fields": {
            "default_detail": "", 
            "type": "sorcery", 
            "name": "Enlarge", 
            "detail": false
        }
    }, 
    {
        "pk": 154, 
        "model": "enemygen.spellabstract", 
        "fields": {
            "default_detail": "(Creatures)", 
            "type": "sorcery", 
            "name": "Enslave", 
            "detail": true
        }
    }, 
    {
        "pk": 98, 
        "model": "enemygen.spellabstract", 
        "fields": {
            "default_detail": null, 
            "type": "theism", 
            "name": "Entangle", 
            "detail": false
        }
    }, 
    {
        "pk": 99, 
        "model": "enemygen.spellabstract", 
        "fields": {
            "default_detail": null, 
            "type": "theism", 
            "name": "Enthrall", 
            "detail": false
        }
    }, 
    {
        "pk": 155, 
        "model": "enemygen.spellabstract", 
        "fields": {
            "default_detail": "", 
            "type": "sorcery", 
            "name": "Evoke", 
            "detail": false
        }
    }, 
    {
        "pk": 100, 
        "model": "enemygen.spellabstract", 
        "fields": {
            "default_detail": null, 
            "type": "theism", 
            "name": "Excommunicate", 
            "detail": false
        }
    }, 
    {
        "pk": 101, 
        "model": "enemygen.spellabstract", 
        "fields": {
            "default_detail": null, 
            "type": "theism", 
            "name": "Exorcism", 
            "detail": false
        }
    }, 
    {
        "pk": 102, 
        "model": "enemygen.spellabstract", 
        "fields": {
            "default_detail": null, 
            "type": "theism", 
            "name": "Extension", 
            "detail": false
        }
    }, 
    {
        "pk": 30, 
        "model": "enemygen.spellabstract", 
        "fields": {
            "default_detail": null, 
            "type": "folk", 
            "name": "Extinguish", 
            "detail": false
        }
    }, 
    {
        "pk": 31, 
        "model": "enemygen.spellabstract", 
        "fields": {
            "default_detail": null, 
            "type": "folk", 
            "name": "Fanaticism", 
            "detail": false
        }
    }, 
    {
        "pk": 103, 
        "model": "enemygen.spellabstract", 
        "fields": {
            "default_detail": null, 
            "type": "theism", 
            "name": "Fear", 
            "detail": false
        }
    }, 
    {
        "pk": 104, 
        "model": "enemygen.spellabstract", 
        "fields": {
            "default_detail": null, 
            "type": "theism", 
            "name": "Fecundity", 
            "detail": false
        }
    }, 
    {
        "pk": 32, 
        "model": "enemygen.spellabstract", 
        "fields": {
            "default_detail": "(X)", 
            "type": "folk", 
            "name": "Find", 
            "detail": true
        }
    }, 
    {
        "pk": 33, 
        "model": "enemygen.spellabstract", 
        "fields": {
            "default_detail": null, 
            "type": "folk", 
            "name": "Firearrow", 
            "detail": false
        }
    }, 
    {
        "pk": 34, 
        "model": "enemygen.spellabstract", 
        "fields": {
            "default_detail": null, 
            "type": "folk", 
            "name": "Fireblade", 
            "detail": false
        }
    }, 
    {
        "pk": 156, 
        "model": "enemygen.spellabstract", 
        "fields": {
            "default_detail": "", 
            "type": "sorcery", 
            "name": "Fly", 
            "detail": false
        }
    }, 
    {
        "pk": 105, 
        "model": "enemygen.spellabstract", 
        "fields": {
            "default_detail": null, 
            "type": "theism", 
            "name": "Fortify", 
            "detail": false
        }
    }, 
    {
        "pk": 35, 
        "model": "enemygen.spellabstract", 
        "fields": {
            "default_detail": null, 
            "type": "folk", 
            "name": "Frostbite", 
            "detail": false
        }
    }, 
    {
        "pk": 36, 
        "model": "enemygen.spellabstract", 
        "fields": {
            "default_detail": null, 
            "type": "folk", 
            "name": "Glamour", 
            "detail": false
        }
    }, 
    {
        "pk": 37, 
        "model": "enemygen.spellabstract", 
        "fields": {
            "default_detail": null, 
            "type": "folk", 
            "name": "Glue", 
            "detail": false
        }
    }, 
    {
        "pk": 106, 
        "model": "enemygen.spellabstract", 
        "fields": {
            "default_detail": null, 
            "type": "theism", 
            "name": "Growth", 
            "detail": false
        }
    }, 
    {
        "pk": 107, 
        "model": "enemygen.spellabstract", 
        "fields": {
            "default_detail": null, 
            "type": "theism", 
            "name": "Harmonise", 
            "detail": false
        }
    }, 
    {
        "pk": 157, 
        "model": "enemygen.spellabstract", 
        "fields": {
            "default_detail": "", 
            "type": "sorcery", 
            "name": "Haste", 
            "detail": false
        }
    }, 
    {
        "pk": 38, 
        "model": "enemygen.spellabstract", 
        "fields": {
            "default_detail": null, 
            "type": "folk", 
            "name": "Heal", 
            "detail": false
        }
    }, 
    {
        "pk": 108, 
        "model": "enemygen.spellabstract", 
        "fields": {
            "default_detail": null, 
            "type": "theism", 
            "name": "Heal Body", 
            "detail": false
        }
    }, 
    {
        "pk": 109, 
        "model": "enemygen.spellabstract", 
        "fields": {
            "default_detail": null, 
            "type": "theism", 
            "name": "Heal Mind", 
            "detail": false
        }
    }, 
    {
        "pk": 110, 
        "model": "enemygen.spellabstract", 
        "fields": {
            "default_detail": null, 
            "type": "theism", 
            "name": "Heal Wound", 
            "detail": false
        }
    }, 
    {
        "pk": 111, 
        "model": "enemygen.spellabstract", 
        "fields": {
            "default_detail": null, 
            "type": "theism", 
            "name": "Heart Seizure", 
            "detail": false
        }
    }, 
    {
        "pk": 39, 
        "model": "enemygen.spellabstract", 
        "fields": {
            "default_detail": null, 
            "type": "folk", 
            "name": "Heat", 
            "detail": false
        }
    }, 
    {
        "pk": 158, 
        "model": "enemygen.spellabstract", 
        "fields": {
            "default_detail": "", 
            "type": "sorcery", 
            "name": "Hide Life", 
            "detail": false
        }
    }, 
    {
        "pk": 159, 
        "model": "enemygen.spellabstract", 
        "fields": {
            "default_detail": "", 
            "type": "sorcery", 
            "name": "Hinder", 
            "detail": false
        }
    }, 
    {
        "pk": 160, 
        "model": "enemygen.spellabstract", 
        "fields": {
            "default_detail": "", 
            "type": "sorcery", 
            "name": "Holdfast", 
            "detail": false
        }
    }, 
    {
        "pk": 40, 
        "model": "enemygen.spellabstract", 
        "fields": {
            "default_detail": null, 
            "type": "folk", 
            "name": "Ignite", 
            "detail": false
        }
    }, 
    {
        "pk": 112, 
        "model": "enemygen.spellabstract", 
        "fields": {
            "default_detail": null, 
            "type": "theism", 
            "name": "Illusion", 
            "detail": false
        }
    }, 
    {
        "pk": 161, 
        "model": "enemygen.spellabstract", 
        "fields": {
            "default_detail": "", 
            "type": "sorcery", 
            "name": "Imprison", 
            "detail": false
        }
    }, 
    {
        "pk": 41, 
        "model": "enemygen.spellabstract", 
        "fields": {
            "default_detail": null, 
            "type": "folk", 
            "name": "Incognito", 
            "detail": false
        }
    }, 
    {
        "pk": 162, 
        "model": "enemygen.spellabstract", 
        "fields": {
            "default_detail": "", 
            "type": "sorcery", 
            "name": "Intuition", 
            "detail": false
        }
    }, 
    {
        "pk": 42, 
        "model": "enemygen.spellabstract", 
        "fields": {
            "default_detail": null, 
            "type": "folk", 
            "name": "Ironhand", 
            "detail": false
        }
    }, 
    {
        "pk": 43, 
        "model": "enemygen.spellabstract", 
        "fields": {
            "default_detail": null, 
            "type": "folk", 
            "name": "Knock", 
            "detail": false
        }
    }, 
    {
        "pk": 113, 
        "model": "enemygen.spellabstract", 
        "fields": {
            "default_detail": null, 
            "type": "theism", 
            "name": "Lay To Rest", 
            "detail": false
        }
    }, 
    {
        "pk": 114, 
        "model": "enemygen.spellabstract", 
        "fields": {
            "default_detail": null, 
            "type": "theism", 
            "name": "Leeching", 
            "detail": false
        }
    }, 
    {
        "pk": 44, 
        "model": "enemygen.spellabstract", 
        "fields": {
            "default_detail": null, 
            "type": "folk", 
            "name": "Light", 
            "detail": false
        }
    }, 
    {
        "pk": 115, 
        "model": "enemygen.spellabstract", 
        "fields": {
            "default_detail": null, 
            "type": "theism", 
            "name": "Lightning", 
            "detail": false
        }
    }, 
    {
        "pk": 45, 
        "model": "enemygen.spellabstract", 
        "fields": {
            "default_detail": null, 
            "type": "folk", 
            "name": "Lock", 
            "detail": false
        }
    }, 
    {
        "pk": 116, 
        "model": "enemygen.spellabstract", 
        "fields": {
            "default_detail": null, 
            "type": "theism", 
            "name": "Madness", 
            "detail": false
        }
    }, 
    {
        "pk": 46, 
        "model": "enemygen.spellabstract", 
        "fields": {
            "default_detail": null, 
            "type": "folk", 
            "name": "Magnify", 
            "detail": false
        }
    }, 
    {
        "pk": 163, 
        "model": "enemygen.spellabstract", 
        "fields": {
            "default_detail": "", 
            "type": "sorcery", 
            "name": "Mark", 
            "detail": false
        }
    }, 
    {
        "pk": 47, 
        "model": "enemygen.spellabstract", 
        "fields": {
            "default_detail": null, 
            "type": "folk", 
            "name": "Might", 
            "detail": false
        }
    }, 
    {
        "pk": 48, 
        "model": "enemygen.spellabstract", 
        "fields": {
            "default_detail": null, 
            "type": "folk", 
            "name": "Mimic", 
            "detail": false
        }
    }, 
    {
        "pk": 117, 
        "model": "enemygen.spellabstract", 
        "fields": {
            "default_detail": null, 
            "type": "theism", 
            "name": "Mindblast", 
            "detail": false
        }
    }, 
    {
        "pk": 118, 
        "model": "enemygen.spellabstract", 
        "fields": {
            "default_detail": null, 
            "type": "theism", 
            "name": "Mindlink", 
            "detail": false
        }
    }, 
    {
        "pk": 49, 
        "model": "enemygen.spellabstract", 
        "fields": {
            "default_detail": null, 
            "type": "folk", 
            "name": "Mindspeech", 
            "detail": false
        }
    }, 
    {
        "pk": 119, 
        "model": "enemygen.spellabstract", 
        "fields": {
            "default_detail": null, 
            "type": "theism", 
            "name": "Mirage", 
            "detail": false
        }
    }, 
    {
        "pk": 50, 
        "model": "enemygen.spellabstract", 
        "fields": {
            "default_detail": null, 
            "type": "folk", 
            "name": "Mobility", 
            "detail": false
        }
    }, 
    {
        "pk": 164, 
        "model": "enemygen.spellabstract", 
        "fields": {
            "default_detail": "(Sense)", 
            "type": "sorcery", 
            "name": "Mystic", 
            "detail": true
        }
    }, 
    {
        "pk": 165, 
        "model": "enemygen.spellabstract", 
        "fields": {
            "default_detail": "", 
            "type": "sorcery", 
            "name": "Neutralize Magic", 
            "detail": false
        }
    }, 
    {
        "pk": 120, 
        "model": "enemygen.spellabstract", 
        "fields": {
            "default_detail": null, 
            "type": "theism", 
            "name": "Obliterate", 
            "detail": false
        }
    }, 
    {
        "pk": 121, 
        "model": "enemygen.spellabstract", 
        "fields": {
            "default_detail": null, 
            "type": "theism", 
            "name": "Pacify", 
            "detail": false
        }
    }, 
    {
        "pk": 166, 
        "model": "enemygen.spellabstract", 
        "fields": {
            "default_detail": "", 
            "type": "sorcery", 
            "name": "Palsy", 
            "detail": false
        }
    }, 
    {
        "pk": 51, 
        "model": "enemygen.spellabstract", 
        "fields": {
            "default_detail": null, 
            "type": "folk", 
            "name": "Pathway", 
            "detail": false
        }
    }, 
    {
        "pk": 167, 
        "model": "enemygen.spellabstract", 
        "fields": {
            "default_detail": "(Sense)", 
            "type": "sorcery", 
            "name": "Perceive", 
            "detail": true
        }
    }, 
    {
        "pk": 52, 
        "model": "enemygen.spellabstract", 
        "fields": {
            "default_detail": null, 
            "type": "folk", 
            "name": "Perfume", 
            "detail": false
        }
    }, 
    {
        "pk": 53, 
        "model": "enemygen.spellabstract", 
        "fields": {
            "default_detail": null, 
            "type": "folk", 
            "name": "Pet", 
            "detail": false
        }
    }, 
    {
        "pk": 54, 
        "model": "enemygen.spellabstract", 
        "fields": {
            "default_detail": null, 
            "type": "folk", 
            "name": "Phantasm", 
            "detail": false
        }
    }, 
    {
        "pk": 168, 
        "model": "enemygen.spellabstract", 
        "fields": {
            "default_detail": "(Sense)", 
            "type": "sorcery", 
            "name": "Phantom", 
            "detail": true
        }
    }, 
    {
        "pk": 55, 
        "model": "enemygen.spellabstract", 
        "fields": {
            "default_detail": null, 
            "type": "folk", 
            "name": "Pierce", 
            "detail": false
        }
    }, 
    {
        "pk": 56, 
        "model": "enemygen.spellabstract", 
        "fields": {
            "default_detail": null, 
            "type": "folk", 
            "name": "Polish", 
            "detail": false
        }
    }, 
    {
        "pk": 169, 
        "model": "enemygen.spellabstract", 
        "fields": {
            "default_detail": "", 
            "type": "sorcery", 
            "name": "Portal", 
            "detail": false
        }
    }, 
    {
        "pk": 57, 
        "model": "enemygen.spellabstract", 
        "fields": {
            "default_detail": null, 
            "type": "folk", 
            "name": "Preserve", 
            "detail": false
        }
    }, 
    {
        "pk": 122, 
        "model": "enemygen.spellabstract", 
        "fields": {
            "default_detail": null, 
            "type": "theism", 
            "name": "Preseverance", 
            "detail": false
        }
    }, 
    {
        "pk": 171, 
        "model": "enemygen.spellabstract", 
        "fields": {
            "default_detail": "(Sense)", 
            "type": "sorcery", 
            "name": "Project", 
            "detail": true
        }
    }, 
    {
        "pk": 123, 
        "model": "enemygen.spellabstract", 
        "fields": {
            "default_detail": null, 
            "type": "theism", 
            "name": "Propitiate", 
            "detail": false
        }
    }, 
    {
        "pk": 3, 
        "model": "enemygen.spellabstract", 
        "fields": {
            "default_detail": null, 
            "type": "folk", 
            "name": "Protection", 
            "detail": false
        }
    }, 
    {
        "pk": 170, 
        "model": "enemygen.spellabstract", 
        "fields": {
            "default_detail": "", 
            "type": "sorcery", 
            "name": "Protective Ward", 
            "detail": false
        }
    }, 
    {
        "pk": 124, 
        "model": "enemygen.spellabstract", 
        "fields": {
            "default_detail": "(Substance)", 
            "type": "theism", 
            "name": "Rain of", 
            "detail": true
        }
    }, 
    {
        "pk": 125, 
        "model": "enemygen.spellabstract", 
        "fields": {
            "default_detail": null, 
            "type": "theism", 
            "name": "Raise Undead", 
            "detail": false
        }
    }, 
    {
        "pk": 126, 
        "model": "enemygen.spellabstract", 
        "fields": {
            "default_detail": null, 
            "type": "theism", 
            "name": "Reflection", 
            "detail": false
        }
    }, 
    {
        "pk": 172, 
        "model": "enemygen.spellabstract", 
        "fields": {
            "default_detail": "", 
            "type": "sorcery", 
            "name": "Regenerate", 
            "detail": false
        }
    }, 
    {
        "pk": 127, 
        "model": "enemygen.spellabstract", 
        "fields": {
            "default_detail": null, 
            "type": "theism", 
            "name": "Rejuvenate", 
            "detail": false
        }
    }, 
    {
        "pk": 59, 
        "model": "enemygen.spellabstract", 
        "fields": {
            "default_detail": null, 
            "type": "folk", 
            "name": "Repair", 
            "detail": false
        }
    }, 
    {
        "pk": 60, 
        "model": "enemygen.spellabstract", 
        "fields": {
            "default_detail": null, 
            "type": "folk", 
            "name": "Repugnance", 
            "detail": false
        }
    }, 
    {
        "pk": 173, 
        "model": "enemygen.spellabstract", 
        "fields": {
            "default_detail": "(Creatures)", 
            "type": "sorcery", 
            "name": "Repulse", 
            "detail": true
        }
    }, 
    {
        "pk": 128, 
        "model": "enemygen.spellabstract", 
        "fields": {
            "default_detail": null, 
            "type": "theism", 
            "name": "Resurrect", 
            "detail": false
        }
    }, 
    {
        "pk": 174, 
        "model": "enemygen.spellabstract", 
        "fields": {
            "default_detail": "", 
            "type": "sorcery", 
            "name": "Revivify", 
            "detail": false
        }
    }, 
    {
        "pk": 129, 
        "model": "enemygen.spellabstract", 
        "fields": {
            "default_detail": null, 
            "type": "theism", 
            "name": "Ripen", 
            "detail": false
        }
    }, 
    {
        "pk": 130, 
        "model": "enemygen.spellabstract", 
        "fields": {
            "default_detail": null, 
            "type": "theism", 
            "name": "Sacred Band", 
            "detail": false
        }
    }, 
    {
        "pk": 175, 
        "model": "enemygen.spellabstract", 
        "fields": {
            "default_detail": "(Substance)", 
            "type": "sorcery", 
            "name": "Sculpt", 
            "detail": true
        }
    }, 
    {
        "pk": 176, 
        "model": "enemygen.spellabstract", 
        "fields": {
            "default_detail": "(Object, State or Substance)", 
            "type": "sorcery", 
            "name": "Sense", 
            "detail": true
        }
    }, 
    {
        "pk": 131, 
        "model": "enemygen.spellabstract", 
        "fields": {
            "default_detail": null, 
            "type": "theism", 
            "name": "Sever Spirit", 
            "detail": false
        }
    }, 
    {
        "pk": 177, 
        "model": "enemygen.spellabstract", 
        "fields": {
            "default_detail": "(Creature)", 
            "type": "sorcery", 
            "name": "Shapechange to", 
            "detail": true
        }
    }, 
    {
        "pk": 132, 
        "model": "enemygen.spellabstract", 
        "fields": {
            "default_detail": null, 
            "type": "theism", 
            "name": "Shield", 
            "detail": false
        }
    }, 
    {
        "pk": 61, 
        "model": "enemygen.spellabstract", 
        "fields": {
            "default_detail": null, 
            "type": "folk", 
            "name": "Shock", 
            "detail": false
        }
    }, 
    {
        "pk": 62, 
        "model": "enemygen.spellabstract", 
        "fields": {
            "default_detail": null, 
            "type": "folk", 
            "name": "Shove", 
            "detail": false
        }
    }, 
    {
        "pk": 178, 
        "model": "enemygen.spellabstract", 
        "fields": {
            "default_detail": "", 
            "type": "sorcery", 
            "name": "Shrink", 
            "detail": false
        }
    }, 
    {
        "pk": 63, 
        "model": "enemygen.spellabstract", 
        "fields": {
            "default_detail": null, 
            "type": "folk", 
            "name": "Sleep", 
            "detail": false
        }
    }, 
    {
        "pk": 64, 
        "model": "enemygen.spellabstract", 
        "fields": {
            "default_detail": null, 
            "type": "folk", 
            "name": "Slow", 
            "detail": false
        }
    }, 
    {
        "pk": 179, 
        "model": "enemygen.spellabstract", 
        "fields": {
            "default_detail": "", 
            "type": "sorcery", 
            "name": "Smother", 
            "detail": false
        }
    }, 
    {
        "pk": 133, 
        "model": "enemygen.spellabstract", 
        "fields": {
            "default_detail": null, 
            "type": "theism", 
            "name": "Soul Sight", 
            "detail": false
        }
    }, 
    {
        "pk": 65, 
        "model": "enemygen.spellabstract", 
        "fields": {
            "default_detail": null, 
            "type": "folk", 
            "name": "Speedart", 
            "detail": false
        }
    }, 
    {
        "pk": 180, 
        "model": "enemygen.spellabstract", 
        "fields": {
            "default_detail": "", 
            "type": "sorcery", 
            "name": "Spell Resistance", 
            "detail": false
        }
    }, 
    {
        "pk": 134, 
        "model": "enemygen.spellabstract", 
        "fields": {
            "default_detail": null, 
            "type": "theism", 
            "name": "Spirit Block", 
            "detail": false
        }
    }, 
    {
        "pk": 181, 
        "model": "enemygen.spellabstract", 
        "fields": {
            "default_detail": "", 
            "type": "sorcery", 
            "name": "Spirit Resistance", 
            "detail": false
        }
    }, 
    {
        "pk": 66, 
        "model": "enemygen.spellabstract", 
        "fields": {
            "default_detail": null, 
            "type": "folk", 
            "name": "Spiritshield", 
            "detail": false
        }
    }, 
    {
        "pk": 135, 
        "model": "enemygen.spellabstract", 
        "fields": {
            "default_detail": null, 
            "type": "theism", 
            "name": "Steadfast", 
            "detail": false
        }
    }, 
    {
        "pk": 182, 
        "model": "enemygen.spellabstract", 
        "fields": {
            "default_detail": "", 
            "type": "sorcery", 
            "name": "Store Manna", 
            "detail": false
        }
    }, 
    {
        "pk": 184, 
        "model": "enemygen.spellabstract", 
        "fields": {
            "default_detail": "", 
            "type": "sorcery", 
            "name": "Summon", 
            "detail": false
        }
    }, 
    {
        "pk": 136, 
        "model": "enemygen.spellabstract", 
        "fields": {
            "default_detail": null, 
            "type": "theism", 
            "name": "Sunspear", 
            "detail": false
        }
    }, 
    {
        "pk": 137, 
        "model": "enemygen.spellabstract", 
        "fields": {
            "default_detail": null, 
            "type": "theism", 
            "name": "Sureshot", 
            "detail": false
        }
    }, 
    {
        "pk": 183, 
        "model": "enemygen.spellabstract", 
        "fields": {
            "default_detail": "", 
            "type": "sorcery", 
            "name": "Switch Body", 
            "detail": false
        }
    }, 
    {
        "pk": 185, 
        "model": "enemygen.spellabstract", 
        "fields": {
            "default_detail": "(Characteristic)", 
            "type": "sorcery", 
            "name": "Tap", 
            "detail": true
        }
    }, 
    {
        "pk": 186, 
        "model": "enemygen.spellabstract", 
        "fields": {
            "default_detail": "", 
            "type": "sorcery", 
            "name": "Telepathy", 
            "detail": false
        }
    }, 
    {
        "pk": 187, 
        "model": "enemygen.spellabstract", 
        "fields": {
            "default_detail": "", 
            "type": "sorcery", 
            "name": "Teleport", 
            "detail": false
        }
    }, 
    {
        "pk": 138, 
        "model": "enemygen.spellabstract", 
        "fields": {
            "default_detail": null, 
            "type": "theism", 
            "name": "Thunderclap", 
            "detail": false
        }
    }, 
    {
        "pk": 67, 
        "model": "enemygen.spellabstract", 
        "fields": {
            "default_detail": null, 
            "type": "folk", 
            "name": "Tidy", 
            "detail": false
        }
    }, 
    {
        "pk": 68, 
        "model": "enemygen.spellabstract", 
        "fields": {
            "default_detail": null, 
            "type": "folk", 
            "name": "Tire", 
            "detail": false
        }
    }, 
    {
        "pk": 189, 
        "model": "enemygen.spellabstract", 
        "fields": {
            "default_detail": "", 
            "type": "sorcery", 
            "name": "Transfer Wound", 
            "detail": false
        }
    }, 
    {
        "pk": 69, 
        "model": "enemygen.spellabstract", 
        "fields": {
            "default_detail": null, 
            "type": "folk", 
            "name": "Translate", 
            "detail": false
        }
    }, 
    {
        "pk": 188, 
        "model": "enemygen.spellabstract", 
        "fields": {
            "default_detail": "(Substance)", 
            "type": "sorcery", 
            "name": "Transmogrify to", 
            "detail": true
        }
    }, 
    {
        "pk": 190, 
        "model": "enemygen.spellabstract", 
        "fields": {
            "default_detail": "", 
            "type": "sorcery", 
            "name": "Trap Soul", 
            "detail": false
        }
    }, 
    {
        "pk": 139, 
        "model": "enemygen.spellabstract", 
        "fields": {
            "default_detail": "(Weapon)", 
            "type": "theism", 
            "name": "True", 
            "detail": true
        }
    }, 
    {
        "pk": 70, 
        "model": "enemygen.spellabstract", 
        "fields": {
            "default_detail": null, 
            "type": "folk", 
            "name": "Tune", 
            "detail": false
        }
    }, 
    {
        "pk": 191, 
        "model": "enemygen.spellabstract", 
        "fields": {
            "default_detail": "", 
            "type": "sorcery", 
            "name": "Undeath", 
            "detail": false
        }
    }, 
    {
        "pk": 71, 
        "model": "enemygen.spellabstract", 
        "fields": {
            "default_detail": null, 
            "type": "folk", 
            "name": "Ventriloquism", 
            "detail": false
        }
    }, 
    {
        "pk": 72, 
        "model": "enemygen.spellabstract", 
        "fields": {
            "default_detail": null, 
            "type": "folk", 
            "name": "Vigour", 
            "detail": false
        }
    }, 
    {
        "pk": 73, 
        "model": "enemygen.spellabstract", 
        "fields": {
            "default_detail": null, 
            "type": "folk", 
            "name": "Voice", 
            "detail": false
        }
    }, 
    {
        "pk": 74, 
        "model": "enemygen.spellabstract", 
        "fields": {
            "default_detail": null, 
            "type": "folk", 
            "name": "Warmth", 
            "detail": false
        }
    }, 
    {
        "pk": 75, 
        "model": "enemygen.spellabstract", 
        "fields": {
            "default_detail": null, 
            "type": "folk", 
            "name": "Witchsight", 
            "detail": false
        }
    }, 
    {
        "pk": 192, 
        "model": "enemygen.spellabstract", 
        "fields": {
            "default_detail": "(Substance or Harm)", 
            "type": "sorcery", 
            "name": "Wrack", 
            "detail": true
        }
    }, 
    {
        "pk": 3149, 
        "model": "enemygen.enemyspell", 
        "fields": {
            "enemy_template": 40, 
            "spell": 4, 
            "detail": null, 
            "probability": 1
        }
    }, 
    {
        "pk": 2889, 
        "model": "enemygen.enemyspell", 
        "fields": {
            "enemy_template": 50, 
            "spell": 80, 
            "detail": null, 
            "probability": 2
        }
    }, 
    {
        "pk": 3150, 
        "model": "enemygen.enemyspell", 
        "fields": {
            "enemy_template": 40, 
            "spell": 11, 
            "detail": "", 
            "probability": 1
        }
    }, 
    {
        "pk": 3024, 
        "model": "enemygen.enemyspell", 
        "fields": {
            "enemy_template": 51, 
            "spell": 11, 
            "detail": null, 
            "probability": 1
        }
    }, 
    {
        "pk": 2893, 
        "model": "enemygen.enemyspell", 
        "fields": {
            "enemy_template": 50, 
            "spell": 82, 
            "detail": null, 
            "probability": 5
        }
    }, 
    {
        "pk": 1553, 
        "model": "enemygen.enemyspell", 
        "fields": {
            "enemy_template": 40, 
            "spell": 82, 
            "detail": null, 
            "probability": 1
        }
    }, 
    {
        "pk": 1687, 
        "model": "enemygen.enemyspell", 
        "fields": {
            "enemy_template": 41, 
            "spell": 82, 
            "detail": null, 
            "probability": 1
        }
    }, 
    {
        "pk": 1555, 
        "model": "enemygen.enemyspell", 
        "fields": {
            "enemy_template": 40, 
            "spell": 2, 
            "detail": null, 
            "probability": 1
        }
    }, 
    {
        "pk": 2627, 
        "model": "enemygen.enemyspell", 
        "fields": {
            "enemy_template": 48, 
            "spell": 2, 
            "detail": null, 
            "probability": 20
        }
    }, 
    {
        "pk": 2091, 
        "model": "enemygen.enemyspell", 
        "fields": {
            "enemy_template": 44, 
            "spell": 2, 
            "detail": null, 
            "probability": 1
        }
    }, 
    {
        "pk": 2359, 
        "model": "enemygen.enemyspell", 
        "fields": {
            "enemy_template": 46, 
            "spell": 2, 
            "detail": null, 
            "probability": 50
        }
    }, 
    {
        "pk": 2895, 
        "model": "enemygen.enemyspell", 
        "fields": {
            "enemy_template": 50, 
            "spell": 2, 
            "detail": null, 
            "probability": 2
        }
    }, 
    {
        "pk": 2761, 
        "model": "enemygen.enemyspell", 
        "fields": {
            "enemy_template": 49, 
            "spell": 2, 
            "detail": null, 
            "probability": 1
        }
    }, 
    {
        "pk": 1151, 
        "model": "enemygen.enemyspell", 
        "fields": {
            "enemy_template": 37, 
            "spell": 2, 
            "detail": null, 
            "probability": 1
        }
    }, 
    {
        "pk": 1421, 
        "model": "enemygen.enemyspell", 
        "fields": {
            "enemy_template": 39, 
            "spell": 2, 
            "detail": null, 
            "probability": 1
        }
    }, 
    {
        "pk": 1153, 
        "model": "enemygen.enemyspell", 
        "fields": {
            "enemy_template": 37, 
            "spell": 13, 
            "detail": null, 
            "probability": 1
        }
    }, 
    {
        "pk": 2093, 
        "model": "enemygen.enemyspell", 
        "fields": {
            "enemy_template": 44, 
            "spell": 13, 
            "detail": null, 
            "probability": 1
        }
    }, 
    {
        "pk": 2905, 
        "model": "enemygen.enemyspell", 
        "fields": {
            "enemy_template": 50, 
            "spell": 19, 
            "detail": null, 
            "probability": 1
        }
    }, 
    {
        "pk": 2101, 
        "model": "enemygen.enemyspell", 
        "fields": {
            "enemy_template": 44, 
            "spell": 19, 
            "detail": null, 
            "probability": 2
        }
    }, 
    {
        "pk": 1164, 
        "model": "enemygen.enemyspell", 
        "fields": {
            "enemy_template": 37, 
            "spell": 89, 
            "detail": null, 
            "probability": 1
        }
    }, 
    {
        "pk": 2107, 
        "model": "enemygen.enemyspell", 
        "fields": {
            "enemy_template": 44, 
            "spell": 21, 
            "detail": null, 
            "probability": 1
        }
    }, 
    {
        "pk": 1302, 
        "model": "enemygen.enemyspell", 
        "fields": {
            "enemy_template": 38, 
            "spell": 21, 
            "detail": null, 
            "probability": 1
        }
    }, 
    {
        "pk": 3045, 
        "model": "enemygen.enemyspell", 
        "fields": {
            "enemy_template": 51, 
            "spell": 21, 
            "detail": null, 
            "probability": 1
        }
    }, 
    {
        "pk": 2648, 
        "model": "enemygen.enemyspell", 
        "fields": {
            "enemy_template": 48, 
            "spell": 23, 
            "detail": null, 
            "probability": 20
        }
    }, 
    {
        "pk": 1307, 
        "model": "enemygen.enemyspell", 
        "fields": {
            "enemy_template": 38, 
            "spell": 23, 
            "detail": null, 
            "probability": 1
        }
    }, 
    {
        "pk": 2783, 
        "model": "enemygen.enemyspell", 
        "fields": {
            "enemy_template": 49, 
            "spell": 25, 
            "detail": null, 
            "probability": 1
        }
    }, 
    {
        "pk": 2113, 
        "model": "enemygen.enemyspell", 
        "fields": {
            "enemy_template": 44, 
            "spell": 25, 
            "detail": null, 
            "probability": 1
        }
    }, 
    {
        "pk": 1174, 
        "model": "enemygen.enemyspell", 
        "fields": {
            "enemy_template": 37, 
            "spell": 24, 
            "detail": null, 
            "probability": 1
        }
    }, 
    {
        "pk": 2118, 
        "model": "enemygen.enemyspell", 
        "fields": {
            "enemy_template": 44, 
            "spell": 27, 
            "detail": null, 
            "probability": 1
        }
    }, 
    {
        "pk": 1180, 
        "model": "enemygen.enemyspell", 
        "fields": {
            "enemy_template": 37, 
            "spell": 29, 
            "detail": null, 
            "probability": 1
        }
    }, 
    {
        "pk": 2927, 
        "model": "enemygen.enemyspell", 
        "fields": {
            "enemy_template": 50, 
            "spell": 98, 
            "detail": null, 
            "probability": 1
        }
    }, 
    {
        "pk": 2931, 
        "model": "enemygen.enemyspell", 
        "fields": {
            "enemy_template": 50, 
            "spell": 102, 
            "detail": null, 
            "probability": 1
        }
    }, 
    {
        "pk": 2798, 
        "model": "enemygen.enemyspell", 
        "fields": {
            "enemy_template": 49, 
            "spell": 30, 
            "detail": null, 
            "probability": 1
        }
    }, 
    {
        "pk": 1189, 
        "model": "enemygen.enemyspell", 
        "fields": {
            "enemy_template": 37, 
            "spell": 31, 
            "detail": null, 
            "probability": 1
        }
    }, 
    {
        "pk": 1324, 
        "model": "enemygen.enemyspell", 
        "fields": {
            "enemy_template": 38, 
            "spell": 31, 
            "detail": null, 
            "probability": 1
        }
    }, 
    {
        "pk": 2934, 
        "model": "enemygen.enemyspell", 
        "fields": {
            "enemy_template": 50, 
            "spell": 103, 
            "detail": null, 
            "probability": 3
        }
    }, 
    {
        "pk": 3070, 
        "model": "enemygen.enemyspell", 
        "fields": {
            "enemy_template": 51, 
            "spell": 32, 
            "detail": null, 
            "probability": 2
        }
    }, 
    {
        "pk": 2133, 
        "model": "enemygen.enemyspell", 
        "fields": {
            "enemy_template": 44, 
            "spell": 33, 
            "detail": null, 
            "probability": 1
        }
    }, 
    {
        "pk": 2401, 
        "model": "enemygen.enemyspell", 
        "fields": {
            "enemy_template": 46, 
            "spell": 33, 
            "detail": null, 
            "probability": 30
        }
    }, 
    {
        "pk": 3071, 
        "model": "enemygen.enemyspell", 
        "fields": {
            "enemy_template": 51, 
            "spell": 33, 
            "detail": null, 
            "probability": 3
        }
    }, 
    {
        "pk": 1193, 
        "model": "enemygen.enemyspell", 
        "fields": {
            "enemy_template": 37, 
            "spell": 33, 
            "detail": null, 
            "probability": 1
        }
    }, 
    {
        "pk": 2937, 
        "model": "enemygen.enemyspell", 
        "fields": {
            "enemy_template": 50, 
            "spell": 33, 
            "detail": null, 
            "probability": 1
        }
    }, 
    {
        "pk": 2938, 
        "model": "enemygen.enemyspell", 
        "fields": {
            "enemy_template": 50, 
            "spell": 34, 
            "detail": null, 
            "probability": 2
        }
    }, 
    {
        "pk": 2134, 
        "model": "enemygen.enemyspell", 
        "fields": {
            "enemy_template": 44, 
            "spell": 34, 
            "detail": null, 
            "probability": 1
        }
    }, 
    {
        "pk": 2940, 
        "model": "enemygen.enemyspell", 
        "fields": {
            "enemy_template": 50, 
            "spell": 35, 
            "detail": null, 
            "probability": 1
        }
    }, 
    {
        "pk": 1605, 
        "model": "enemygen.enemyspell", 
        "fields": {
            "enemy_template": 40, 
            "spell": 38, 
            "detail": null, 
            "probability": 1
        }
    }, 
    {
        "pk": 2141, 
        "model": "enemygen.enemyspell", 
        "fields": {
            "enemy_template": 44, 
            "spell": 38, 
            "detail": null, 
            "probability": 1
        }
    }, 
    {
        "pk": 1204, 
        "model": "enemygen.enemyspell", 
        "fields": {
            "enemy_template": 37, 
            "spell": 110, 
            "detail": null, 
            "probability": 1
        }
    }, 
    {
        "pk": 2948, 
        "model": "enemygen.enemyspell", 
        "fields": {
            "enemy_template": 50, 
            "spell": 110, 
            "detail": null, 
            "probability": 1
        }
    }, 
    {
        "pk": 2147, 
        "model": "enemygen.enemyspell", 
        "fields": {
            "enemy_template": 44, 
            "spell": 40, 
            "detail": null, 
            "probability": 1
        }
    }, 
    {
        "pk": 2150, 
        "model": "enemygen.enemyspell", 
        "fields": {
            "enemy_template": 44, 
            "spell": 42, 
            "detail": null, 
            "probability": 2
        }
    }, 
    {
        "pk": 1614, 
        "model": "enemygen.enemyspell", 
        "fields": {
            "enemy_template": 40, 
            "spell": 42, 
            "detail": null, 
            "probability": 1
        }
    }, 
    {
        "pk": 2959, 
        "model": "enemygen.enemyspell", 
        "fields": {
            "enemy_template": 50, 
            "spell": 115, 
            "detail": null, 
            "probability": 1
        }
    }, 
    {
        "pk": 1225, 
        "model": "enemygen.enemyspell", 
        "fields": {
            "enemy_template": 37, 
            "spell": 50, 
            "detail": null, 
            "probability": 1
        }
    }, 
    {
        "pk": 2969, 
        "model": "enemygen.enemyspell", 
        "fields": {
            "enemy_template": 50, 
            "spell": 50, 
            "detail": null, 
            "probability": 1
        }
    }, 
    {
        "pk": 3103, 
        "model": "enemygen.enemyspell", 
        "fields": {
            "enemy_template": 51, 
            "spell": 50, 
            "detail": null, 
            "probability": 1
        }
    }, 
    {
        "pk": 1363, 
        "model": "enemygen.enemyspell", 
        "fields": {
            "enemy_template": 38, 
            "spell": 51, 
            "detail": null, 
            "probability": 1
        }
    }, 
    {
        "pk": 3106, 
        "model": "enemygen.enemyspell", 
        "fields": {
            "enemy_template": 51, 
            "spell": 51, 
            "detail": null, 
            "probability": 1
        }
    }, 
    {
        "pk": 3108, 
        "model": "enemygen.enemyspell", 
        "fields": {
            "enemy_template": 51, 
            "spell": 53, 
            "detail": null, 
            "probability": 1
        }
    }, 
    {
        "pk": 1367, 
        "model": "enemygen.enemyspell", 
        "fields": {
            "enemy_template": 38, 
            "spell": 55, 
            "detail": null, 
            "probability": 1
        }
    }, 
    {
        "pk": 2172, 
        "model": "enemygen.enemyspell", 
        "fields": {
            "enemy_template": 44, 
            "spell": 55, 
            "detail": null, 
            "probability": 1
        }
    }, 
    {
        "pk": 3112, 
        "model": "enemygen.enemyspell", 
        "fields": {
            "enemy_template": 51, 
            "spell": 57, 
            "detail": null, 
            "probability": 1
        }
    }, 
    {
        "pk": 1507, 
        "model": "enemygen.enemyspell", 
        "fields": {
            "enemy_template": 39, 
            "spell": 3, 
            "detail": null, 
            "probability": 1
        }
    }, 
    {
        "pk": 1238, 
        "model": "enemygen.enemyspell", 
        "fields": {
            "enemy_template": 37, 
            "spell": 3, 
            "detail": null, 
            "probability": 1
        }
    }, 
    {
        "pk": 1373, 
        "model": "enemygen.enemyspell", 
        "fields": {
            "enemy_template": 38, 
            "spell": 3, 
            "detail": null, 
            "probability": 1
        }
    }, 
    {
        "pk": 1641, 
        "model": "enemygen.enemyspell", 
        "fields": {
            "enemy_template": 40, 
            "spell": 3, 
            "detail": null, 
            "probability": 1
        }
    }, 
    {
        "pk": 2177, 
        "model": "enemygen.enemyspell", 
        "fields": {
            "enemy_template": 44, 
            "spell": 3, 
            "detail": null, 
            "probability": 1
        }
    }, 
    {
        "pk": 3120, 
        "model": "enemygen.enemyspell", 
        "fields": {
            "enemy_template": 51, 
            "spell": 59, 
            "detail": null, 
            "probability": 1
        }
    }, 
    {
        "pk": 1512, 
        "model": "enemygen.enemyspell", 
        "fields": {
            "enemy_template": 39, 
            "spell": 59, 
            "detail": null, 
            "probability": 1
        }
    }, 
    {
        "pk": 2990, 
        "model": "enemygen.enemyspell", 
        "fields": {
            "enemy_template": 50, 
            "spell": 130, 
            "detail": null, 
            "probability": 1
        }
    }, 
    {
        "pk": 1249, 
        "model": "enemygen.enemyspell", 
        "fields": {
            "enemy_template": 37, 
            "spell": 132, 
            "detail": null, 
            "probability": 1
        }
    }, 
    {
        "pk": 2992, 
        "model": "enemygen.enemyspell", 
        "fields": {
            "enemy_template": 50, 
            "spell": 132, 
            "detail": null, 
            "probability": 2
        }
    }, 
    {
        "pk": 3132, 
        "model": "enemygen.enemyspell", 
        "fields": {
            "enemy_template": 51, 
            "spell": 65, 
            "detail": null, 
            "probability": 1
        }
    }, 
    {
        "pk": 2196, 
        "model": "enemygen.enemyspell", 
        "fields": {
            "enemy_template": 44, 
            "spell": 66, 
            "detail": null, 
            "probability": 1
        }
    }, 
    {
        "pk": 1526, 
        "model": "enemygen.enemyspell", 
        "fields": {
            "enemy_template": 39, 
            "spell": 66, 
            "detail": null, 
            "probability": 1
        }
    }, 
    {
        "pk": 3134, 
        "model": "enemygen.enemyspell", 
        "fields": {
            "enemy_template": 51, 
            "spell": 66, 
            "detail": null, 
            "probability": 1
        }
    }, 
    {
        "pk": 1261, 
        "model": "enemygen.enemyspell", 
        "fields": {
            "enemy_template": 37, 
            "spell": 138, 
            "detail": null, 
            "probability": 1
        }
    }, 
    {
        "pk": 3004, 
        "model": "enemygen.enemyspell", 
        "fields": {
            "enemy_template": 50, 
            "spell": 138, 
            "detail": null, 
            "probability": 1
        }
    }, 
    {
        "pk": 1666, 
        "model": "enemygen.enemyspell", 
        "fields": {
            "enemy_template": 40, 
            "spell": 68, 
            "detail": "", 
            "probability": 1
        }
    }, 
    {
        "pk": 3008, 
        "model": "enemygen.enemyspell", 
        "fields": {
            "enemy_template": 50, 
            "spell": 139, 
            "detail": "(Weapon)", 
            "probability": 1
        }
    }, 
    {
        "pk": 3011, 
        "model": "enemygen.enemyspell", 
        "fields": {
            "enemy_template": 50, 
            "spell": 72, 
            "detail": null, 
            "probability": 2
        }
    }, 
    {
        "pk": 1403, 
        "model": "enemygen.enemyspell", 
        "fields": {
            "enemy_template": 38, 
            "spell": 72, 
            "detail": null, 
            "probability": 1
        }
    }, 
    {
        "pk": 3145, 
        "model": "enemygen.enemyspell", 
        "fields": {
            "enemy_template": 51, 
            "spell": 72, 
            "detail": null, 
            "probability": 1
        }
    }, 
    {
        "pk": 1537, 
        "model": "enemygen.enemyspell", 
        "fields": {
            "enemy_template": 39, 
            "spell": 72, 
            "detail": null, 
            "probability": 2
        }
    }, 
    {
        "pk": 1671, 
        "model": "enemygen.enemyspell", 
        "fields": {
            "enemy_template": 40, 
            "spell": 72, 
            "detail": null, 
            "probability": 1
        }
    }, 
    {
        "pk": 2207, 
        "model": "enemygen.enemyspell", 
        "fields": {
            "enemy_template": 44, 
            "spell": 72, 
            "detail": null, 
            "probability": 1
        }
    }, 
    {
        "pk": 1268, 
        "model": "enemygen.enemyspell", 
        "fields": {
            "enemy_template": 37, 
            "spell": 72, 
            "detail": null, 
            "probability": 1
        }
    }, 
    {
        "pk": 2475, 
        "model": "enemygen.enemyspell", 
        "fields": {
            "enemy_template": 46, 
            "spell": 72, 
            "detail": null, 
            "probability": 20
        }
    }, 
    {
        "pk": 2210, 
        "model": "enemygen.enemyspell", 
        "fields": {
            "enemy_template": 44, 
            "spell": 75, 
            "detail": null, 
            "probability": 1
        }
    }
]