[
    {
        "pk": 1,
        "model": "auth.user",
        "fields": {
            "username": "test_1"
        }
    },
    {
        "pk": 5,
        "model": "auth.user",
        "fields": {
            "username": "test_5"
        }
    },
    {
        "pk": 11,
        "model": "auth.user",
        "fields": {
            "username": "test_11"
        }
    },
    {
        "pk": 14,
        "model": "auth.user",
        "fields": {
            "username": "test_14"
        }
    },
    {
        "pk": 15,
        "model": "auth.user",
        "fields": {
            "username": "test_15"
        }
    },
    {
        "pk": 16,
        "model": "auth.user",
        "fields": {
            "username": "test_16"
        }
    },
    {
        "pk": 18,
        "model": "auth.user",
        "fields": {
            "username": "test_18"
        }
    },
    {
        "pk": 26,
        "model": "auth.user",
        "fields": {
            "username": "test_26"
        }
    },
    {
        "pk": 1,
        "model": "enemygen.ruleset",
        "fields": {
            "owner": 1,
            "skills": [
                33,
                32,
                34,
                1,
                27,
                2,
                3,
                35,
                36,
                6,
                37,
                7,
                8,
                22,
                26,
                38,
                4,
                39,
                9,
                21,
                10,
                20,
                40,
                41,
                11,
                12,
                23,
                13,
                42,
                43,
                29,
                30,
                44,
                45,
                14,
                15,
                46,
                47,
                24,
                16,
                48,
                25,
                17,
                49,
                50,
                18,
                51,
                52,
                28,
                19,
                5
            ],
            "races": [
                5,
                2,
                3,
                4,
                1,
                7,
                8,
                6
            ],
            "stats": [
                1,
                2,
                3,
                4,
                7,
                5,
                6
            ],
            "name": "RuneQuest 6"
        }
    },
    {
        "pk": 1,
        "model": "enemygen.weapon",
        "fields": {
            "damage_modifier": false,
            "name": "Heavy crossbow",
            "special_effects": null,
            "hp": 8,
            "reach": "-",
            "damage": "1d10",
            "ap": 4,
            "range": "20/150/300",
            "type": "ranged",
            "size": "H"
        }
    },
    {
        "pk": 2,
        "model": "enemygen.weapon",
        "fields": {
            "damage_modifier": false,
            "name": "Light crossbow",
            "special_effects": null,
            "hp": 5,
            "reach": "-",
            "damage": "1d8",
            "ap": 4,
            "range": "20/100/200",
            "type": "ranged",
            "size": "L"
        }
    },
    {
        "pk": 3,
        "model": "enemygen.weapon",
        "fields": {
            "damage_modifier": true,
            "name": "Long bow",
            "special_effects": null,
            "hp": 7,
            "reach": "-",
            "damage": "1d8",
            "ap": 4,
            "range": "15/125/250",
            "type": "ranged",
            "size": "H"
        }
    },
    {
        "pk": 4,
        "model": "enemygen.weapon",
        "fields": {
            "damage_modifier": true,
            "name": "Battleaxe",
            "special_effects": null,
            "hp": 8,
            "reach": "M",
            "damage": "1d8+1",
            "ap": 4,
            "range": null,
            "type": "2h-melee",
            "size": "M"
        }
    },
    {
        "pk": 5,
        "model": "enemygen.weapon",
        "fields": {
            "damage_modifier": true,
            "name": "Great axe",
            "special_effects": null,
            "hp": 10,
            "reach": "L",
            "damage": "2d6+2",
            "ap": 4,
            "range": null,
            "type": "2h-melee",
            "size": "H"
        }
    },
    {
        "pk": 6,
        "model": "enemygen.weapon",
        "fields": {
            "damage_modifier": true,
            "name": "Ball & Chain",
            "special_effects": null,
            "hp": 8,
            "reach": "M",
            "damage": "1d6+1",
            "ap": 6,
            "range": null,
            "type": "1h-melee",
            "size": "M"
        }
    },
    {
        "pk": 7,
        "model": "enemygen.weapon",
        "fields": {
            "damage_modifier": true,
            "name": "Broadsword",
            "special_effects": "Bleed",
            "hp": 10,
            "reach": "M",
            "damage": "1d8",
            "ap": 6,
            "range": "",
            "type": "1h-melee",
            "size": "M"
        }
    },
    {
        "pk": 8,
        "model": "enemygen.weapon",
        "fields": {
            "damage_modifier": true,
            "name": "Battleaxe",
            "special_effects": null,
            "hp": 8,
            "reach": "M",
            "damage": "1d6+1",
            "ap": 4,
            "range": null,
            "type": "1h-melee",
            "size": "M"
        }
    },
    {
        "pk": 9,
        "model": "enemygen.weapon",
        "fields": {
            "damage_modifier": true,
            "name": "Club",
            "special_effects": null,
            "hp": 4,
            "reach": "S",
            "damage": "1d6",
            "ap": 4,
            "range": null,
            "type": "1h-melee",
            "size": "M"
        }
    },
    {
        "pk": 10,
        "model": "enemygen.weapon",
        "fields": {
            "damage_modifier": true,
            "name": "Dagger",
            "special_effects": null,
            "hp": 8,
            "reach": "S",
            "damage": "1d4+1",
            "ap": 6,
            "range": null,
            "type": "1h-melee",
            "size": "S"
        }
    },
    {
        "pk": 11,
        "model": "enemygen.weapon",
        "fields": {
            "damage_modifier": true,
            "name": "Hatchet",
            "special_effects": null,
            "hp": 6,
            "reach": "S",
            "damage": "1d6",
            "ap": 3,
            "range": null,
            "type": "1h-melee",
            "size": "S"
        }
    },
    {
        "pk": 12,
        "model": "enemygen.weapon",
        "fields": {
            "damage_modifier": true,
            "name": "Falchion",
            "special_effects": null,
            "hp": 10,
            "reach": "M",
            "damage": "1d6+2",
            "ap": 6,
            "range": null,
            "type": "1h-melee",
            "size": "M"
        }
    },
    {
        "pk": 13,
        "model": "enemygen.weapon",
        "fields": {
            "damage_modifier": true,
            "name": "Flail",
            "special_effects": null,
            "hp": 6,
            "reach": "M",
            "damage": "1d6",
            "ap": 3,
            "range": null,
            "type": "1h-melee",
            "size": "M"
        }
    },
    {
        "pk": 14,
        "model": "enemygen.weapon",
        "fields": {
            "damage_modifier": true,
            "name": "Knife",
            "special_effects": null,
            "hp": 4,
            "reach": "S",
            "damage": "1d3",
            "ap": 5,
            "range": null,
            "type": "1h-melee",
            "size": "S"
        }
    },
    {
        "pk": 15,
        "model": "enemygen.weapon",
        "fields": {
            "damage_modifier": true,
            "name": "Longsword",
            "special_effects": null,
            "hp": 12,
            "reach": "L",
            "damage": "1d8",
            "ap": 6,
            "range": null,
            "type": "1h-melee",
            "size": "M"
        }
    },
    {
        "pk": 16,
        "model": "enemygen.weapon",
        "fields": {
            "damage_modifier": true,
            "name": "Mace",
            "special_effects": null,
            "hp": 6,
            "reach": "S",
            "damage": "1d8",
            "ap": 6,
            "range": null,
            "type": "1h-melee",
            "size": "M"
        }
    },
    {
        "pk": 17,
        "model": "enemygen.weapon",
        "fields": {
            "damage_modifier": true,
            "name": "Main Gauche",
            "special_effects": null,
            "hp": 10,
            "reach": "S",
            "damage": "1d4",
            "ap": 6,
            "range": null,
            "type": "1h-melee",
            "size": "S"
        }
    },
    {
        "pk": 18,
        "model": "enemygen.weapon",
        "fields": {
            "damage_modifier": true,
            "name": "Military Pick",
            "special_effects": null,
            "hp": 10,
            "reach": "M",
            "damage": "1d6+1",
            "ap": 6,
            "range": null,
            "type": "1h-melee",
            "size": "M"
        }
    },
    {
        "pk": 19,
        "model": "enemygen.weapon",
        "fields": {
            "damage_modifier": true,
            "name": "Net",
            "special_effects": null,
            "hp": 20,
            "reach": "L",
            "damage": "1d4",
            "ap": 2,
            "range": null,
            "type": "1h-melee",
            "size": "S"
        }
    },
    {
        "pk": 20,
        "model": "enemygen.weapon",
        "fields": {
            "damage_modifier": true,
            "name": "Rapier",
            "special_effects": null,
            "hp": 8,
            "reach": "L",
            "damage": "1d8",
            "ap": 5,
            "range": null,
            "type": "1h-melee",
            "size": "M"
        }
    },
    {
        "pk": 21,
        "model": "enemygen.weapon",
        "fields": {
            "damage_modifier": true,
            "name": "Sabre",
            "special_effects": null,
            "hp": 8,
            "reach": "M",
            "damage": "1d6+1",
            "ap": 6,
            "range": null,
            "type": "1h-melee",
            "size": "M"
        }
    },
    {
        "pk": 22,
        "model": "enemygen.weapon",
        "fields": {
            "damage_modifier": true,
            "name": "Scimitar",
            "special_effects": null,
            "hp": 10,
            "reach": "M",
            "damage": "1d8",
            "ap": 6,
            "range": null,
            "type": "1h-melee",
            "size": "M"
        }
    },
    {
        "pk": 23,
        "model": "enemygen.weapon",
        "fields": {
            "damage_modifier": true,
            "name": "Shortspear",
            "special_effects": null,
            "hp": 5,
            "reach": "L",
            "damage": "1d8+1",
            "ap": 4,
            "range": null,
            "type": "1h-melee",
            "size": "M"
        }
    },
    {
        "pk": 24,
        "model": "enemygen.weapon",
        "fields": {
            "damage_modifier": true,
            "name": "Shortsword",
            "special_effects": null,
            "hp": 8,
            "reach": "S",
            "damage": "1d6",
            "ap": 6,
            "range": null,
            "type": "1h-melee",
            "size": "M"
        }
    },
    {
        "pk": 25,
        "model": "enemygen.weapon",
        "fields": {
            "damage_modifier": true,
            "name": "Trident",
            "special_effects": null,
            "hp": 10,
            "reach": "L",
            "damage": "1d8",
            "ap": 4,
            "range": null,
            "type": "1h-melee",
            "size": "M"
        }
    },
    {
        "pk": 26,
        "model": "enemygen.weapon",
        "fields": {
            "damage_modifier": true,
            "name": "Buckler Shield",
            "special_effects": null,
            "hp": 9,
            "reach": "S",
            "damage": "1d3",
            "ap": 6,
            "range": null,
            "type": "shield",
            "size": "M"
        }
    },
    {
        "pk": 27,
        "model": "enemygen.weapon",
        "fields": {
            "damage_modifier": true,
            "name": "Heater Shield",
            "special_effects": null,
            "hp": 12,
            "reach": "S",
            "damage": "1d4",
            "ap": 6,
            "range": null,
            "type": "shield",
            "size": "L"
        }
    },
    {
        "pk": 28,
        "model": "enemygen.weapon",
        "fields": {
            "damage_modifier": true,
            "name": "Hoplite Shield",
            "special_effects": null,
            "hp": 15,
            "reach": "S",
            "damage": "1d4",
            "ap": 6,
            "range": null,
            "type": "shield",
            "size": "H"
        }
    },
    {
        "pk": 29,
        "model": "enemygen.weapon",
        "fields": {
            "damage_modifier": true,
            "name": "Kite Shield",
            "special_effects": null,
            "hp": 15,
            "reach": "S",
            "damage": "1d4",
            "ap": 4,
            "range": null,
            "type": "shield",
            "size": "H"
        }
    },
    {
        "pk": 30,
        "model": "enemygen.weapon",
        "fields": {
            "damage_modifier": true,
            "name": "Peltast Shield",
            "special_effects": null,
            "hp": 12,
            "reach": "S",
            "damage": "1d4",
            "ap": 4,
            "range": null,
            "type": "shield",
            "size": "L"
        }
    },
    {
        "pk": 31,
        "model": "enemygen.weapon",
        "fields": {
            "damage_modifier": true,
            "name": "Scutum Shield",
            "special_effects": null,
            "hp": 18,
            "reach": "S",
            "damage": "1d4",
            "ap": 4,
            "range": null,
            "type": "shield",
            "size": "H"
        }
    },
    {
        "pk": 32,
        "model": "enemygen.weapon",
        "fields": {
            "damage_modifier": true,
            "name": "Target Shield",
            "special_effects": null,
            "hp": 9,
            "reach": "S",
            "damage": "1d3+1",
            "ap": 4,
            "range": null,
            "type": "shield",
            "size": "L"
        }
    },
    {
        "pk": 33,
        "model": "enemygen.weapon",
        "fields": {
            "damage_modifier": true,
            "name": "Viking Shield",
            "special_effects": null,
            "hp": 12,
            "reach": "S",
            "damage": "1d4",
            "ap": 4,
            "range": null,
            "type": "shield",
            "size": "L"
        }
    },
    {
        "pk": 34,
        "model": "enemygen.weapon",
        "fields": {
            "damage_modifier": false,
            "name": "Blowgun",
            "special_effects": null,
            "hp": 4,
            "reach": "-",
            "damage": "0",
            "ap": 1,
            "range": "10/20/30",
            "type": "ranged",
            "size": "S"
        }
    },
    {
        "pk": 35,
        "model": "enemygen.weapon",
        "fields": {
            "damage_modifier": false,
            "name": "Bolas",
            "special_effects": null,
            "hp": 2,
            "reach": "-",
            "damage": "1d4",
            "ap": 2,
            "range": "10/25/50",
            "type": "ranged",
            "size": "S"
        }
    },
    {
        "pk": 36,
        "model": "enemygen.weapon",
        "fields": {
            "damage_modifier": true,
            "name": "Dagger",
            "special_effects": null,
            "hp": 6,
            "reach": "-",
            "damage": "1d4",
            "ap": 4,
            "range": "5/10/20",
            "type": "ranged",
            "size": "S"
        }
    },
    {
        "pk": 37,
        "model": "enemygen.weapon",
        "fields": {
            "damage_modifier": true,
            "name": "Dart",
            "special_effects": null,
            "hp": 1,
            "reach": "-",
            "damage": "1d4",
            "ap": 2,
            "range": "5/10/20",
            "type": "ranged",
            "size": "S"
        }
    },
    {
        "pk": 38,
        "model": "enemygen.weapon",
        "fields": {
            "damage_modifier": true,
            "name": "Discus",
            "special_effects": null,
            "hp": 3,
            "reach": "-",
            "damage": "1d4+1",
            "ap": 2,
            "range": "5/20/40",
            "type": "ranged",
            "size": "L"
        }
    },
    {
        "pk": 39,
        "model": "enemygen.weapon",
        "fields": {
            "damage_modifier": true,
            "name": "Hatchet",
            "special_effects": null,
            "hp": 6,
            "reach": "-",
            "damage": "1d6",
            "ap": 4,
            "range": "10/20/30",
            "type": "ranged",
            "size": "S"
        }
    },
    {
        "pk": 40,
        "model": "enemygen.weapon",
        "fields": {
            "damage_modifier": true,
            "name": "Javelin",
            "special_effects": null,
            "hp": 8,
            "reach": "-",
            "damage": "1d8+1",
            "ap": 3,
            "range": "10/20/50",
            "type": "ranged",
            "size": "H"
        }
    },
    {
        "pk": 41,
        "model": "enemygen.weapon",
        "fields": {
            "damage_modifier": false,
            "name": "Net",
            "special_effects": null,
            "hp": 20,
            "reach": "-",
            "damage": "0",
            "ap": 2,
            "range": "3/5/10",
            "type": "ranged",
            "size": "S"
        }
    },
    {
        "pk": 42,
        "model": "enemygen.weapon",
        "fields": {
            "damage_modifier": true,
            "name": "Recurve bow",
            "special_effects": null,
            "hp": 8,
            "reach": "-",
            "damage": "1d8",
            "ap": 4,
            "range": "15/125/250",
            "type": "ranged",
            "size": "H"
        }
    },
    {
        "pk": 43,
        "model": "enemygen.weapon",
        "fields": {
            "damage_modifier": true,
            "name": "Short Bow",
            "special_effects": null,
            "hp": 4,
            "reach": "-",
            "damage": "1d6",
            "ap": 4,
            "range": "15/100/200",
            "type": "ranged",
            "size": "L"
        }
    },
    {
        "pk": 44,
        "model": "enemygen.weapon",
        "fields": {
            "damage_modifier": true,
            "name": "Shortspear",
            "special_effects": null,
            "hp": 5,
            "reach": "-",
            "damage": "1d8",
            "ap": 4,
            "range": "10/15/30",
            "type": "ranged",
            "size": "L"
        }
    },
    {
        "pk": 45,
        "model": "enemygen.weapon",
        "fields": {
            "damage_modifier": false,
            "name": "Sling",
            "special_effects": null,
            "hp": 2,
            "reach": "-",
            "damage": "1d8",
            "ap": 1,
            "range": "10/150/300",
            "type": "ranged",
            "size": "L"
        }
    },
    {
        "pk": 46,
        "model": "enemygen.weapon",
        "fields": {
            "damage_modifier": false,
            "name": "Staff sling",
            "special_effects": null,
            "hp": 6,
            "reach": "-",
            "damage": "2d6",
            "ap": 3,
            "range": "5/25/50",
            "type": "ranged",
            "size": "E"
        }
    },
    {
        "pk": 47,
        "model": "enemygen.weapon",
        "fields": {
            "damage_modifier": true,
            "name": "Stone",
            "special_effects": null,
            "hp": 0,
            "reach": "-",
            "damage": "1d3",
            "ap": 0,
            "range": "5/10/20",
            "type": "ranged",
            "size": "S"
        }
    },
    {
        "pk": 48,
        "model": "enemygen.weapon",
        "fields": {
            "damage_modifier": true,
            "name": "Trident",
            "special_effects": null,
            "hp": 10,
            "reach": "-",
            "damage": "1d8",
            "ap": 4,
            "range": "10/15/30",
            "type": "ranged",
            "size": "L"
        }
    },
    {
        "pk": 49,
        "model": "enemygen.weapon",
        "fields": {
            "damage_modifier": true,
            "name": "Garrotte",
            "special_effects": null,
            "hp": 2,
            "reach": "T",
            "damage": "1d2",
            "ap": 1,
            "range": null,
            "type": "2h-melee",
            "size": "S"
        }
    },
    {
        "pk": 50,
        "model": "enemygen.weapon",
        "fields": {
            "damage_modifier": true,
            "name": "Glaive",
            "special_effects": null,
            "hp": 10,
            "reach": "L",
            "damage": "1d10+2",
            "ap": 4,
            "range": null,
            "type": "2h-melee",
            "size": "L"
        }
    },
    {
        "pk": 51,
        "model": "enemygen.weapon",
        "fields": {
            "damage_modifier": true,
            "name": "Great Club",
            "special_effects": null,
            "hp": 10,
            "reach": "L",
            "damage": "2d6",
            "ap": 4,
            "range": null,
            "type": "2h-melee",
            "size": "H"
        }
    },
    {
        "pk": 52,
        "model": "enemygen.weapon",
        "fields": {
            "damage_modifier": true,
            "name": "Great Hammer",
            "special_effects": null,
            "hp": 10,
            "reach": "L",
            "damage": "1d10+3",
            "ap": 4,
            "range": null,
            "type": "2h-melee",
            "size": "H"
        }
    },
    {
        "pk": 53,
        "model": "enemygen.weapon",
        "fields": {
            "damage_modifier": true,
            "name": "Great Sword",
            "special_effects": null,
            "hp": 12,
            "reach": "L",
            "damage": "2d8",
            "ap": 6,
            "range": null,
            "type": "2h-melee",
            "size": "H"
        }
    },
    {
        "pk": 54,
        "model": "enemygen.weapon",
        "fields": {
            "damage_modifier": true,
            "name": "Halberd",
            "special_effects": null,
            "hp": 10,
            "reach": "VL",
            "damage": "1d8+2",
            "ap": 4,
            "range": null,
            "type": "2h-melee",
            "size": "L"
        }
    },
    {
        "pk": 55,
        "model": "enemygen.weapon",
        "fields": {
            "damage_modifier": true,
            "name": "Longspear",
            "special_effects": null,
            "hp": 10,
            "reach": "VL",
            "damage": "1d10+1",
            "ap": 4,
            "range": null,
            "type": "2h-melee",
            "size": "L"
        }
    },
    {
        "pk": 56,
        "model": "enemygen.weapon",
        "fields": {
            "damage_modifier": true,
            "name": "Military flail",
            "special_effects": null,
            "hp": 10,
            "reach": "L",
            "damage": "1d10",
            "ap": 4,
            "range": null,
            "type": "2h-melee",
            "size": "L"
        }
    },
    {
        "pk": 57,
        "model": "enemygen.weapon",
        "fields": {
            "damage_modifier": true,
            "name": "Pike",
            "special_effects": null,
            "hp": 12,
            "reach": "VL",
            "damage": "1d10+2",
            "ap": 4,
            "range": null,
            "type": "2h-melee",
            "size": "L"
        }
    },
    {
        "pk": 58,
        "model": "enemygen.weapon",
        "fields": {
            "damage_modifier": true,
            "name": "Quarterstaff",
            "special_effects": null,
            "hp": 8,
            "reach": "L",
            "damage": "1d8",
            "ap": 4,
            "range": null,
            "type": "2h-melee",
            "size": "M"
        }
    },
    {
        "pk": 59,
        "model": "enemygen.weapon",
        "fields": {
            "damage_modifier": true,
            "name": "Xyston",
            "special_effects": null,
            "hp": 10,
            "reach": "VL",
            "damage": "1d10",
            "ap": 4,
            "range": null,
            "type": "2h-melee",
            "size": "L"
        }
    },
    {
        "pk": 60,
        "model": "enemygen.weapon",
        "fields": {
            "damage_modifier": true,
            "name": "Lance",
            "special_effects": null,
            "hp": 10,
            "reach": "VL",
            "damage": "1d10+2",
            "ap": 4,
            "range": null,
            "type": "1h-melee",
            "size": "H"
        }
    },
    {
        "pk": 61,
        "model": "enemygen.weapon",
        "fields": {
            "damage_modifier": true,
            "name": "Seax",
            "special_effects": "Bleed",
            "hp": 8,
            "reach": "S",
            "damage": "1d4+2",
            "ap": 4,
            "range": "",
            "type": "1h-melee",
            "size": "M"
        }
    },
    {
        "pk": 62,
        "model": "enemygen.weapon",
        "fields": {
            "damage_modifier": true,
            "name": "Longsword",
            "special_effects": null,
            "hp": 8,
            "reach": "M",
            "damage": "1d6+2",
            "ap": 4,
            "range": "",
            "type": "1h-melee",
            "size": "M"
        }
    },
    {
        "pk": 1,
        "model": "enemygen.race",
        "fields": {
            "name": "Human",
            "elemental": false,
            "discorporate": false,
            "published": true,
            "owner": 15,
            "special": "",
            "movement": "6"
        }
    },
    {
        "pk": 2,
        "model": "enemygen.race",
        "fields": {
            "name": "Centaur",
            "elemental": false,
            "discorporate": false,
            "published": true,
            "owner": 15,
            "special": "",
            "movement": "12"
        }
    },
    {
        "pk": 3,
        "model": "enemygen.race",
        "fields": {
            "name": "Dwarf",
            "elemental": false,
            "discorporate": false,
            "published": true,
            "owner": 15,
            "special": "",
            "movement": "4"
        }
    },
    {
        "pk": 4,
        "model": "enemygen.race",
        "fields": {
            "name": "Elf",
            "elemental": false,
            "discorporate": false,
            "published": true,
            "owner": 15,
            "special": "",
            "movement": "6"
        }
    },
    {
        "pk": 5,
        "model": "enemygen.race",
        "fields": {
            "name": "Broo",
            "elemental": false,
            "discorporate": false,
            "published": true,
            "owner": 15,
            "special": "",
            "movement": "8"
        }
    },
    {
        "pk": 6,
        "model": "enemygen.race",
        "fields": {
            "name": "Trollkin",
            "elemental": false,
            "discorporate": false,
            "published": true,
            "owner": 15,
            "special": "",
            "movement": "6"
        }
    },
    {
        "pk": 7,
        "model": "enemygen.race",
        "fields": {
            "name": "Troll, Dark",
            "elemental": false,
            "discorporate": false,
            "published": true,
            "owner": 15,
            "special": "",
            "movement": "6"
        }
    },
    {
        "pk": 8,
        "model": "enemygen.race",
        "fields": {
            "name": "Troll, Great",
            "elemental": false,
            "discorporate": false,
            "published": true,
            "owner": 15,
            "special": "",
            "movement": "6"
        }
    },
    {
        "pk": 9,
        "model": "enemygen.race",
        "fields": {
            "name": "Horse",
            "elemental": false,
            "discorporate": false,
            "published": true,
            "owner": 15,
            "special": "horse notes",
            "movement": "12m"
        }
    },
    {
        "pk": 10,
        "model": "enemygen.race",
        "fields": {
            "name": "Giant Spider",
            "elemental": false,
            "discorporate": false,
            "published": true,
            "owner": 15,
            "special": "spider notes",
            "movement": "10"
        }
    },
    {
        "pk": 11,
        "model": "enemygen.race",
        "fields": {
            "name": "Duck",
            "elemental": false,
            "discorporate": false,
            "published": true,
            "owner": 11,
            "special": "Excellent Swimmer.",
            "movement": "6"
        }
    },
    {
        "pk": 12,
        "model": "enemygen.race",
        "fields": {
            "name": "Allosaurus",
            "elemental": false,
            "discorporate": false,
            "published": true,
            "owner": 26,
            "special": "Abilities: Engulfing, Intimidate (RQ6: pg 312-316) ,MI pg 193",
            "movement": "7"
        }
    },
    {
        "pk": 13,
        "model": "enemygen.race",
        "fields": {
            "name": "Serpent People",
            "elemental": false,
            "discorporate": false,
            "published": true,
            "owner": 26,
            "special": "Abilities: Cold Blooded, Earth Sense, Venomous (RQ6: pg 312-316)\r\n",
            "movement": "6"
        }
    },
    {
        "pk": 14,
        "model": "enemygen.race",
        "fields": {
            "name": "Zombie",
            "elemental": false,
            "discorporate": false,
            "published": true,
            "owner": 26,
            "special": "Abilities: Undead (page 316). Immune to the effects of serious wounds. Major wounds do not incapacitate Rq6 pg 397",
            "movement": "6"
        }
    },
    {
        "pk": 15,
        "model": "enemygen.race",
        "fields": {
            "name": "Vampire",
            "elemental": false,
            "discorporate": false,
            "published": true,
            "owner": 26,
            "special": "Abilities: Allergy (Sunlight), Darksight, Gaze Attack (Domination), Immunity (Mundane Weapons), Undead, Vampiric, Vulnerable(Special)  (Rq6 page 316). Immune to the effects of serious wounds. Major wounds do not incapacitate RQ6 pg 393-394",
            "movement": "6"
        }
    },
    {
        "pk": 16,
        "model": "enemygen.race",
        "fields": {
            "name": "Scorpion Man",
            "elemental": false,
            "discorporate": false,
            "published": true,
            "owner": 11,
            "special": "Chaotic feature chance POW x 5.  RQ6 pg 441-442.  Adhere.",
            "movement": "8"
        }
    },
    {
        "pk": 18,
        "model": "enemygen.race",
        "fields": {
            "name": "Ghoul",
            "elemental": false,
            "discorporate": false,
            "published": true,
            "owner": 26,
            "special": "Abilities: Undead, Death Sense, Regeneration (Rq6 page 316). Immune to the effects of serious wounds. Major wounds do not incapacitate. RQ6 pg 366",
            "movement": "6"
        }
    },
    {
        "pk": 19,
        "model": "enemygen.race",
        "fields": {
            "name": "Giant Octopus",
            "elemental": false,
            "discorporate": false,
            "published": true,
            "owner": 26,
            "special": "Camouflaged, Formidable Natural Weapons, Grappler, Multi-limbed, Regeneration, Swimmer, Venomous RQ6 pg 379",
            "movement": "8"
        }
    },
    {
        "pk": 20,
        "model": "enemygen.race",
        "fields": {
            "name": "Ogre, Primal",
            "elemental": false,
            "discorporate": false,
            "published": true,
            "owner": 26,
            "special": "RQ pg 379-380",
            "movement": "8"
        }
    },
    {
        "pk": 1,
        "model": "enemygen.hitlocation",
        "fields": {
            "range_end": 3,
            "range_start": 1,
            "name": "Right leg",
            "armor": "0",
            "race": 1,
            "hp_modifier": 0
        }
    },
    {
        "pk": 2,
        "model": "enemygen.hitlocation",
        "fields": {
            "range_end": 6,
            "range_start": 4,
            "name": "Left leg",
            "armor": "0",
            "race": 1,
            "hp_modifier": 0
        }
    },
    {
        "pk": 3,
        "model": "enemygen.hitlocation",
        "fields": {
            "range_end": 9,
            "range_start": 7,
            "name": "Abdomen",
            "armor": "0",
            "race": 1,
            "hp_modifier": 1
        }
    },
    {
        "pk": 4,
        "model": "enemygen.hitlocation",
        "fields": {
            "range_end": 12,
            "range_start": 10,
            "name": "Chest",
            "armor": "0",
            "race": 1,
            "hp_modifier": 2
        }
    },
    {
        "pk": 5,
        "model": "enemygen.hitlocation",
        "fields": {
            "range_end": 15,
            "range_start": 13,
            "name": "Right arm",
            "armor": "0",
            "race": 1,
            "hp_modifier": -1
        }
    },
    {
        "pk": 6,
        "model": "enemygen.hitlocation",
        "fields": {
            "range_end": 18,
            "range_start": 16,
            "name": "Left arm",
            "armor": "0",
            "race": 1,
            "hp_modifier": -1
        }
    },
    {
        "pk": 7,
        "model": "enemygen.hitlocation",
        "fields": {
            "range_end": 20,
            "range_start": 19,
            "name": "Head",
            "armor": "0",
            "race": 1,
            "hp_modifier": 0
        }
    },
    {
        "pk": 8,
        "model": "enemygen.hitlocation",
        "fields": {
            "range_end": 3,
            "range_start": 1,
            "name": "Right rear leg",
            "armor": "0",
            "race": 2,
            "hp_modifier": 0
        }
    },
    {
        "pk": 9,
        "model": "enemygen.hitlocation",
        "fields": {
            "range_end": 6,
            "range_start": 4,
            "name": "Left rear leg",
            "armor": "0",
            "race": 2,
            "hp_modifier": 0
        }
    },
    {
        "pk": 10,
        "model": "enemygen.hitlocation",
        "fields": {
            "range_end": 8,
            "range_start": 7,
            "name": "Hindquarters",
            "armor": "0",
            "race": 2,
            "hp_modifier": 1
        }
    },
    {
        "pk": 11,
        "model": "enemygen.hitlocation",
        "fields": {
            "range_end": 10,
            "range_start": 9,
            "name": "Forequarters",
            "armor": "0",
            "race": 2,
            "hp_modifier": 2
        }
    },
    {
        "pk": 12,
        "model": "enemygen.hitlocation",
        "fields": {
            "range_end": 12,
            "range_start": 11,
            "name": "Right Front Leg",
            "armor": "0",
            "race": 2,
            "hp_modifier": 0
        }
    },
    {
        "pk": 13,
        "model": "enemygen.hitlocation",
        "fields": {
            "range_end": 14,
            "range_start": 13,
            "name": "Left front leg",
            "armor": "0",
            "race": 2,
            "hp_modifier": 0
        }
    },
    {
        "pk": 14,
        "model": "enemygen.hitlocation",
        "fields": {
            "range_end": 16,
            "range_start": 15,
            "name": "Chest",
            "armor": "0",
            "race": 2,
            "hp_modifier": -1
        }
    },
    {
        "pk": 15,
        "model": "enemygen.hitlocation",
        "fields": {
            "range_end": 17,
            "range_start": 17,
            "name": "Right arm",
            "armor": "0",
            "race": 2,
            "hp_modifier": -4
        }
    },
    {
        "pk": 16,
        "model": "enemygen.hitlocation",
        "fields": {
            "range_end": 18,
            "range_start": 18,
            "name": "Left arm",
            "armor": "0",
            "race": 2,
            "hp_modifier": -4
        }
    },
    {
        "pk": 17,
        "model": "enemygen.hitlocation",
        "fields": {
            "range_end": 20,
            "range_start": 19,
            "name": "Head",
            "armor": "0",
            "race": 2,
            "hp_modifier": -3
        }
    },
    {
        "pk": 18,
        "model": "enemygen.hitlocation",
        "fields": {
            "range_end": 3,
            "range_start": 1,
            "name": "Right leg",
            "armor": "0",
            "race": 3,
            "hp_modifier": 0
        }
    },
    {
        "pk": 19,
        "model": "enemygen.hitlocation",
        "fields": {
            "range_end": 6,
            "range_start": 4,
            "name": "Left leg",
            "armor": "0",
            "race": 3,
            "hp_modifier": 0
        }
    },
    {
        "pk": 20,
        "model": "enemygen.hitlocation",
        "fields": {
            "range_end": 9,
            "range_start": 7,
            "name": "Abdomen",
            "armor": "0",
            "race": 3,
            "hp_modifier": 1
        }
    },
    {
        "pk": 21,
        "model": "enemygen.hitlocation",
        "fields": {
            "range_end": 12,
            "range_start": 10,
            "name": "Chest",
            "armor": "0",
            "race": 3,
            "hp_modifier": 2
        }
    },
    {
        "pk": 22,
        "model": "enemygen.hitlocation",
        "fields": {
            "range_end": 15,
            "range_start": 13,
            "name": "Right arm",
            "armor": "0",
            "race": 3,
            "hp_modifier": -1
        }
    },
    {
        "pk": 23,
        "model": "enemygen.hitlocation",
        "fields": {
            "range_end": 18,
            "range_start": 16,
            "name": "Left arm",
            "armor": "0",
            "race": 3,
            "hp_modifier": -1
        }
    },
    {
        "pk": 24,
        "model": "enemygen.hitlocation",
        "fields": {
            "range_end": 20,
            "range_start": 19,
            "name": "Head",
            "armor": "0",
            "race": 3,
            "hp_modifier": 0
        }
    },
    {
        "pk": 25,
        "model": "enemygen.hitlocation",
        "fields": {
            "range_end": 3,
            "range_start": 1,
            "name": "Right leg",
            "armor": "0",
            "race": 4,
            "hp_modifier": 0
        }
    },
    {
        "pk": 26,
        "model": "enemygen.hitlocation",
        "fields": {
            "range_end": 6,
            "range_start": 4,
            "name": "Left leg",
            "armor": "0",
            "race": 4,
            "hp_modifier": 0
        }
    },
    {
        "pk": 27,
        "model": "enemygen.hitlocation",
        "fields": {
            "range_end": 9,
            "range_start": 7,
            "name": "Abdomen",
            "armor": "0",
            "race": 4,
            "hp_modifier": 1
        }
    },
    {
        "pk": 28,
        "model": "enemygen.hitlocation",
        "fields": {
            "range_end": 12,
            "range_start": 10,
            "name": "Chest",
            "armor": "0",
            "race": 4,
            "hp_modifier": 2
        }
    },
    {
        "pk": 29,
        "model": "enemygen.hitlocation",
        "fields": {
            "range_end": 15,
            "range_start": 13,
            "name": "Right arm",
            "armor": "0",
            "race": 4,
            "hp_modifier": -1
        }
    },
    {
        "pk": 30,
        "model": "enemygen.hitlocation",
        "fields": {
            "range_end": 18,
            "range_start": 16,
            "name": "Left arm",
            "armor": "0",
            "race": 4,
            "hp_modifier": -1
        }
    },
    {
        "pk": 31,
        "model": "enemygen.hitlocation",
        "fields": {
            "range_end": 20,
            "range_start": 19,
            "name": "Head",
            "armor": "0",
            "race": 4,
            "hp_modifier": 0
        }
    },
    {
        "pk": 33,
        "model": "enemygen.hitlocation",
        "fields": {
            "range_end": 6,
            "range_start": 4,
            "name": "Left leg",
            "armor": "0",
            "race": 5,
            "hp_modifier": 0
        }
    },
    {
        "pk": 34,
        "model": "enemygen.hitlocation",
        "fields": {
            "range_end": 9,
            "range_start": 7,
            "name": "Abdomen",
            "armor": "0",
            "race": 5,
            "hp_modifier": 1
        }
    },
    {
        "pk": 35,
        "model": "enemygen.hitlocation",
        "fields": {
            "range_end": 12,
            "range_start": 10,
            "name": "Chest",
            "armor": "0",
            "race": 5,
            "hp_modifier": 2
        }
    },
    {
        "pk": 36,
        "model": "enemygen.hitlocation",
        "fields": {
            "range_end": 18,
            "range_start": 16,
            "name": "Left arm",
            "armor": "0",
            "race": 5,
            "hp_modifier": -1
        }
    },
    {
        "pk": 37,
        "model": "enemygen.hitlocation",
        "fields": {
            "range_end": 15,
            "range_start": 13,
            "name": "Right arm",
            "armor": "0",
            "race": 5,
            "hp_modifier": -1
        }
    },
    {
        "pk": 38,
        "model": "enemygen.hitlocation",
        "fields": {
            "range_end": 20,
            "range_start": 19,
            "name": "Head",
            "armor": "0",
            "race": 5,
            "hp_modifier": 0
        }
    },
    {
        "pk": 39,
        "model": "enemygen.hitlocation",
        "fields": {
            "range_end": 3,
            "range_start": 1,
            "name": "Right leg",
            "armor": "0",
            "race": 6,
            "hp_modifier": 0
        }
    },
    {
        "pk": 40,
        "model": "enemygen.hitlocation",
        "fields": {
            "range_end": 6,
            "range_start": 4,
            "name": "Left leg",
            "armor": "0",
            "race": 6,
            "hp_modifier": 0
        }
    },
    {
        "pk": 41,
        "model": "enemygen.hitlocation",
        "fields": {
            "range_end": 9,
            "range_start": 7,
            "name": "Abdomen",
            "armor": "0",
            "race": 6,
            "hp_modifier": 1
        }
    },
    {
        "pk": 42,
        "model": "enemygen.hitlocation",
        "fields": {
            "range_end": 12,
            "range_start": 10,
            "name": "Chest",
            "armor": "0",
            "race": 6,
            "hp_modifier": 2
        }
    },
    {
        "pk": 43,
        "model": "enemygen.hitlocation",
        "fields": {
            "range_end": 15,
            "range_start": 13,
            "name": "Right arm",
            "armor": "0",
            "race": 6,
            "hp_modifier": -1
        }
    },
    {
        "pk": 44,
        "model": "enemygen.hitlocation",
        "fields": {
            "range_end": 18,
            "range_start": 16,
            "name": "Left arm",
            "armor": "0",
            "race": 6,
            "hp_modifier": -1
        }
    },
    {
        "pk": 45,
        "model": "enemygen.hitlocation",
        "fields": {
            "range_end": 20,
            "range_start": 19,
            "name": "Head",
            "armor": "0",
            "race": 6,
            "hp_modifier": 0
        }
    },
    {
        "pk": 46,
        "model": "enemygen.hitlocation",
        "fields": {
            "range_end": 3,
            "range_start": 1,
            "name": "Right leg",
            "armor": "0",
            "race": 7,
            "hp_modifier": 0
        }
    },
    {
        "pk": 47,
        "model": "enemygen.hitlocation",
        "fields": {
            "range_end": 6,
            "range_start": 4,
            "name": "Left leg",
            "armor": "0",
            "race": 7,
            "hp_modifier": 0
        }
    },
    {
        "pk": 48,
        "model": "enemygen.hitlocation",
        "fields": {
            "range_end": 9,
            "range_start": 7,
            "name": "Abdomen",
            "armor": "0",
            "race": 7,
            "hp_modifier": 1
        }
    },
    {
        "pk": 49,
        "model": "enemygen.hitlocation",
        "fields": {
            "range_end": 12,
            "range_start": 10,
            "name": "Chest",
            "armor": "0",
            "race": 7,
            "hp_modifier": 2
        }
    },
    {
        "pk": 50,
        "model": "enemygen.hitlocation",
        "fields": {
            "range_end": 15,
            "range_start": 13,
            "name": "Right arm",
            "armor": "0",
            "race": 7,
            "hp_modifier": -1
        }
    },
    {
        "pk": 51,
        "model": "enemygen.hitlocation",
        "fields": {
            "range_end": 18,
            "range_start": 16,
            "name": "Left arm",
            "armor": "0",
            "race": 7,
            "hp_modifier": -1
        }
    },
    {
        "pk": 52,
        "model": "enemygen.hitlocation",
        "fields": {
            "range_end": 20,
            "range_start": 19,
            "name": "Head",
            "armor": "0",
            "race": 7,
            "hp_modifier": 0
        }
    },
    {
        "pk": 53,
        "model": "enemygen.hitlocation",
        "fields": {
            "range_end": 3,
            "range_start": 1,
            "name": "Right leg",
            "armor": "0",
            "race": 8,
            "hp_modifier": 0
        }
    },
    {
        "pk": 54,
        "model": "enemygen.hitlocation",
        "fields": {
            "range_end": 6,
            "range_start": 4,
            "name": "Left leg",
            "armor": "0",
            "race": 8,
            "hp_modifier": 0
        }
    },
    {
        "pk": 55,
        "model": "enemygen.hitlocation",
        "fields": {
            "range_end": 9,
            "range_start": 7,
            "name": "Abdomen",
            "armor": "0",
            "race": 8,
            "hp_modifier": 1
        }
    },
    {
        "pk": 56,
        "model": "enemygen.hitlocation",
        "fields": {
            "range_end": 12,
            "range_start": 10,
            "name": "Chest",
            "armor": "0",
            "race": 8,
            "hp_modifier": 2
        }
    },
    {
        "pk": 57,
        "model": "enemygen.hitlocation",
        "fields": {
            "range_end": 15,
            "range_start": 13,
            "name": "Right arm",
            "armor": "0",
            "race": 8,
            "hp_modifier": -1
        }
    },
    {
        "pk": 58,
        "model": "enemygen.hitlocation",
        "fields": {
            "range_end": 18,
            "range_start": 16,
            "name": "Left arm",
            "armor": "0",
            "race": 8,
            "hp_modifier": -1
        }
    },
    {
        "pk": 59,
        "model": "enemygen.hitlocation",
        "fields": {
            "range_end": 20,
            "range_start": 19,
            "name": "Head",
            "armor": "0",
            "race": 8,
            "hp_modifier": 0
        }
    },
    {
        "pk": 60,
        "model": "enemygen.hitlocation",
        "fields": {
            "range_end": 3,
            "range_start": 1,
            "name": "Right Hind Leg",
            "armor": "0",
            "race": 9,
            "hp_modifier": 0
        }
    },
    {
        "pk": 61,
        "model": "enemygen.hitlocation",
        "fields": {
            "range_end": 6,
            "range_start": 4,
            "name": "Left Hind Leg",
            "armor": "0",
            "race": 9,
            "hp_modifier": 0
        }
    },
    {
        "pk": 62,
        "model": "enemygen.hitlocation",
        "fields": {
            "range_end": 9,
            "range_start": 7,
            "name": "Hindquarters",
            "armor": "0",
            "race": 9,
            "hp_modifier": 1
        }
    },
    {
        "pk": 63,
        "model": "enemygen.hitlocation",
        "fields": {
            "range_end": 12,
            "range_start": 10,
            "name": "Forequarters",
            "armor": "0",
            "race": 9,
            "hp_modifier": 2
        }
    },
    {
        "pk": 64,
        "model": "enemygen.hitlocation",
        "fields": {
            "range_end": 14,
            "range_start": 13,
            "name": "Right Front Leg",
            "armor": "0",
            "race": 9,
            "hp_modifier": -1
        }
    },
    {
        "pk": 65,
        "model": "enemygen.hitlocation",
        "fields": {
            "range_end": 16,
            "range_start": 15,
            "name": "Left Front Leg",
            "armor": "0",
            "race": 9,
            "hp_modifier": -1
        }
    },
    {
        "pk": 66,
        "model": "enemygen.hitlocation",
        "fields": {
            "range_end": 20,
            "range_start": 17,
            "name": "Head",
            "armor": "0",
            "race": 9,
            "hp_modifier": 0
        }
    },
    {
        "pk": 67,
        "model": "enemygen.hitlocation",
        "fields": {
            "range_end": 2,
            "range_start": 1,
            "name": "Right Rear leg",
            "armor": "4",
            "race": 10,
            "hp_modifier": -1
        }
    },
    {
        "pk": 68,
        "model": "enemygen.hitlocation",
        "fields": {
            "range_end": 4,
            "range_start": 3,
            "name": "Left Rear Leg",
            "armor": "4",
            "race": 10,
            "hp_modifier": -1
        }
    },
    {
        "pk": 69,
        "model": "enemygen.hitlocation",
        "fields": {
            "range_end": 6,
            "range_start": 5,
            "name": "Mid Right Leg",
            "armor": "4",
            "race": 10,
            "hp_modifier": -1
        }
    },
    {
        "pk": 70,
        "model": "enemygen.hitlocation",
        "fields": {
            "range_end": 8,
            "range_start": 7,
            "name": "Mid Left Leg",
            "armor": "4",
            "race": 10,
            "hp_modifier": -1
        }
    },
    {
        "pk": 71,
        "model": "enemygen.hitlocation",
        "fields": {
            "range_end": 10,
            "range_start": 9,
            "name": "Fore Right Leg",
            "armor": "4",
            "race": 10,
            "hp_modifier": -1
        }
    },
    {
        "pk": 72,
        "model": "enemygen.hitlocation",
        "fields": {
            "range_end": 12,
            "range_start": 11,
            "name": "Fore Left Leg",
            "armor": "4",
            "race": 10,
            "hp_modifier": -1
        }
    },
    {
        "pk": 73,
        "model": "enemygen.hitlocation",
        "fields": {
            "range_end": 14,
            "range_start": 13,
            "name": "Abdomen",
            "armor": "4",
            "race": 10,
            "hp_modifier": 2
        }
    },
    {
        "pk": 74,
        "model": "enemygen.hitlocation",
        "fields": {
            "range_end": 16,
            "range_start": 15,
            "name": "Front Right Leg",
            "armor": "4",
            "race": 10,
            "hp_modifier": -1
        }
    },
    {
        "pk": 75,
        "model": "enemygen.hitlocation",
        "fields": {
            "range_end": 18,
            "range_start": 17,
            "name": "Front Left Leg",
            "armor": "4",
            "race": 10,
            "hp_modifier": -1
        }
    },
    {
        "pk": 76,
        "model": "enemygen.hitlocation",
        "fields": {
            "range_end": 20,
            "range_start": 19,
            "name": "Cephalothorax",
            "armor": "4",
            "race": 10,
            "hp_modifier": 1
        }
    },
    {
        "pk": 77,
        "model": "enemygen.hitlocation",
        "fields": {
            "range_end": 3,
            "range_start": 1,
            "name": "Right leg",
            "armor": "0",
            "race": 11,
            "hp_modifier": 0
        }
    },
    {
        "pk": 78,
        "model": "enemygen.hitlocation",
        "fields": {
            "range_end": 6,
            "range_start": 4,
            "name": "Left leg",
            "armor": "0",
            "race": 11,
            "hp_modifier": 0
        }
    },
    {
        "pk": 79,
        "model": "enemygen.hitlocation",
        "fields": {
            "range_end": 9,
            "range_start": 7,
            "name": "Abdomen",
            "armor": "2",
            "race": 11,
            "hp_modifier": 1
        }
    },
    {
        "pk": 80,
        "model": "enemygen.hitlocation",
        "fields": {
            "range_end": 12,
            "range_start": 10,
            "name": "Chest",
            "armor": "2",
            "race": 11,
            "hp_modifier": 2
        }
    },
    {
        "pk": 81,
        "model": "enemygen.hitlocation",
        "fields": {
            "range_end": 15,
            "range_start": 13,
            "name": "Right Arm",
            "armor": "0",
            "race": 11,
            "hp_modifier": -1
        }
    },
    {
        "pk": 82,
        "model": "enemygen.hitlocation",
        "fields": {
            "range_end": 18,
            "range_start": 16,
            "name": "Left Arm",
            "armor": "0",
            "race": 11,
            "hp_modifier": -1
        }
    },
    {
        "pk": 83,
        "model": "enemygen.hitlocation",
        "fields": {
            "range_end": 20,
            "range_start": 19,
            "name": "Head",
            "armor": "4",
            "race": 11,
            "hp_modifier": 0
        }
    },
    {
        "pk": 85,
        "model": "enemygen.hitlocation",
        "fields": {
            "range_end": 2,
            "range_start": 1,
            "name": "Tail",
            "armor": "6",
            "race": 12,
            "hp_modifier": 0
        }
    },
    {
        "pk": 86,
        "model": "enemygen.hitlocation",
        "fields": {
            "range_end": 5,
            "range_start": 3,
            "name": "Right Leg",
            "armor": "6",
            "race": 12,
            "hp_modifier": 0
        }
    },
    {
        "pk": 87,
        "model": "enemygen.hitlocation",
        "fields": {
            "range_end": 8,
            "range_start": 6,
            "name": "Left leg",
            "armor": "6",
            "race": 12,
            "hp_modifier": 0
        }
    },
    {
        "pk": 88,
        "model": "enemygen.hitlocation",
        "fields": {
            "range_end": 11,
            "range_start": 9,
            "name": "Abdomen",
            "armor": "6",
            "race": 12,
            "hp_modifier": 1
        }
    },
    {
        "pk": 89,
        "model": "enemygen.hitlocation",
        "fields": {
            "range_end": 14,
            "range_start": 12,
            "name": "Chest",
            "armor": "6",
            "race": 12,
            "hp_modifier": 2
        }
    },
    {
        "pk": 90,
        "model": "enemygen.hitlocation",
        "fields": {
            "range_end": 16,
            "range_start": 15,
            "name": "Right Arm",
            "armor": "6",
            "race": 12,
            "hp_modifier": -1
        }
    },
    {
        "pk": 91,
        "model": "enemygen.hitlocation",
        "fields": {
            "range_end": 18,
            "range_start": 17,
            "name": "Left Arm",
            "armor": "6",
            "race": 12,
            "hp_modifier": -1
        }
    },
    {
        "pk": 92,
        "model": "enemygen.hitlocation",
        "fields": {
            "range_end": 20,
            "range_start": 19,
            "name": "Head",
            "armor": "6",
            "race": 12,
            "hp_modifier": 0
        }
    },
    {
        "pk": 93,
        "model": "enemygen.hitlocation",
        "fields": {
            "range_end": 3,
            "range_start": 1,
            "name": "Tail",
            "armor": "1",
            "race": 13,
            "hp_modifier": -2
        }
    },
    {
        "pk": 94,
        "model": "enemygen.hitlocation",
        "fields": {
            "range_end": 5,
            "range_start": 4,
            "name": "Right leg",
            "armor": "1",
            "race": 13,
            "hp_modifier": 0
        }
    },
    {
        "pk": 95,
        "model": "enemygen.hitlocation",
        "fields": {
            "range_end": 7,
            "range_start": 6,
            "name": "Left leg",
            "armor": "1",
            "race": 13,
            "hp_modifier": 0
        }
    },
    {
        "pk": 96,
        "model": "enemygen.hitlocation",
        "fields": {
            "range_end": 10,
            "range_start": 8,
            "name": "Abdomen",
            "armor": "1",
            "race": 13,
            "hp_modifier": 1
        }
    },
    {
        "pk": 97,
        "model": "enemygen.hitlocation",
        "fields": {
            "range_end": 14,
            "range_start": 11,
            "name": "Chest",
            "armor": "1",
            "race": 13,
            "hp_modifier": 2
        }
    },
    {
        "pk": 98,
        "model": "enemygen.hitlocation",
        "fields": {
            "range_end": 16,
            "range_start": 15,
            "name": "Left Arm",
            "armor": "1",
            "race": 13,
            "hp_modifier": -1
        }
    },
    {
        "pk": 99,
        "model": "enemygen.hitlocation",
        "fields": {
            "range_end": 18,
            "range_start": 17,
            "name": "Right Arm",
            "armor": "1",
            "race": 13,
            "hp_modifier": -1
        }
    },
    {
        "pk": 100,
        "model": "enemygen.hitlocation",
        "fields": {
            "range_end": 20,
            "range_start": 19,
            "name": "Head",
            "armor": "1",
            "race": 13,
            "hp_modifier": 0
        }
    },
    {
        "pk": 101,
        "model": "enemygen.hitlocation",
        "fields": {
            "range_end": 3,
            "range_start": 1,
            "name": "Right leg",
            "armor": "0",
            "race": 14,
            "hp_modifier": 0
        }
    },
    {
        "pk": 102,
        "model": "enemygen.hitlocation",
        "fields": {
            "range_end": 6,
            "range_start": 4,
            "name": "Left leg",
            "armor": "0",
            "race": 14,
            "hp_modifier": 0
        }
    },
    {
        "pk": 103,
        "model": "enemygen.hitlocation",
        "fields": {
            "range_end": 9,
            "range_start": 7,
            "name": "Abdomen",
            "armor": "0",
            "race": 14,
            "hp_modifier": 1
        }
    },
    {
        "pk": 104,
        "model": "enemygen.hitlocation",
        "fields": {
            "range_end": 12,
            "range_start": 10,
            "name": "Chest",
            "armor": "0",
            "race": 14,
            "hp_modifier": 2
        }
    },
    {
        "pk": 105,
        "model": "enemygen.hitlocation",
        "fields": {
            "range_end": 15,
            "range_start": 13,
            "name": "Right Arm",
            "armor": "0",
            "race": 14,
            "hp_modifier": -1
        }
    },
    {
        "pk": 106,
        "model": "enemygen.hitlocation",
        "fields": {
            "range_end": 18,
            "range_start": 16,
            "name": "Left Arm",
            "armor": "0",
            "race": 14,
            "hp_modifier": -1
        }
    },
    {
        "pk": 107,
        "model": "enemygen.hitlocation",
        "fields": {
            "range_end": 20,
            "range_start": 19,
            "name": "Head",
            "armor": "0",
            "race": 14,
            "hp_modifier": 0
        }
    },
    {
        "pk": 108,
        "model": "enemygen.hitlocation",
        "fields": {
            "range_end": 3,
            "range_start": 1,
            "name": "Right leg",
            "armor": "0",
            "race": 15,
            "hp_modifier": 0
        }
    },
    {
        "pk": 109,
        "model": "enemygen.hitlocation",
        "fields": {
            "range_end": 6,
            "range_start": 4,
            "name": "Left leg",
            "armor": "0",
            "race": 15,
            "hp_modifier": 0
        }
    },
    {
        "pk": 110,
        "model": "enemygen.hitlocation",
        "fields": {
            "range_end": 9,
            "range_start": 7,
            "name": "Abdomen",
            "armor": "0",
            "race": 15,
            "hp_modifier": 1
        }
    },
    {
        "pk": 111,
        "model": "enemygen.hitlocation",
        "fields": {
            "range_end": 12,
            "range_start": 10,
            "name": "Chest",
            "armor": "0",
            "race": 15,
            "hp_modifier": 2
        }
    },
    {
        "pk": 112,
        "model": "enemygen.hitlocation",
        "fields": {
            "range_end": 15,
            "range_start": 13,
            "name": "Right Arm",
            "armor": "0",
            "race": 15,
            "hp_modifier": -1
        }
    },
    {
        "pk": 113,
        "model": "enemygen.hitlocation",
        "fields": {
            "range_end": 18,
            "range_start": 16,
            "name": "Left Arm",
            "armor": "0",
            "race": 15,
            "hp_modifier": -1
        }
    },
    {
        "pk": 114,
        "model": "enemygen.hitlocation",
        "fields": {
            "range_end": 20,
            "range_start": 19,
            "name": "Head",
            "armor": "0",
            "race": 15,
            "hp_modifier": 0
        }
    },
    {
        "pk": 115,
        "model": "enemygen.hitlocation",
        "fields": {
            "range_end": 1,
            "range_start": 1,
            "name": "Right hind leg",
            "armor": "3",
            "race": 16,
            "hp_modifier": -3
        }
    },
    {
        "pk": 116,
        "model": "enemygen.hitlocation",
        "fields": {
            "range_end": 2,
            "range_start": 2,
            "name": "Right center leg",
            "armor": "3",
            "race": 16,
            "hp_modifier": -3
        }
    },
    {
        "pk": 117,
        "model": "enemygen.hitlocation",
        "fields": {
            "range_end": 4,
            "range_start": 3,
            "name": "Right fore leg",
            "armor": "3",
            "race": 16,
            "hp_modifier": -3
        }
    },
    {
        "pk": 118,
        "model": "enemygen.hitlocation",
        "fields": {
            "range_end": 5,
            "range_start": 5,
            "name": "Left hind leg",
            "armor": "3",
            "race": 16,
            "hp_modifier": -3
        }
    },
    {
        "pk": 119,
        "model": "enemygen.hitlocation",
        "fields": {
            "range_end": 6,
            "range_start": 6,
            "name": "Left center leg",
            "armor": "3",
            "race": 16,
            "hp_modifier": -3
        }
    },
    {
        "pk": 120,
        "model": "enemygen.hitlocation",
        "fields": {
            "range_end": 8,
            "range_start": 7,
            "name": "Left fore leg",
            "armor": "3",
            "race": 16,
            "hp_modifier": -3
        }
    },
    {
        "pk": 121,
        "model": "enemygen.hitlocation",
        "fields": {
            "range_end": 10,
            "range_start": 9,
            "name": "Tail",
            "armor": "3",
            "race": 16,
            "hp_modifier": -1
        }
    },
    {
        "pk": 122,
        "model": "enemygen.hitlocation",
        "fields": {
            "range_end": 12,
            "range_start": 11,
            "name": "Thorax",
            "armor": "3",
            "race": 16,
            "hp_modifier": -1
        }
    },
    {
        "pk": 123,
        "model": "enemygen.hitlocation",
        "fields": {
            "range_end": 14,
            "range_start": 13,
            "name": "Chest",
            "armor": "0",
            "race": 16,
            "hp_modifier": 0
        }
    },
    {
        "pk": 124,
        "model": "enemygen.hitlocation",
        "fields": {
            "range_end": 16,
            "range_start": 15,
            "name": "Right arm",
            "armor": "0",
            "race": 16,
            "hp_modifier": -2
        }
    },
    {
        "pk": 125,
        "model": "enemygen.hitlocation",
        "fields": {
            "range_end": 18,
            "range_start": 17,
            "name": "Left arm",
            "armor": "0",
            "race": 16,
            "hp_modifier": -2
        }
    },
    {
        "pk": 126,
        "model": "enemygen.hitlocation",
        "fields": {
            "range_end": 20,
            "range_start": 19,
            "name": "Head",
            "armor": "0",
            "race": 16,
            "hp_modifier": -1
        }
    },
    {
        "pk": 135,
        "model": "enemygen.hitlocation",
        "fields": {
            "range_end": 3,
            "range_start": 1,
            "name": "Right leg",
            "armor": "1",
            "race": 18,
            "hp_modifier": 0
        }
    },
    {
        "pk": 136,
        "model": "enemygen.hitlocation",
        "fields": {
            "range_end": 6,
            "range_start": 4,
            "name": "Left leg",
            "armor": "1",
            "race": 18,
            "hp_modifier": 0
        }
    },
    {
        "pk": 137,
        "model": "enemygen.hitlocation",
        "fields": {
            "range_end": 9,
            "range_start": 7,
            "name": "Abdomen",
            "armor": "1",
            "race": 18,
            "hp_modifier": 1
        }
    },
    {
        "pk": 138,
        "model": "enemygen.hitlocation",
        "fields": {
            "range_end": 12,
            "range_start": 10,
            "name": "Chest",
            "armor": "1",
            "race": 18,
            "hp_modifier": 2
        }
    },
    {
        "pk": 139,
        "model": "enemygen.hitlocation",
        "fields": {
            "range_end": 15,
            "range_start": 13,
            "name": "Right Arm",
            "armor": "1",
            "race": 18,
            "hp_modifier": -1
        }
    },
    {
        "pk": 140,
        "model": "enemygen.hitlocation",
        "fields": {
            "range_end": 18,
            "range_start": 16,
            "name": "Left Arm",
            "armor": "1",
            "race": 18,
            "hp_modifier": -1
        }
    },
    {
        "pk": 141,
        "model": "enemygen.hitlocation",
        "fields": {
            "range_end": 20,
            "range_start": 19,
            "name": "Head",
            "armor": "1",
            "race": 18,
            "hp_modifier": 0
        }
    },
    {
        "pk": 142,
        "model": "enemygen.hitlocation",
        "fields": {
            "range_end": 2,
            "range_start": 1,
            "name": "Tentacle 1",
            "armor": "1",
            "race": 19,
            "hp_modifier": -1
        }
    },
    {
        "pk": 143,
        "model": "enemygen.hitlocation",
        "fields": {
            "range_end": 4,
            "range_start": 3,
            "name": "Tentacle 2",
            "armor": "1",
            "race": 19,
            "hp_modifier": -1
        }
    },
    {
        "pk": 144,
        "model": "enemygen.hitlocation",
        "fields": {
            "range_end": 6,
            "range_start": 5,
            "name": "Tentacle 3",
            "armor": "1",
            "race": 19,
            "hp_modifier": -1
        }
    },
    {
        "pk": 145,
        "model": "enemygen.hitlocation",
        "fields": {
            "range_end": 8,
            "range_start": 7,
            "name": "Tentacle 4",
            "armor": "1",
            "race": 19,
            "hp_modifier": -1
        }
    },
    {
        "pk": 146,
        "model": "enemygen.hitlocation",
        "fields": {
            "range_end": 10,
            "range_start": 9,
            "name": "Tentacle 5",
            "armor": "1",
            "race": 19,
            "hp_modifier": -1
        }
    },
    {
        "pk": 147,
        "model": "enemygen.hitlocation",
        "fields": {
            "range_end": 12,
            "range_start": 11,
            "name": "Tentacle 6",
            "armor": "1",
            "race": 19,
            "hp_modifier": -1
        }
    },
    {
        "pk": 148,
        "model": "enemygen.hitlocation",
        "fields": {
            "range_end": 14,
            "range_start": 13,
            "name": "Tentacle 7",
            "armor": "1",
            "race": 19,
            "hp_modifier": -1
        }
    },
    {
        "pk": 149,
        "model": "enemygen.hitlocation",
        "fields": {
            "range_end": 16,
            "range_start": 15,
            "name": "Tentacle 8",
            "armor": "1",
            "race": 19,
            "hp_modifier": -1
        }
    },
    {
        "pk": 150,
        "model": "enemygen.hitlocation",
        "fields": {
            "range_end": 18,
            "range_start": 17,
            "name": "Body",
            "armor": "1",
            "race": 19,
            "hp_modifier": 0
        }
    },
    {
        "pk": 151,
        "model": "enemygen.hitlocation",
        "fields": {
            "range_end": 20,
            "range_start": 19,
            "name": "Head",
            "armor": "1",
            "race": 19,
            "hp_modifier": 0
        }
    },
    {
        "pk": 152,
        "model": "enemygen.hitlocation",
        "fields": {
            "range_end": 3,
            "range_start": 1,
            "name": "Right leg",
            "armor": "0",
            "race": 20,
            "hp_modifier": 0
        }
    },
    {
        "pk": 153,
        "model": "enemygen.hitlocation",
        "fields": {
            "range_end": 6,
            "range_start": 4,
            "name": "Left leg",
            "armor": "0",
            "race": 20,
            "hp_modifier": 0
        }
    },
    {
        "pk": 154,
        "model": "enemygen.hitlocation",
        "fields": {
            "range_end": 9,
            "range_start": 7,
            "name": "Abdomen",
            "armor": "0",
            "race": 20,
            "hp_modifier": 1
        }
    },
    {
        "pk": 155,
        "model": "enemygen.hitlocation",
        "fields": {
            "range_end": 12,
            "range_start": 10,
            "name": "Chest",
            "armor": "0",
            "race": 20,
            "hp_modifier": 2
        }
    },
    {
        "pk": 156,
        "model": "enemygen.hitlocation",
        "fields": {
            "range_end": 15,
            "range_start": 13,
            "name": "Right Arm",
            "armor": "0",
            "race": 20,
            "hp_modifier": -1
        }
    },
    {
        "pk": 157,
        "model": "enemygen.hitlocation",
        "fields": {
            "range_end": 18,
            "range_start": 16,
            "name": "Left Arm",
            "armor": "0",
            "race": 20,
            "hp_modifier": -1
        }
    },
    {
        "pk": 158,
        "model": "enemygen.hitlocation",
        "fields": {
            "range_end": 20,
            "range_start": 19,
            "name": "Head",
            "armor": "0",
            "race": 20,
            "hp_modifier": 0
        }
    },
    {
        "pk": 2300,
        "model": "enemygen.hitlocation",
        "fields": {
            "range_end": 3,
            "range_start": 1,
            "name": "Right Leg",
            "armor": "0",
            "race": 5,
            "hp_modifier": 16
        }
    },
    {
        "pk": 37,
        "model": "enemygen.enemytemplate",
        "fields": {
            "namelist": null,
            "rank": 4,
            "used": 187,
            "cult_amount": null,
            "folk_spell_amount": "D3+3",
            "notes": "",
            "sorcery_spell_amount": "0",
            "movement": "6",
            "natural_armor": false,
            "name": "Sartarian Warrior (Orlanth Acolyte)",
            "cult_rank": 0,
            "generated": 239,
            "race": 1,
            "mysticism_spell_amount": "0",
            "ruleset": 1,
            "published": true,
            "owner": 15,
            "spirit_amount": "0",
            "weapon_filter": null,
            "theism_spell_amount": "D2+2"
        }
    },
    {
        "pk": 38,
        "model": "enemygen.enemytemplate",
        "fields": {
            "namelist": null,
            "rank": 3,
            "used": 180,
            "cult_amount": null,
            "folk_spell_amount": "D3+1",
            "notes": "",
            "sorcery_spell_amount": "0",
            "movement": "6",
            "natural_armor": false,
            "name": "Nomad Warrior (Stormbull Initiate)",
            "cult_rank": 0,
            "generated": 221,
            "race": 1,
            "mysticism_spell_amount": "0",
            "ruleset": 1,
            "published": true,
            "owner": 15,
            "spirit_amount": "0",
            "weapon_filter": null,
            "theism_spell_amount": "D2-1"
        }
    },
    {
        "pk": 39,
        "model": "enemygen.enemytemplate",
        "fields": {
            "namelist": null,
            "rank": 3,
            "used": 184,
            "cult_amount": null,
            "folk_spell_amount": "D2",
            "notes": "",
            "sorcery_spell_amount": "0",
            "movement": "12",
            "natural_armor": false,
            "name": "Centaur Warrior",
            "cult_rank": 0,
            "generated": 107,
            "race": 2,
            "mysticism_spell_amount": "0",
            "ruleset": 1,
            "published": true,
            "owner": 15,
            "spirit_amount": "0",
            "weapon_filter": null,
            "theism_spell_amount": "0"
        }
    },
    {
        "pk": 40,
        "model": "enemygen.enemytemplate",
        "fields": {
            "namelist": null,
            "rank": 4,
            "used": 215,
            "cult_amount": null,
            "folk_spell_amount": "D4",
            "notes": "",
            "sorcery_spell_amount": "0",
            "movement": "8",
            "natural_armor": true,
            "name": "Broo Berserker",
            "cult_rank": 0,
            "generated": 203,
            "race": 5,
            "mysticism_spell_amount": "0",
            "ruleset": 1,
            "published": true,
            "owner": 15,
            "spirit_amount": "0",
            "weapon_filter": null,
            "theism_spell_amount": "1"
        }
    },
    {
        "pk": 41,
        "model": "enemygen.enemytemplate",
        "fields": {
            "namelist": null,
            "rank": 3,
            "used": 109,
            "cult_amount": null,
            "folk_spell_amount": "0",
            "notes": "",
            "sorcery_spell_amount": "0",
            "movement": "4",
            "natural_armor": false,
            "name": "Dwarf Berserker",
            "cult_rank": 0,
            "generated": 84,
            "race": 3,
            "mysticism_spell_amount": "0",
            "ruleset": 1,
            "published": true,
            "owner": 15,
            "spirit_amount": "0",
            "weapon_filter": null,
            "theism_spell_amount": "1"
        }
    },
    {
        "pk": 42,
        "model": "enemygen.enemytemplate",
        "fields": {
            "namelist": null,
            "rank": 1,
            "used": 140,
            "cult_amount": null,
            "folk_spell_amount": "0",
            "notes": "",
            "sorcery_spell_amount": "0",
            "movement": "6m",
            "natural_armor": false,
            "name": "Kobold warrior",
            "cult_rank": 0,
            "generated": 229,
            "race": 1,
            "mysticism_spell_amount": "0",
            "ruleset": 1,
            "published": true,
            "owner": 15,
            "spirit_amount": "0",
            "weapon_filter": null,
            "theism_spell_amount": "0"
        }
    },
    {
        "pk": 52,
        "model": "enemygen.enemytemplate",
        "fields": {
            "namelist": null,
            "rank": 2,
            "used": 252,
            "cult_amount": null,
            "folk_spell_amount": "1D4",
            "notes": "",
            "sorcery_spell_amount": "0",
            "movement": "6",
            "natural_armor": false,
            "name": "Dark Troll Warrior (Zorak Zoran Initiate)",
            "cult_rank": 2,
            "generated": 226,
            "race": 7,
            "mysticism_spell_amount": "0",
            "ruleset": 1,
            "published": true,
            "owner": 15,
            "spirit_amount": "0",
            "weapon_filter": null,
            "theism_spell_amount": "1D3-1"
        }
    },
    {
        "pk": 53,
        "model": "enemygen.enemytemplate",
        "fields": {
            "namelist": null,
            "rank": 3,
            "used": 208,
            "cult_amount": null,
            "folk_spell_amount": "1D3+1",
            "notes": "",
            "sorcery_spell_amount": "0",
            "movement": "6",
            "natural_armor": false,
            "name": "Dark Troll Warrior (Zorak Zoran Acolyte)",
            "cult_rank": 3,
            "generated": 114,
            "race": 7,
            "mysticism_spell_amount": "0",
            "ruleset": 1,
            "published": true,
            "owner": 15,
            "spirit_amount": "0",
            "weapon_filter": null,
            "theism_spell_amount": "1D3+1"
        }
    },
    {
        "pk": 55,
        "model": "enemygen.enemytemplate",
        "fields": {
            "namelist": null,
            "rank": 1,
            "used": 303,
            "cult_amount": null,
            "folk_spell_amount": "1D3-1",
            "notes": "",
            "sorcery_spell_amount": "0",
            "movement": "6",
            "natural_armor": false,
            "name": "Trollkin Warrior",
            "cult_rank": 0,
            "generated": 457,
            "race": 6,
            "mysticism_spell_amount": "0",
            "ruleset": 1,
            "published": true,
            "owner": 15,
            "spirit_amount": "0",
            "weapon_filter": null,
            "theism_spell_amount": "0"
        }
    },
    {
        "pk": 59,
        "model": "enemygen.enemytemplate",
        "fields": {
            "namelist": null,
            "rank": 3,
            "used": 176,
            "cult_amount": null,
            "folk_spell_amount": "5",
            "notes": "",
            "sorcery_spell_amount": "0",
            "movement": "6",
            "natural_armor": false,
            "name": "Pairing Stone Thug",
            "cult_rank": 0,
            "generated": 62,
            "race": 1,
            "mysticism_spell_amount": "0",
            "ruleset": 1,
            "published": true,
            "owner": 11,
            "spirit_amount": "0",
            "weapon_filter": null,
            "theism_spell_amount": "0"
        }
    },
    {
        "pk": 83,
        "model": "enemygen.enemytemplate",
        "fields": {
            "namelist": null,
            "rank": 2,
            "used": 19,
            "cult_amount": null,
            "folk_spell_amount": "4",
            "notes": "",
            "sorcery_spell_amount": "8",
            "movement": "6",
            "natural_armor": false,
            "name": "Blood Elf Warlock",
            "cult_rank": 0,
            "generated": 3,
            "race": 4,
            "mysticism_spell_amount": "0",
            "ruleset": 1,
            "published": false,
            "owner": 16,
            "spirit_amount": "0",
            "weapon_filter": null,
            "theism_spell_amount": "0"
        }
    },
    {
        "pk": 87,
        "model": "enemygen.enemytemplate",
        "fields": {
            "namelist": null,
            "rank": 4,
            "used": 21,
            "cult_amount": null,
            "folk_spell_amount": "1d3",
            "notes": "Up to 1/3 POW in devotional pool. Indoril Armour.",
            "sorcery_spell_amount": "0",
            "movement": "6",
            "natural_armor": false,
            "name": "Ordinator",
            "cult_rank": 0,
            "generated": 18,
            "race": 4,
            "mysticism_spell_amount": "0",
            "ruleset": 1,
            "published": false,
            "owner": 5,
            "spirit_amount": "0",
            "weapon_filter": null,
            "theism_spell_amount": "1d3"
        }
    },
    {
        "pk": 89,
        "model": "enemygen.enemytemplate",
        "fields": {
            "namelist": null,
            "rank": 2,
            "used": 79,
            "cult_amount": null,
            "folk_spell_amount": "4",
            "notes": "",
            "sorcery_spell_amount": "3",
            "movement": "6",
            "natural_armor": false,
            "name": "Lunar soldier",
            "cult_rank": 0,
            "generated": 50,
            "race": 1,
            "mysticism_spell_amount": "0",
            "ruleset": 1,
            "published": false,
            "owner": 14,
            "spirit_amount": "0",
            "weapon_filter": null,
            "theism_spell_amount": "2"
        }
    },
    {
        "pk": 90,
        "model": "enemygen.enemytemplate",
        "fields": {
            "namelist": null,
            "rank": 4,
            "used": 79,
            "cult_amount": null,
            "folk_spell_amount": "3",
            "notes": "",
            "sorcery_spell_amount": "0",
            "movement": "6",
            "natural_armor": false,
            "name": "Lunar officer",
            "cult_rank": 0,
            "generated": 12,
            "race": 1,
            "mysticism_spell_amount": "0",
            "ruleset": 1,
            "published": false,
            "owner": 14,
            "spirit_amount": "0",
            "weapon_filter": null,
            "theism_spell_amount": "4"
        }
    },
    {
        "pk": 100,
        "model": "enemygen.enemytemplate",
        "fields": {
            "namelist": null,
            "rank": 3,
            "used": 103,
            "cult_amount": null,
            "folk_spell_amount": "0",
            "notes": "",
            "sorcery_spell_amount": "0",
            "movement": "6",
            "natural_armor": false,
            "name": "Thulean Hoplon, green",
            "cult_rank": 0,
            "generated": 31,
            "race": 1,
            "mysticism_spell_amount": "0",
            "ruleset": 1,
            "published": true,
            "owner": 18,
            "spirit_amount": "0",
            "weapon_filter": null,
            "theism_spell_amount": "0"
        }
    },
    {
        "pk": 1,
        "model": "enemygen.party",
        "fields": {
            "owner": 15,
            "notes": "",
            "name": "Troll war party",
            "published": true
        }
    },
    {
        "pk": 2,
        "model": "enemygen.party",
        "fields": {
            "owner": 15,
            "notes": "party notes",
            "name": "Elf war party",
            "published": true
        }
    },
    {
        "pk": 3,
        "model": "enemygen.party",
        "fields": {
            "owner": 26,
            "notes": null,
            "name": "Gnydron Encounter in the Deeps",
            "published": true
        }
    },
    {
        "pk": 4,
        "model": "enemygen.party",
        "fields": {
            "owner": 26,
            "notes": null,
            "name": "Primitive Islander Warparty",
            "published": true
        }
    },
    {
        "pk": 5,
        "model": "enemygen.party",
        "fields": {
            "owner": 26,
            "notes": null,
            "name": "Sailing Ship Crew",
            "published": true
        }
    },
    {
        "pk": 1,
        "model": "enemygen.templatetoparty",
        "fields": {
            "party": 1,
            "amount": "1",
            "template": 53
        }
    },
    {
        "pk": 2,
        "model": "enemygen.templatetoparty",
        "fields": {
            "party": 1,
            "amount": "d3",
            "template": 52
        }
    },
    {
        "pk": 3,
        "model": "enemygen.templatetoparty",
        "fields": {
            "party": 1,
            "amount": "2d3+2",
            "template": 55
        }
    },
    {
        "pk": 9,
        "model": "enemygen.combatstyle",
        "fields": {
            "name": "Orlanthi warrior",
            "two_h_amount": "0",
            "enemy_template": 37,
            "die_set": "STR+DEX+70",
            "shield_amount": "1",
            "one_h_amount": "1",
            "ranged_amount": "1"
        }
    },
    {
        "pk": 10,
        "model": "enemygen.combatstyle",
        "fields": {
            "name": "Nomad warrior",
            "two_h_amount": "1",
            "enemy_template": 38,
            "die_set": "STR+DEX+40",
            "shield_amount": "1",
            "one_h_amount": "1",
            "ranged_amount": "1"
        }
    },
    {
        "pk": 11,
        "model": "enemygen.combatstyle",
        "fields": {
            "name": "Centaur Rager",
            "two_h_amount": "1",
            "enemy_template": 39,
            "die_set": "STR+DEX+30",
            "shield_amount": "1",
            "one_h_amount": "1",
            "ranged_amount": "1"
        }
    },
    {
        "pk": 12,
        "model": "enemygen.combatstyle",
        "fields": {
            "name": "Broo berserker",
            "two_h_amount": "1",
            "enemy_template": 40,
            "die_set": "STR+DEX+60+D10",
            "shield_amount": "0",
            "one_h_amount": "1",
            "ranged_amount": "0"
        }
    },
    {
        "pk": 13,
        "model": "enemygen.combatstyle",
        "fields": {
            "name": "Dwarf berserker",
            "two_h_amount": "1",
            "enemy_template": 41,
            "die_set": "STR+DEX+30+D20",
            "shield_amount": "0",
            "one_h_amount": "1",
            "ranged_amount": "1"
        }
    },
    {
        "pk": 14,
        "model": "enemygen.combatstyle",
        "fields": {
            "name": "Kobold warrior",
            "two_h_amount": "0",
            "enemy_template": 42,
            "die_set": "STR+DEX+10+D20",
            "shield_amount": "1",
            "one_h_amount": "1",
            "ranged_amount": "1"
        }
    },
    {
        "pk": 24,
        "model": "enemygen.combatstyle",
        "fields": {
            "name": "Raging Uz",
            "two_h_amount": "1",
            "enemy_template": 52,
            "die_set": "STR+DEX+30",
            "shield_amount": "1",
            "one_h_amount": "1",
            "ranged_amount": "1"
        }
    },
    {
        "pk": 25,
        "model": "enemygen.combatstyle",
        "fields": {
            "name": "Raging Uz",
            "two_h_amount": "1",
            "enemy_template": 53,
            "die_set": "STR+DEX+50",
            "shield_amount": "1",
            "one_h_amount": "1",
            "ranged_amount": "1"
        }
    },
    {
        "pk": 27,
        "model": "enemygen.combatstyle",
        "fields": {
            "name": "Primary Combat Style",
            "two_h_amount": "0",
            "enemy_template": 55,
            "die_set": "STR+DEX+20",
            "shield_amount": "1",
            "one_h_amount": "1",
            "ranged_amount": "0"
        }
    },
    {
        "pk": 31,
        "model": "enemygen.combatstyle",
        "fields": {
            "name": "Desert Reaver",
            "two_h_amount": "0",
            "enemy_template": 59,
            "die_set": "STR+DEX+25+15+2D10+10",
            "shield_amount": "1",
            "one_h_amount": "2",
            "ranged_amount": "1"
        }
    },
    {
        "pk": 55,
        "model": "enemygen.combatstyle",
        "fields": {
            "name": "Scholar's (dagger, shortsword,",
            "two_h_amount": "1",
            "enemy_template": 83,
            "die_set": "STR+DEX",
            "shield_amount": "0",
            "one_h_amount": "1",
            "ranged_amount": "0"
        }
    },
    {
        "pk": 59,
        "model": "enemygen.combatstyle",
        "fields": {
            "name": "Temple Ordinator",
            "two_h_amount": "1",
            "enemy_template": 87,
            "die_set": "STR+DEX+45+10",
            "shield_amount": "1",
            "one_h_amount": "2",
            "ranged_amount": "1"
        }
    },
    {
        "pk": 61,
        "model": "enemygen.combatstyle",
        "fields": {
            "name": "Primary Combat Style",
            "two_h_amount": "0",
            "enemy_template": 89,
            "die_set": "STR+DEX+60",
            "shield_amount": "1",
            "one_h_amount": "1",
            "ranged_amount": "1"
        }
    },
    {
        "pk": 62,
        "model": "enemygen.combatstyle",
        "fields": {
            "name": "Primary Combat Style",
            "two_h_amount": "0",
            "enemy_template": 90,
            "die_set": "STR+DEX+50+D6",
            "shield_amount": "1",
            "one_h_amount": "1",
            "ranged_amount": "1"
        }
    },
    {
        "pk": 72,
        "model": "enemygen.combatstyle",
        "fields": {
            "name": "Legion Of Thule",
            "two_h_amount": "0",
            "enemy_template": 100,
            "die_set": "STR+DEX",
            "shield_amount": "1",
            "one_h_amount": "1",
            "ranged_amount": "1"
        }
    },
    {
        "pk": 1,
        "model": "enemygen.enemyweapon",
        "fields": {
            "weapon": 9,
            "probability": 1,
            "combat_style": 27
        }
    },
    {
        "pk": 2,
        "model": "enemygen.enemyweapon",
        "fields": {
            "weapon": 26,
            "probability": 1,
            "combat_style": 27
        }
    },
    {
        "pk": 9,
        "model": "enemygen.enemyweapon",
        "fields": {
            "weapon": 9,
            "probability": 1,
            "combat_style": 24
        }
    },
    {
        "pk": 11,
        "model": "enemygen.enemyweapon",
        "fields": {
            "weapon": 51,
            "probability": 1,
            "combat_style": 24
        }
    },
    {
        "pk": 12,
        "model": "enemygen.enemyweapon",
        "fields": {
            "weapon": 45,
            "probability": 1,
            "combat_style": 24
        }
    },
    {
        "pk": 13,
        "model": "enemygen.enemyweapon",
        "fields": {
            "weapon": 27,
            "probability": 1,
            "combat_style": 24
        }
    },
    {
        "pk": 14,
        "model": "enemygen.enemyweapon",
        "fields": {
            "weapon": 32,
            "probability": 1,
            "combat_style": 24
        }
    },
    {
        "pk": 28,
        "model": "enemygen.enemyweapon",
        "fields": {
            "weapon": 23,
            "probability": 1,
            "combat_style": 10
        }
    },
    {
        "pk": 29,
        "model": "enemygen.enemyweapon",
        "fields": {
            "weapon": 55,
            "probability": 1,
            "combat_style": 10
        }
    },
    {
        "pk": 30,
        "model": "enemygen.enemyweapon",
        "fields": {
            "weapon": 43,
            "probability": 1,
            "combat_style": 10
        }
    },
    {
        "pk": 31,
        "model": "enemygen.enemyweapon",
        "fields": {
            "weapon": 44,
            "probability": 1,
            "combat_style": 10
        }
    },
    {
        "pk": 32,
        "model": "enemygen.enemyweapon",
        "fields": {
            "weapon": 45,
            "probability": 1,
            "combat_style": 10
        }
    },
    {
        "pk": 33,
        "model": "enemygen.enemyweapon",
        "fields": {
            "weapon": 32,
            "probability": 1,
            "combat_style": 10
        }
    },
    {
        "pk": 34,
        "model": "enemygen.enemyweapon",
        "fields": {
            "weapon": 7,
            "probability": 1,
            "combat_style": 11
        }
    },
    {
        "pk": 35,
        "model": "enemygen.enemyweapon",
        "fields": {
            "weapon": 8,
            "probability": 1,
            "combat_style": 11
        }
    },
    {
        "pk": 36,
        "model": "enemygen.enemyweapon",
        "fields": {
            "weapon": 15,
            "probability": 1,
            "combat_style": 11
        }
    },
    {
        "pk": 37,
        "model": "enemygen.enemyweapon",
        "fields": {
            "weapon": 5,
            "probability": 1,
            "combat_style": 11
        }
    },
    {
        "pk": 38,
        "model": "enemygen.enemyweapon",
        "fields": {
            "weapon": 3,
            "probability": 1,
            "combat_style": 11
        }
    },
    {
        "pk": 39,
        "model": "enemygen.enemyweapon",
        "fields": {
            "weapon": 27,
            "probability": 1,
            "combat_style": 11
        }
    },
    {
        "pk": 40,
        "model": "enemygen.enemyweapon",
        "fields": {
            "weapon": 28,
            "probability": 1,
            "combat_style": 11
        }
    },
    {
        "pk": 41,
        "model": "enemygen.enemyweapon",
        "fields": {
            "weapon": 32,
            "probability": 1,
            "combat_style": 11
        }
    },
    {
        "pk": 42,
        "model": "enemygen.enemyweapon",
        "fields": {
            "weapon": 9,
            "probability": 1,
            "combat_style": 25
        }
    },
    {
        "pk": 43,
        "model": "enemygen.enemyweapon",
        "fields": {
            "weapon": 16,
            "probability": 1,
            "combat_style": 25
        }
    },
    {
        "pk": 44,
        "model": "enemygen.enemyweapon",
        "fields": {
            "weapon": 52,
            "probability": 1,
            "combat_style": 25
        }
    },
    {
        "pk": 45,
        "model": "enemygen.enemyweapon",
        "fields": {
            "weapon": 46,
            "probability": 1,
            "combat_style": 25
        }
    },
    {
        "pk": 46,
        "model": "enemygen.enemyweapon",
        "fields": {
            "weapon": 28,
            "probability": 1,
            "combat_style": 25
        }
    },
    {
        "pk": 47,
        "model": "enemygen.enemyweapon",
        "fields": {
            "weapon": 32,
            "probability": 1,
            "combat_style": 25
        }
    },
    {
        "pk": 53,
        "model": "enemygen.enemyweapon",
        "fields": {
            "weapon": 23,
            "probability": 1,
            "combat_style": 31
        }
    },
    {
        "pk": 54,
        "model": "enemygen.enemyweapon",
        "fields": {
            "weapon": 22,
            "probability": 1,
            "combat_style": 31
        }
    },
    {
        "pk": 55,
        "model": "enemygen.enemyweapon",
        "fields": {
            "weapon": 45,
            "probability": 1,
            "combat_style": 31
        }
    },
    {
        "pk": 56,
        "model": "enemygen.enemyweapon",
        "fields": {
            "weapon": 27,
            "probability": 1,
            "combat_style": 31
        }
    },
    {
        "pk": 57,
        "model": "enemygen.enemyweapon",
        "fields": {
            "weapon": 5,
            "probability": 1,
            "combat_style": 12
        }
    },
    {
        "pk": 58,
        "model": "enemygen.enemyweapon",
        "fields": {
            "weapon": 52,
            "probability": 1,
            "combat_style": 12
        }
    },
    {
        "pk": 59,
        "model": "enemygen.enemyweapon",
        "fields": {
            "weapon": 53,
            "probability": 1,
            "combat_style": 12
        }
    },
    {
        "pk": 60,
        "model": "enemygen.enemyweapon",
        "fields": {
            "weapon": 7,
            "probability": 1,
            "combat_style": 9
        }
    },
    {
        "pk": 61,
        "model": "enemygen.enemyweapon",
        "fields": {
            "weapon": 8,
            "probability": 1,
            "combat_style": 9
        }
    },
    {
        "pk": 62,
        "model": "enemygen.enemyweapon",
        "fields": {
            "weapon": 15,
            "probability": 1,
            "combat_style": 9
        }
    },
    {
        "pk": 63,
        "model": "enemygen.enemyweapon",
        "fields": {
            "weapon": 42,
            "probability": 1,
            "combat_style": 9
        }
    },
    {
        "pk": 64,
        "model": "enemygen.enemyweapon",
        "fields": {
            "weapon": 27,
            "probability": 1,
            "combat_style": 9
        }
    },
    {
        "pk": 65,
        "model": "enemygen.enemyweapon",
        "fields": {
            "weapon": 32,
            "probability": 1,
            "combat_style": 9
        }
    },
    {
        "pk": 79,
        "model": "enemygen.enemyweapon",
        "fields": {
            "weapon": 10,
            "probability": 1,
            "combat_style": 61
        }
    },
    {
        "pk": 80,
        "model": "enemygen.enemyweapon",
        "fields": {
            "weapon": 45,
            "probability": 1,
            "combat_style": 61
        }
    },
    {
        "pk": 81,
        "model": "enemygen.enemyweapon",
        "fields": {
            "weapon": 30,
            "probability": 1,
            "combat_style": 61
        }
    },
    {
        "pk": 82,
        "model": "enemygen.enemyweapon",
        "fields": {
            "weapon": 22,
            "probability": 1,
            "combat_style": 61
        }
    },
    {
        "pk": 83,
        "model": "enemygen.enemyweapon",
        "fields": {
            "weapon": 23,
            "probability": 1,
            "combat_style": 61
        }
    },
    {
        "pk": 84,
        "model": "enemygen.enemyweapon",
        "fields": {
            "weapon": 15,
            "probability": 1,
            "combat_style": 62
        }
    },
    {
        "pk": 85,
        "model": "enemygen.enemyweapon",
        "fields": {
            "weapon": 22,
            "probability": 1,
            "combat_style": 62
        }
    },
    {
        "pk": 86,
        "model": "enemygen.enemyweapon",
        "fields": {
            "weapon": 43,
            "probability": 1,
            "combat_style": 62
        }
    },
    {
        "pk": 87,
        "model": "enemygen.enemyweapon",
        "fields": {
            "weapon": 29,
            "probability": 1,
            "combat_style": 62
        }
    },
    {
        "pk": 91,
        "model": "enemygen.enemyweapon",
        "fields": {
            "weapon": 9,
            "probability": 1,
            "combat_style": 14
        }
    },
    {
        "pk": 92,
        "model": "enemygen.enemyweapon",
        "fields": {
            "weapon": 11,
            "probability": 1,
            "combat_style": 14
        }
    },
    {
        "pk": 93,
        "model": "enemygen.enemyweapon",
        "fields": {
            "weapon": 14,
            "probability": 1,
            "combat_style": 14
        }
    },
    {
        "pk": 94,
        "model": "enemygen.enemyweapon",
        "fields": {
            "weapon": 16,
            "probability": 1,
            "combat_style": 14
        }
    },
    {
        "pk": 95,
        "model": "enemygen.enemyweapon",
        "fields": {
            "weapon": 37,
            "probability": 1,
            "combat_style": 14
        }
    },
    {
        "pk": 96,
        "model": "enemygen.enemyweapon",
        "fields": {
            "weapon": 45,
            "probability": 1,
            "combat_style": 14
        }
    },
    {
        "pk": 97,
        "model": "enemygen.enemyweapon",
        "fields": {
            "weapon": 47,
            "probability": 1,
            "combat_style": 14
        }
    },
    {
        "pk": 98,
        "model": "enemygen.enemyweapon",
        "fields": {
            "weapon": 26,
            "probability": 1,
            "combat_style": 14
        }
    },
    {
        "pk": 135,
        "model": "enemygen.enemyweapon",
        "fields": {
            "weapon": 5,
            "probability": 1,
            "combat_style": 13
        }
    },
    {
        "pk": 136,
        "model": "enemygen.enemyweapon",
        "fields": {
            "weapon": 1,
            "probability": 1,
            "combat_style": 13
        }
    },
    {
        "pk": 137,
        "model": "enemygen.enemyweapon",
        "fields": {
            "weapon": 23,
            "probability": 1,
            "combat_style": 72
        }
    },
    {
        "pk": 138,
        "model": "enemygen.enemyweapon",
        "fields": {
            "weapon": 24,
            "probability": 1,
            "combat_style": 72
        }
    },
    {
        "pk": 139,
        "model": "enemygen.enemyweapon",
        "fields": {
            "weapon": 44,
            "probability": 1,
            "combat_style": 72
        }
    },
    {
        "pk": 140,
        "model": "enemygen.enemyweapon",
        "fields": {
            "weapon": 28,
            "probability": 1,
            "combat_style": 72
        }
    },
    {
        "pk": 188,
        "model": "enemygen.enemyweapon",
        "fields": {
            "weapon": 16,
            "probability": 1,
            "combat_style": 59
        }
    },
    {
        "pk": 190,
        "model": "enemygen.enemyweapon",
        "fields": {
            "weapon": 2,
            "probability": 1,
            "combat_style": 59
        }
    },
    {
        "pk": 191,
        "model": "enemygen.enemyweapon",
        "fields": {
            "weapon": 29,
            "probability": 1,
            "combat_style": 59
        }
    },
    {
        "pk": 192,
        "model": "enemygen.enemyweapon",
        "fields": {
            "weapon": 10,
            "probability": 1,
            "combat_style": 55
        }
    },
    {
        "pk": 193,
        "model": "enemygen.enemyweapon",
        "fields": {
            "weapon": 24,
            "probability": 1,
            "combat_style": 55
        }
    },
    {
        "pk": 194,
        "model": "enemygen.enemyweapon",
        "fields": {
            "weapon": 58,
            "probability": 1,
            "combat_style": 55
        }
    },
    {
        "pk": 312,
        "model": "enemygen.enemyweapon",
        "fields": {
            "weapon": 14,
            "probability": 1,
            "combat_style": 13
        }
    },
    {
        "pk": 313,
        "model": "enemygen.enemyweapon",
        "fields": {
            "weapon": 10,
            "probability": 1,
            "combat_style": 13
        }
    },
    {
        "pk": 314,
        "model": "enemygen.enemyweapon",
        "fields": {
            "weapon": 4,
            "probability": 2,
            "combat_style": 13
        }
    },
    {
        "pk": 315,
        "model": "enemygen.enemyweapon",
        "fields": {
            "weapon": 2,
            "probability": 1,
            "combat_style": 13
        }
    },
    {
        "pk": 705,
        "model": "enemygen.enemyweapon",
        "fields": {
            "weapon": 43,
            "probability": 1,
            "combat_style": 61
        }
    },
    {
        "pk": 706,
        "model": "enemygen.enemyweapon",
        "fields": {
            "weapon": 28,
            "probability": 1,
            "combat_style": 61
        }
    },
    {
        "pk": 899,
        "model": "enemygen.enemyweapon",
        "fields": {
            "weapon": 54,
            "probability": 1,
            "combat_style": 59
        }
    },
    {
        "pk": 900,
        "model": "enemygen.enemyweapon",
        "fields": {
            "weapon": 36,
            "probability": 1,
            "combat_style": 59
        }
    },
    {
        "pk": 901,
        "model": "enemygen.enemyweapon",
        "fields": {
            "weapon": 10,
            "probability": 1,
            "combat_style": 59
        }
    },
    {
        "pk": 2343,
        "model": "enemygen.enemyweapon",
        "fields": {
            "weapon": 50,
            "probability": 1,
            "combat_style": 59
        }
    },
    {
        "pk": 10,
        "model": "enemygen.customweapon",
        "fields": {
            "damage_modifier": true,
            "name": "Custom weapon",
            "probability": 1,
            "natural_weapon": false,
            "special_effects": "",
            "hp": 0,
            "reach": "M",
            "damage": "0",
            "ap": 0,
            "combat_style": 9,
            "range": "-",
            "type": "1h-melee",
            "ap_hp_as_per": "",
            "size": "M"
        }
    },
    {
        "pk": 43,
        "model": "enemygen.customweapon",
        "fields": {
            "damage_modifier": true,
            "name": "Dwarf Crossbow",
            "probability": 3,
            "natural_weapon": false,
            "special_effects": "",
            "hp": 6,
            "reach": "-",
            "damage": "2d4+2",
            "ap": 4,
            "combat_style": 13,
            "range": "-",
            "type": "ranged",
            "ap_hp_as_per": "",
            "size": "H"
        }
    },
    {
        "pk": 1574,
        "model": "enemygen.customweapon",
        "fields": {
            "damage_modifier": true,
            "name": "Custom weapon",
            "probability": 1,
            "natural_weapon": true,
            "special_effects": null,
            "hp": 4,
            "reach": "M",
            "damage": "0",
            "ap": 2,
            "combat_style": 12,
            "range": "-",
            "type": "1h-melee",
            "ap_hp_as_per": "vasta",
            "size": "M"
        }
    },
    {
        "pk": 1575,
        "model": "enemygen.customweapon",
        "fields": {
            "damage_modifier": true,
            "name": "Custom weapon",
            "probability": 1,
            "natural_weapon": false,
            "special_effects": null,
            "hp": 0,
            "reach": "M",
            "damage": "0",
            "ap": 0,
            "combat_style": 12,
            "range": "-",
            "type": "1h-melee",
            "ap_hp_as_per": "",
            "size": "M"
        }
    },
    {
        "pk": 1,
        "model": "enemygen.skillabstract",
        "fields": {
            "default_value": "STR+DEX",
            "include": true,
            "magic": false,
            "name": "Athletics",
            "standard": true
        }
    },
    {
        "pk": 2,
        "model": "enemygen.skillabstract",
        "fields": {
            "default_value": "STR+CON",
            "include": false,
            "magic": false,
            "name": "Boating",
            "standard": true
        }
    },
    {
        "pk": 3,
        "model": "enemygen.skillabstract",
        "fields": {
            "default_value": "STR+SIZ",
            "include": true,
            "magic": false,
            "name": "Brawn",
            "standard": true
        }
    },
    {
        "pk": 4,
        "model": "enemygen.skillabstract",
        "fields": {
            "default_value": "CON+CON",
            "include": true,
            "magic": false,
            "name": "Endurance",
            "standard": true
        }
    },
    {
        "pk": 5,
        "model": "enemygen.skillabstract",
        "fields": {
            "default_value": "POW+POW",
            "include": true,
            "magic": false,
            "name": "Willpower",
            "standard": true
        }
    },
    {
        "pk": 6,
        "model": "enemygen.skillabstract",
        "fields": {
            "default_value": "DEX+POW",
            "include": false,
            "magic": false,
            "name": "Conceal",
            "standard": true
        }
    },
    {
        "pk": 7,
        "model": "enemygen.skillabstract",
        "fields": {
            "default_value": "DEX+CHA",
            "include": false,
            "magic": false,
            "name": "Dance",
            "standard": true
        }
    },
    {
        "pk": 8,
        "model": "enemygen.skillabstract",
        "fields": {
            "default_value": "INT+CHA",
            "include": false,
            "magic": false,
            "name": "Deceit",
            "standard": true
        }
    },
    {
        "pk": 9,
        "model": "enemygen.skillabstract",
        "fields": {
            "default_value": "DEX+DEX",
            "include": true,
            "magic": false,
            "name": "Evade",
            "standard": true
        }
    },
    {
        "pk": 10,
        "model": "enemygen.skillabstract",
        "fields": {
            "default_value": "DEX+INT",
            "include": false,
            "magic": false,
            "name": "First Aid",
            "standard": true
        }
    },
    {
        "pk": 11,
        "model": "enemygen.skillabstract",
        "fields": {
            "default_value": "CHA+CHA",
            "include": false,
            "magic": false,
            "name": "Influence",
            "standard": true
        }
    },
    {
        "pk": 12,
        "model": "enemygen.skillabstract",
        "fields": {
            "default_value": "INT+POW",
            "include": false,
            "magic": false,
            "name": "Insight",
            "standard": true
        }
    },
    {
        "pk": 13,
        "model": "enemygen.skillabstract",
        "fields": {
            "default_value": "INT+INT",
            "include": false,
            "magic": false,
            "name": "Locale",
            "standard": true
        }
    },
    {
        "pk": 14,
        "model": "enemygen.skillabstract",
        "fields": {
            "default_value": "INT+POW",
            "include": true,
            "magic": false,
            "name": "Perception",
            "standard": true
        }
    },
    {
        "pk": 15,
        "model": "enemygen.skillabstract",
        "fields": {
            "default_value": "DEX+POW",
            "include": false,
            "magic": false,
            "name": "Ride",
            "standard": true
        }
    },
    {
        "pk": 16,
        "model": "enemygen.skillabstract",
        "fields": {
            "default_value": "CHA+POW",
            "include": false,
            "magic": false,
            "name": "Sing",
            "standard": true
        }
    },
    {
        "pk": 17,
        "model": "enemygen.skillabstract",
        "fields": {
            "default_value": "DEX+INT",
            "include": false,
            "magic": false,
            "name": "Stealth",
            "standard": true
        }
    },
    {
        "pk": 18,
        "model": "enemygen.skillabstract",
        "fields": {
            "default_value": "STR+CON",
            "include": false,
            "magic": false,
            "name": "Swim",
            "standard": true
        }
    },
    {
        "pk": 19,
        "model": "enemygen.skillabstract",
        "fields": {
            "default_value": "STR+DEX",
            "include": true,
            "magic": false,
            "name": "Unarmed",
            "standard": true
        }
    },
    {
        "pk": 20,
        "model": "enemygen.skillabstract",
        "fields": {
            "default_value": "POW+CHA",
            "include": false,
            "magic": true,
            "name": "Folk Magic",
            "standard": false
        }
    },
    {
        "pk": 21,
        "model": "enemygen.skillabstract",
        "fields": {
            "default_value": "INT+CHA",
            "include": false,
            "magic": true,
            "name": "Exhort",
            "standard": false
        }
    },
    {
        "pk": 22,
        "model": "enemygen.skillabstract",
        "fields": {
            "default_value": "POW+CHA",
            "include": false,
            "magic": true,
            "name": "Devotion",
            "standard": false
        }
    },
    {
        "pk": 23,
        "model": "enemygen.skillabstract",
        "fields": {
            "default_value": "INT+CHA",
            "include": false,
            "magic": true,
            "name": "Invocation",
            "standard": false
        }
    },
    {
        "pk": 24,
        "model": "enemygen.skillabstract",
        "fields": {
            "default_value": "INT+POW",
            "include": false,
            "magic": true,
            "name": "Shaping",
            "standard": false
        }
    },
    {
        "pk": 25,
        "model": "enemygen.skillabstract",
        "fields": {
            "default_value": "POW+CHA+50",
            "include": true,
            "magic": false,
            "name": "Spectral combat",
            "standard": true
        }
    },
    {
        "pk": 26,
        "model": "enemygen.skillabstract",
        "fields": {
            "default_value": "POW+INT+50",
            "include": false,
            "magic": false,
            "name": "Discorporate",
            "standard": true
        }
    },
    {
        "pk": 27,
        "model": "enemygen.skillabstract",
        "fields": {
            "default_value": "POW+CHA",
            "include": false,
            "magic": true,
            "name": "Binding",
            "standard": false
        }
    },
    {
        "pk": 28,
        "model": "enemygen.skillabstract",
        "fields": {
            "default_value": "POW+CON",
            "include": false,
            "magic": true,
            "name": "Trance",
            "standard": false
        }
    },
    {
        "pk": 29,
        "model": "enemygen.skillabstract",
        "fields": {
            "default_value": "INT+CON",
            "include": false,
            "magic": true,
            "name": "Meditation",
            "standard": false
        }
    },
    {
        "pk": 30,
        "model": "enemygen.skillabstract",
        "fields": {
            "default_value": "POW+CON",
            "include": false,
            "magic": true,
            "name": "Mysticism",
            "standard": false
        }
    },
    {
        "pk": 32,
        "model": "enemygen.skillabstract",
        "fields": {
            "default_value": "CHA+CHA",
            "include": false,
            "magic": false,
            "name": "Acting",
            "standard": false
        }
    },
    {
        "pk": 33,
        "model": "enemygen.skillabstract",
        "fields": {
            "default_value": "STR+DEX",
            "include": false,
            "magic": false,
            "name": "Acrobatics",
            "standard": false
        }
    },
    {
        "pk": 34,
        "model": "enemygen.skillabstract",
        "fields": {
            "default_value": "POW+CHA",
            "include": false,
            "magic": false,
            "name": "Art",
            "standard": false
        }
    },
    {
        "pk": 35,
        "model": "enemygen.skillabstract",
        "fields": {
            "default_value": "INT+INT",
            "include": false,
            "magic": false,
            "name": "Bureaucracy",
            "standard": false
        }
    },
    {
        "pk": 36,
        "model": "enemygen.skillabstract",
        "fields": {
            "default_value": "INT+CHA",
            "include": false,
            "magic": false,
            "name": "Commerce",
            "standard": false
        }
    },
    {
        "pk": 37,
        "model": "enemygen.skillabstract",
        "fields": {
            "default_value": "INT+CHA",
            "include": false,
            "magic": false,
            "name": "Courtecy",
            "standard": false
        }
    },
    {
        "pk": 38,
        "model": "enemygen.skillabstract",
        "fields": {
            "default_value": "INT+CHA",
            "include": false,
            "magic": false,
            "name": "Disguise",
            "standard": false
        }
    },
    {
        "pk": 39,
        "model": "enemygen.skillabstract",
        "fields": {
            "default_value": "INT+INT",
            "include": false,
            "magic": false,
            "name": "Engineering",
            "standard": false
        }
    },
    {
        "pk": 40,
        "model": "enemygen.skillabstract",
        "fields": {
            "default_value": "INT+POW",
            "include": false,
            "magic": false,
            "name": "Gambling",
            "standard": false
        }
    },
    {
        "pk": 41,
        "model": "enemygen.skillabstract",
        "fields": {
            "default_value": "INT+POW",
            "include": false,
            "magic": false,
            "name": "Healing",
            "standard": false
        }
    },
    {
        "pk": 42,
        "model": "enemygen.skillabstract",
        "fields": {
            "default_value": "DEX+DEX",
            "include": false,
            "magic": false,
            "name": "Lockpicking",
            "standard": false
        }
    },
    {
        "pk": 43,
        "model": "enemygen.skillabstract",
        "fields": {
            "default_value": "DEX+INT",
            "include": false,
            "magic": false,
            "name": "Mechanisms",
            "standard": false
        }
    },
    {
        "pk": 44,
        "model": "enemygen.skillabstract",
        "fields": {
            "default_value": "INT+POW",
            "include": false,
            "magic": false,
            "name": "Navigation",
            "standard": false
        }
    },
    {
        "pk": 45,
        "model": "enemygen.skillabstract",
        "fields": {
            "default_value": "POW+CHA",
            "include": false,
            "magic": false,
            "name": "Oratory",
            "standard": false
        }
    },
    {
        "pk": 46,
        "model": "enemygen.skillabstract",
        "fields": {
            "default_value": "INT+CON",
            "include": false,
            "magic": false,
            "name": "Seamanship",
            "standard": false
        }
    },
    {
        "pk": 47,
        "model": "enemygen.skillabstract",
        "fields": {
            "default_value": "INT+CHA",
            "include": false,
            "magic": false,
            "name": "Seduction",
            "standard": false
        }
    },
    {
        "pk": 48,
        "model": "enemygen.skillabstract",
        "fields": {
            "default_value": "DEX+CHA",
            "include": false,
            "magic": false,
            "name": "Sleight",
            "standard": false
        }
    },
    {
        "pk": 49,
        "model": "enemygen.skillabstract",
        "fields": {
            "default_value": "POW+CHA",
            "include": false,
            "magic": false,
            "name": "Streetwise",
            "standard": false
        }
    },
    {
        "pk": 50,
        "model": "enemygen.skillabstract",
        "fields": {
            "default_value": "CON+POW",
            "include": false,
            "magic": false,
            "name": "Survival",
            "standard": false
        }
    },
    {
        "pk": 51,
        "model": "enemygen.skillabstract",
        "fields": {
            "default_value": "INT+CHA",
            "include": false,
            "magic": false,
            "name": "Teach",
            "standard": false
        }
    },
    {
        "pk": 52,
        "model": "enemygen.skillabstract",
        "fields": {
            "default_value": "INT+CON",
            "include": false,
            "magic": false,
            "name": "Track",
            "standard": false
        }
    },
    {
        "pk": 320,
        "model": "enemygen.enemyskill",
        "fields": {
            "include": true,
            "skill": 1,
            "enemy_template": 37,
            "die_set": "STR+DEX+60"
        }
    },
    {
        "pk": 321,
        "model": "enemygen.enemyskill",
        "fields": {
            "include": false,
            "skill": 2,
            "enemy_template": 37,
            "die_set": "STR+CON"
        }
    },
    {
        "pk": 322,
        "model": "enemygen.enemyskill",
        "fields": {
            "include": true,
            "skill": 3,
            "enemy_template": 37,
            "die_set": "STR+SIZ+40"
        }
    },
    {
        "pk": 323,
        "model": "enemygen.enemyskill",
        "fields": {
            "include": false,
            "skill": 6,
            "enemy_template": 37,
            "die_set": "DEX+POW"
        }
    },
    {
        "pk": 324,
        "model": "enemygen.enemyskill",
        "fields": {
            "include": false,
            "skill": 7,
            "enemy_template": 37,
            "die_set": "DEX+CHA"
        }
    },
    {
        "pk": 325,
        "model": "enemygen.enemyskill",
        "fields": {
            "include": false,
            "skill": 8,
            "enemy_template": 37,
            "die_set": "INT+CHA"
        }
    },
    {
        "pk": 326,
        "model": "enemygen.enemyskill",
        "fields": {
            "include": true,
            "skill": 22,
            "enemy_template": 37,
            "die_set": "POW+CHA+40"
        }
    },
    {
        "pk": 327,
        "model": "enemygen.enemyskill",
        "fields": {
            "include": true,
            "skill": 4,
            "enemy_template": 37,
            "die_set": "CON+CON+CON+CON+CON+CON"
        }
    },
    {
        "pk": 328,
        "model": "enemygen.enemyskill",
        "fields": {
            "include": true,
            "skill": 9,
            "enemy_template": 37,
            "die_set": "DEX+DEX"
        }
    },
    {
        "pk": 329,
        "model": "enemygen.enemyskill",
        "fields": {
            "include": true,
            "skill": 21,
            "enemy_template": 37,
            "die_set": "INT+CHA+40"
        }
    },
    {
        "pk": 330,
        "model": "enemygen.enemyskill",
        "fields": {
            "include": false,
            "skill": 10,
            "enemy_template": 37,
            "die_set": "DEX+INT"
        }
    },
    {
        "pk": 331,
        "model": "enemygen.enemyskill",
        "fields": {
            "include": true,
            "skill": 20,
            "enemy_template": 37,
            "die_set": "POW+CHA+40"
        }
    },
    {
        "pk": 332,
        "model": "enemygen.enemyskill",
        "fields": {
            "include": false,
            "skill": 11,
            "enemy_template": 37,
            "die_set": "CHA+CHA"
        }
    },
    {
        "pk": 333,
        "model": "enemygen.enemyskill",
        "fields": {
            "include": false,
            "skill": 12,
            "enemy_template": 37,
            "die_set": "INT+POW"
        }
    },
    {
        "pk": 334,
        "model": "enemygen.enemyskill",
        "fields": {
            "include": false,
            "skill": 23,
            "enemy_template": 37,
            "die_set": "INT+CHA"
        }
    },
    {
        "pk": 335,
        "model": "enemygen.enemyskill",
        "fields": {
            "include": false,
            "skill": 13,
            "enemy_template": 37,
            "die_set": "INT+INT"
        }
    },
    {
        "pk": 336,
        "model": "enemygen.enemyskill",
        "fields": {
            "include": true,
            "skill": 14,
            "enemy_template": 37,
            "die_set": "INT+POW+40"
        }
    },
    {
        "pk": 337,
        "model": "enemygen.enemyskill",
        "fields": {
            "include": false,
            "skill": 15,
            "enemy_template": 37,
            "die_set": "DEX+POW"
        }
    },
    {
        "pk": 338,
        "model": "enemygen.enemyskill",
        "fields": {
            "include": false,
            "skill": 24,
            "enemy_template": 37,
            "die_set": "INT+POW"
        }
    },
    {
        "pk": 339,
        "model": "enemygen.enemyskill",
        "fields": {
            "include": false,
            "skill": 16,
            "enemy_template": 37,
            "die_set": "CHA+POW"
        }
    },
    {
        "pk": 340,
        "model": "enemygen.enemyskill",
        "fields": {
            "include": false,
            "skill": 17,
            "enemy_template": 37,
            "die_set": "DEX+INT"
        }
    },
    {
        "pk": 341,
        "model": "enemygen.enemyskill",
        "fields": {
            "include": false,
            "skill": 18,
            "enemy_template": 37,
            "die_set": "STR+CON"
        }
    },
    {
        "pk": 342,
        "model": "enemygen.enemyskill",
        "fields": {
            "include": true,
            "skill": 19,
            "enemy_template": 37,
            "die_set": "STR+DEX+30"
        }
    },
    {
        "pk": 343,
        "model": "enemygen.enemyskill",
        "fields": {
            "include": true,
            "skill": 5,
            "enemy_template": 37,
            "die_set": "POW+POW+POW+POW+POW"
        }
    },
    {
        "pk": 344,
        "model": "enemygen.enemyskill",
        "fields": {
            "include": true,
            "skill": 1,
            "enemy_template": 38,
            "die_set": "STR+DEX+20"
        }
    },
    {
        "pk": 345,
        "model": "enemygen.enemyskill",
        "fields": {
            "include": false,
            "skill": 2,
            "enemy_template": 38,
            "die_set": "STR+CON"
        }
    },
    {
        "pk": 346,
        "model": "enemygen.enemyskill",
        "fields": {
            "include": true,
            "skill": 3,
            "enemy_template": 38,
            "die_set": "STR+SIZ+30"
        }
    },
    {
        "pk": 347,
        "model": "enemygen.enemyskill",
        "fields": {
            "include": false,
            "skill": 6,
            "enemy_template": 38,
            "die_set": "DEX+POW"
        }
    },
    {
        "pk": 348,
        "model": "enemygen.enemyskill",
        "fields": {
            "include": false,
            "skill": 7,
            "enemy_template": 38,
            "die_set": "DEX+CHA"
        }
    },
    {
        "pk": 349,
        "model": "enemygen.enemyskill",
        "fields": {
            "include": false,
            "skill": 8,
            "enemy_template": 38,
            "die_set": "INT+CHA"
        }
    },
    {
        "pk": 350,
        "model": "enemygen.enemyskill",
        "fields": {
            "include": false,
            "skill": 22,
            "enemy_template": 38,
            "die_set": "POW+CHA"
        }
    },
    {
        "pk": 351,
        "model": "enemygen.enemyskill",
        "fields": {
            "include": true,
            "skill": 4,
            "enemy_template": 38,
            "die_set": "CON+CON+30"
        }
    },
    {
        "pk": 352,
        "model": "enemygen.enemyskill",
        "fields": {
            "include": true,
            "skill": 9,
            "enemy_template": 38,
            "die_set": "DEX+DEX+20"
        }
    },
    {
        "pk": 353,
        "model": "enemygen.enemyskill",
        "fields": {
            "include": false,
            "skill": 21,
            "enemy_template": 38,
            "die_set": "INT+CHA"
        }
    },
    {
        "pk": 354,
        "model": "enemygen.enemyskill",
        "fields": {
            "include": false,
            "skill": 10,
            "enemy_template": 38,
            "die_set": "DEX+INT"
        }
    },
    {
        "pk": 355,
        "model": "enemygen.enemyskill",
        "fields": {
            "include": true,
            "skill": 20,
            "enemy_template": 38,
            "die_set": "POW+CHA+30"
        }
    },
    {
        "pk": 356,
        "model": "enemygen.enemyskill",
        "fields": {
            "include": false,
            "skill": 11,
            "enemy_template": 38,
            "die_set": "CHA+CHA"
        }
    },
    {
        "pk": 357,
        "model": "enemygen.enemyskill",
        "fields": {
            "include": false,
            "skill": 12,
            "enemy_template": 38,
            "die_set": "INT+POW"
        }
    },
    {
        "pk": 358,
        "model": "enemygen.enemyskill",
        "fields": {
            "include": false,
            "skill": 23,
            "enemy_template": 38,
            "die_set": "INT+CHA"
        }
    },
    {
        "pk": 359,
        "model": "enemygen.enemyskill",
        "fields": {
            "include": false,
            "skill": 13,
            "enemy_template": 38,
            "die_set": "INT+INT"
        }
    },
    {
        "pk": 360,
        "model": "enemygen.enemyskill",
        "fields": {
            "include": true,
            "skill": 14,
            "enemy_template": 38,
            "die_set": "INT+POW+20"
        }
    },
    {
        "pk": 361,
        "model": "enemygen.enemyskill",
        "fields": {
            "include": true,
            "skill": 15,
            "enemy_template": 38,
            "die_set": "DEX+POW+20"
        }
    },
    {
        "pk": 362,
        "model": "enemygen.enemyskill",
        "fields": {
            "include": false,
            "skill": 24,
            "enemy_template": 38,
            "die_set": "INT+POW"
        }
    },
    {
        "pk": 363,
        "model": "enemygen.enemyskill",
        "fields": {
            "include": false,
            "skill": 16,
            "enemy_template": 38,
            "die_set": "CHA+POW"
        }
    },
    {
        "pk": 364,
        "model": "enemygen.enemyskill",
        "fields": {
            "include": false,
            "skill": 17,
            "enemy_template": 38,
            "die_set": "DEX+INT"
        }
    },
    {
        "pk": 365,
        "model": "enemygen.enemyskill",
        "fields": {
            "include": false,
            "skill": 18,
            "enemy_template": 38,
            "die_set": "STR+CON"
        }
    },
    {
        "pk": 366,
        "model": "enemygen.enemyskill",
        "fields": {
            "include": true,
            "skill": 19,
            "enemy_template": 38,
            "die_set": "STR+DEX+20"
        }
    },
    {
        "pk": 367,
        "model": "enemygen.enemyskill",
        "fields": {
            "include": true,
            "skill": 5,
            "enemy_template": 38,
            "die_set": "POW+POW+20"
        }
    },
    {
        "pk": 368,
        "model": "enemygen.enemyskill",
        "fields": {
            "include": true,
            "skill": 1,
            "enemy_template": 39,
            "die_set": "STR+DEX+20"
        }
    },
    {
        "pk": 369,
        "model": "enemygen.enemyskill",
        "fields": {
            "include": false,
            "skill": 2,
            "enemy_template": 39,
            "die_set": "STR+CON"
        }
    },
    {
        "pk": 370,
        "model": "enemygen.enemyskill",
        "fields": {
            "include": true,
            "skill": 3,
            "enemy_template": 39,
            "die_set": "STR+SIZ+30"
        }
    },
    {
        "pk": 371,
        "model": "enemygen.enemyskill",
        "fields": {
            "include": false,
            "skill": 6,
            "enemy_template": 39,
            "die_set": "DEX+POW"
        }
    },
    {
        "pk": 372,
        "model": "enemygen.enemyskill",
        "fields": {
            "include": false,
            "skill": 7,
            "enemy_template": 39,
            "die_set": "DEX+CHA"
        }
    },
    {
        "pk": 373,
        "model": "enemygen.enemyskill",
        "fields": {
            "include": false,
            "skill": 8,
            "enemy_template": 39,
            "die_set": "INT+CHA"
        }
    },
    {
        "pk": 374,
        "model": "enemygen.enemyskill",
        "fields": {
            "include": false,
            "skill": 22,
            "enemy_template": 39,
            "die_set": "POW+CHA"
        }
    },
    {
        "pk": 375,
        "model": "enemygen.enemyskill",
        "fields": {
            "include": true,
            "skill": 4,
            "enemy_template": 39,
            "die_set": "CON+CON+30"
        }
    },
    {
        "pk": 376,
        "model": "enemygen.enemyskill",
        "fields": {
            "include": true,
            "skill": 9,
            "enemy_template": 39,
            "die_set": "DEX+DEX+10"
        }
    },
    {
        "pk": 377,
        "model": "enemygen.enemyskill",
        "fields": {
            "include": false,
            "skill": 21,
            "enemy_template": 39,
            "die_set": "INT+CHA"
        }
    },
    {
        "pk": 378,
        "model": "enemygen.enemyskill",
        "fields": {
            "include": false,
            "skill": 10,
            "enemy_template": 39,
            "die_set": "DEX+INT"
        }
    },
    {
        "pk": 379,
        "model": "enemygen.enemyskill",
        "fields": {
            "include": true,
            "skill": 20,
            "enemy_template": 39,
            "die_set": "POW+CHA+20"
        }
    },
    {
        "pk": 380,
        "model": "enemygen.enemyskill",
        "fields": {
            "include": false,
            "skill": 11,
            "enemy_template": 39,
            "die_set": "CHA+CHA"
        }
    },
    {
        "pk": 381,
        "model": "enemygen.enemyskill",
        "fields": {
            "include": false,
            "skill": 12,
            "enemy_template": 39,
            "die_set": "INT+POW"
        }
    },
    {
        "pk": 382,
        "model": "enemygen.enemyskill",
        "fields": {
            "include": false,
            "skill": 23,
            "enemy_template": 39,
            "die_set": "INT+CHA"
        }
    },
    {
        "pk": 383,
        "model": "enemygen.enemyskill",
        "fields": {
            "include": false,
            "skill": 13,
            "enemy_template": 39,
            "die_set": "INT+INT"
        }
    },
    {
        "pk": 384,
        "model": "enemygen.enemyskill",
        "fields": {
            "include": true,
            "skill": 14,
            "enemy_template": 39,
            "die_set": "INT+POW+15"
        }
    },
    {
        "pk": 385,
        "model": "enemygen.enemyskill",
        "fields": {
            "include": false,
            "skill": 15,
            "enemy_template": 39,
            "die_set": "DEX+POW"
        }
    },
    {
        "pk": 386,
        "model": "enemygen.enemyskill",
        "fields": {
            "include": false,
            "skill": 24,
            "enemy_template": 39,
            "die_set": "INT+POW"
        }
    },
    {
        "pk": 387,
        "model": "enemygen.enemyskill",
        "fields": {
            "include": false,
            "skill": 16,
            "enemy_template": 39,
            "die_set": "CHA+POW"
        }
    },
    {
        "pk": 388,
        "model": "enemygen.enemyskill",
        "fields": {
            "include": false,
            "skill": 17,
            "enemy_template": 39,
            "die_set": "DEX+INT"
        }
    },
    {
        "pk": 389,
        "model": "enemygen.enemyskill",
        "fields": {
            "include": false,
            "skill": 18,
            "enemy_template": 39,
            "die_set": "STR+CON"
        }
    },
    {
        "pk": 390,
        "model": "enemygen.enemyskill",
        "fields": {
            "include": true,
            "skill": 19,
            "enemy_template": 39,
            "die_set": "STR+DEX"
        }
    },
    {
        "pk": 391,
        "model": "enemygen.enemyskill",
        "fields": {
            "include": true,
            "skill": 5,
            "enemy_template": 39,
            "die_set": "POW+POW+20"
        }
    },
    {
        "pk": 392,
        "model": "enemygen.enemyskill",
        "fields": {
            "include": true,
            "skill": 1,
            "enemy_template": 40,
            "die_set": "STR+DEX+60"
        }
    },
    {
        "pk": 393,
        "model": "enemygen.enemyskill",
        "fields": {
            "include": false,
            "skill": 2,
            "enemy_template": 40,
            "die_set": "STR+CON"
        }
    },
    {
        "pk": 394,
        "model": "enemygen.enemyskill",
        "fields": {
            "include": true,
            "skill": 3,
            "enemy_template": 40,
            "die_set": "STR+SIZ+60"
        }
    },
    {
        "pk": 395,
        "model": "enemygen.enemyskill",
        "fields": {
            "include": false,
            "skill": 6,
            "enemy_template": 40,
            "die_set": "DEX+POW"
        }
    },
    {
        "pk": 396,
        "model": "enemygen.enemyskill",
        "fields": {
            "include": false,
            "skill": 7,
            "enemy_template": 40,
            "die_set": "DEX+CHA"
        }
    },
    {
        "pk": 397,
        "model": "enemygen.enemyskill",
        "fields": {
            "include": false,
            "skill": 8,
            "enemy_template": 40,
            "die_set": "INT+CHA"
        }
    },
    {
        "pk": 398,
        "model": "enemygen.enemyskill",
        "fields": {
            "include": true,
            "skill": 22,
            "enemy_template": 40,
            "die_set": "POW+CHA+30"
        }
    },
    {
        "pk": 399,
        "model": "enemygen.enemyskill",
        "fields": {
            "include": true,
            "skill": 4,
            "enemy_template": 40,
            "die_set": "CON+CON+40"
        }
    },
    {
        "pk": 400,
        "model": "enemygen.enemyskill",
        "fields": {
            "include": true,
            "skill": 9,
            "enemy_template": 40,
            "die_set": "DEX+DEX+10"
        }
    },
    {
        "pk": 401,
        "model": "enemygen.enemyskill",
        "fields": {
            "include": true,
            "skill": 21,
            "enemy_template": 40,
            "die_set": "INT+CHA+30"
        }
    },
    {
        "pk": 402,
        "model": "enemygen.enemyskill",
        "fields": {
            "include": false,
            "skill": 10,
            "enemy_template": 40,
            "die_set": "DEX+INT"
        }
    },
    {
        "pk": 403,
        "model": "enemygen.enemyskill",
        "fields": {
            "include": true,
            "skill": 20,
            "enemy_template": 40,
            "die_set": "POW+CHA+40"
        }
    },
    {
        "pk": 404,
        "model": "enemygen.enemyskill",
        "fields": {
            "include": false,
            "skill": 11,
            "enemy_template": 40,
            "die_set": "CHA+CHA"
        }
    },
    {
        "pk": 405,
        "model": "enemygen.enemyskill",
        "fields": {
            "include": false,
            "skill": 12,
            "enemy_template": 40,
            "die_set": "INT+POW"
        }
    },
    {
        "pk": 406,
        "model": "enemygen.enemyskill",
        "fields": {
            "include": false,
            "skill": 23,
            "enemy_template": 40,
            "die_set": "INT+CHA"
        }
    },
    {
        "pk": 407,
        "model": "enemygen.enemyskill",
        "fields": {
            "include": false,
            "skill": 13,
            "enemy_template": 40,
            "die_set": "INT+INT"
        }
    },
    {
        "pk": 408,
        "model": "enemygen.enemyskill",
        "fields": {
            "include": true,
            "skill": 14,
            "enemy_template": 40,
            "die_set": "INT+POW+20"
        }
    },
    {
        "pk": 409,
        "model": "enemygen.enemyskill",
        "fields": {
            "include": false,
            "skill": 15,
            "enemy_template": 40,
            "die_set": "DEX+POW"
        }
    },
    {
        "pk": 410,
        "model": "enemygen.enemyskill",
        "fields": {
            "include": false,
            "skill": 24,
            "enemy_template": 40,
            "die_set": "INT+POW"
        }
    },
    {
        "pk": 411,
        "model": "enemygen.enemyskill",
        "fields": {
            "include": false,
            "skill": 16,
            "enemy_template": 40,
            "die_set": "CHA+POW"
        }
    },
    {
        "pk": 412,
        "model": "enemygen.enemyskill",
        "fields": {
            "include": false,
            "skill": 17,
            "enemy_template": 40,
            "die_set": "DEX+INT"
        }
    },
    {
        "pk": 413,
        "model": "enemygen.enemyskill",
        "fields": {
            "include": false,
            "skill": 18,
            "enemy_template": 40,
            "die_set": "STR+CON"
        }
    },
    {
        "pk": 414,
        "model": "enemygen.enemyskill",
        "fields": {
            "include": false,
            "skill": 19,
            "enemy_template": 40,
            "die_set": "STR+DEX"
        }
    },
    {
        "pk": 415,
        "model": "enemygen.enemyskill",
        "fields": {
            "include": true,
            "skill": 5,
            "enemy_template": 40,
            "die_set": "POW+POW+20"
        }
    },
    {
        "pk": 416,
        "model": "enemygen.enemyskill",
        "fields": {
            "include": true,
            "skill": 1,
            "enemy_template": 41,
            "die_set": "STR+DEX+30+D10"
        }
    },
    {
        "pk": 417,
        "model": "enemygen.enemyskill",
        "fields": {
            "include": false,
            "skill": 2,
            "enemy_template": 41,
            "die_set": "STR+CON"
        }
    },
    {
        "pk": 418,
        "model": "enemygen.enemyskill",
        "fields": {
            "include": true,
            "skill": 3,
            "enemy_template": 41,
            "die_set": "STR+SIZ+40+2D10"
        }
    },
    {
        "pk": 419,
        "model": "enemygen.enemyskill",
        "fields": {
            "include": false,
            "skill": 6,
            "enemy_template": 41,
            "die_set": "DEX+POW"
        }
    },
    {
        "pk": 420,
        "model": "enemygen.enemyskill",
        "fields": {
            "include": false,
            "skill": 7,
            "enemy_template": 41,
            "die_set": "DEX+CHA"
        }
    },
    {
        "pk": 421,
        "model": "enemygen.enemyskill",
        "fields": {
            "include": false,
            "skill": 8,
            "enemy_template": 41,
            "die_set": "INT+CHA"
        }
    },
    {
        "pk": 422,
        "model": "enemygen.enemyskill",
        "fields": {
            "include": true,
            "skill": 22,
            "enemy_template": 41,
            "die_set": "POW+CHA+20+D10"
        }
    },
    {
        "pk": 423,
        "model": "enemygen.enemyskill",
        "fields": {
            "include": true,
            "skill": 4,
            "enemy_template": 41,
            "die_set": "CON+CON+40+D10"
        }
    },
    {
        "pk": 424,
        "model": "enemygen.enemyskill",
        "fields": {
            "include": true,
            "skill": 9,
            "enemy_template": 41,
            "die_set": "DEX+DEX+10+D10"
        }
    },
    {
        "pk": 425,
        "model": "enemygen.enemyskill",
        "fields": {
            "include": true,
            "skill": 21,
            "enemy_template": 41,
            "die_set": "INT+CHA+20+2D10"
        }
    },
    {
        "pk": 426,
        "model": "enemygen.enemyskill",
        "fields": {
            "include": false,
            "skill": 10,
            "enemy_template": 41,
            "die_set": "DEX+INT"
        }
    },
    {
        "pk": 427,
        "model": "enemygen.enemyskill",
        "fields": {
            "include": false,
            "skill": 20,
            "enemy_template": 41,
            "die_set": "POW+CHA"
        }
    },
    {
        "pk": 428,
        "model": "enemygen.enemyskill",
        "fields": {
            "include": false,
            "skill": 11,
            "enemy_template": 41,
            "die_set": "CHA+CHA"
        }
    },
    {
        "pk": 429,
        "model": "enemygen.enemyskill",
        "fields": {
            "include": false,
            "skill": 12,
            "enemy_template": 41,
            "die_set": "INT+POW"
        }
    },
    {
        "pk": 430,
        "model": "enemygen.enemyskill",
        "fields": {
            "include": false,
            "skill": 23,
            "enemy_template": 41,
            "die_set": "INT+CHA"
        }
    },
    {
        "pk": 431,
        "model": "enemygen.enemyskill",
        "fields": {
            "include": false,
            "skill": 13,
            "enemy_template": 41,
            "die_set": "INT+INT"
        }
    },
    {
        "pk": 432,
        "model": "enemygen.enemyskill",
        "fields": {
            "include": false,
            "skill": 14,
            "enemy_template": 41,
            "die_set": "INT+POW"
        }
    },
    {
        "pk": 433,
        "model": "enemygen.enemyskill",
        "fields": {
            "include": false,
            "skill": 15,
            "enemy_template": 41,
            "die_set": "DEX+POW"
        }
    },
    {
        "pk": 434,
        "model": "enemygen.enemyskill",
        "fields": {
            "include": false,
            "skill": 24,
            "enemy_template": 41,
            "die_set": "INT+POW"
        }
    },
    {
        "pk": 435,
        "model": "enemygen.enemyskill",
        "fields": {
            "include": false,
            "skill": 16,
            "enemy_template": 41,
            "die_set": "CHA+POW"
        }
    },
    {
        "pk": 436,
        "model": "enemygen.enemyskill",
        "fields": {
            "include": false,
            "skill": 17,
            "enemy_template": 41,
            "die_set": "DEX+INT"
        }
    },
    {
        "pk": 437,
        "model": "enemygen.enemyskill",
        "fields": {
            "include": false,
            "skill": 18,
            "enemy_template": 41,
            "die_set": "STR+CON"
        }
    },
    {
        "pk": 438,
        "model": "enemygen.enemyskill",
        "fields": {
            "include": false,
            "skill": 19,
            "enemy_template": 41,
            "die_set": "STR+DEX"
        }
    },
    {
        "pk": 439,
        "model": "enemygen.enemyskill",
        "fields": {
            "include": true,
            "skill": 5,
            "enemy_template": 41,
            "die_set": "POW+POW+20"
        }
    },
    {
        "pk": 440,
        "model": "enemygen.enemyskill",
        "fields": {
            "include": true,
            "skill": 1,
            "enemy_template": 42,
            "die_set": "STR+DEX+10"
        }
    },
    {
        "pk": 441,
        "model": "enemygen.enemyskill",
        "fields": {
            "include": false,
            "skill": 2,
            "enemy_template": 42,
            "die_set": "STR+CON"
        }
    },
    {
        "pk": 442,
        "model": "enemygen.enemyskill",
        "fields": {
            "include": true,
            "skill": 3,
            "enemy_template": 42,
            "die_set": "STR+SIZ+20"
        }
    },
    {
        "pk": 443,
        "model": "enemygen.enemyskill",
        "fields": {
            "include": false,
            "skill": 6,
            "enemy_template": 42,
            "die_set": "DEX+POW"
        }
    },
    {
        "pk": 444,
        "model": "enemygen.enemyskill",
        "fields": {
            "include": false,
            "skill": 7,
            "enemy_template": 42,
            "die_set": "DEX+CHA"
        }
    },
    {
        "pk": 445,
        "model": "enemygen.enemyskill",
        "fields": {
            "include": false,
            "skill": 8,
            "enemy_template": 42,
            "die_set": "INT+CHA"
        }
    },
    {
        "pk": 446,
        "model": "enemygen.enemyskill",
        "fields": {
            "include": false,
            "skill": 22,
            "enemy_template": 42,
            "die_set": "POW+CHA"
        }
    },
    {
        "pk": 447,
        "model": "enemygen.enemyskill",
        "fields": {
            "include": true,
            "skill": 4,
            "enemy_template": 42,
            "die_set": "CON+CON+20"
        }
    },
    {
        "pk": 448,
        "model": "enemygen.enemyskill",
        "fields": {
            "include": true,
            "skill": 9,
            "enemy_template": 42,
            "die_set": "DEX+DEX+40"
        }
    },
    {
        "pk": 449,
        "model": "enemygen.enemyskill",
        "fields": {
            "include": false,
            "skill": 21,
            "enemy_template": 42,
            "die_set": "INT+CHA"
        }
    },
    {
        "pk": 450,
        "model": "enemygen.enemyskill",
        "fields": {
            "include": false,
            "skill": 10,
            "enemy_template": 42,
            "die_set": "DEX+INT"
        }
    },
    {
        "pk": 451,
        "model": "enemygen.enemyskill",
        "fields": {
            "include": false,
            "skill": 20,
            "enemy_template": 42,
            "die_set": "POW+CHA"
        }
    },
    {
        "pk": 452,
        "model": "enemygen.enemyskill",
        "fields": {
            "include": false,
            "skill": 11,
            "enemy_template": 42,
            "die_set": "CHA+CHA"
        }
    },
    {
        "pk": 453,
        "model": "enemygen.enemyskill",
        "fields": {
            "include": false,
            "skill": 12,
            "enemy_template": 42,
            "die_set": "INT+POW"
        }
    },
    {
        "pk": 454,
        "model": "enemygen.enemyskill",
        "fields": {
            "include": false,
            "skill": 23,
            "enemy_template": 42,
            "die_set": "INT+CHA"
        }
    },
    {
        "pk": 455,
        "model": "enemygen.enemyskill",
        "fields": {
            "include": false,
            "skill": 13,
            "enemy_template": 42,
            "die_set": "INT+INT"
        }
    },
    {
        "pk": 456,
        "model": "enemygen.enemyskill",
        "fields": {
            "include": true,
            "skill": 14,
            "enemy_template": 42,
            "die_set": "INT+POW+40"
        }
    },
    {
        "pk": 457,
        "model": "enemygen.enemyskill",
        "fields": {
            "include": false,
            "skill": 15,
            "enemy_template": 42,
            "die_set": "DEX+POW"
        }
    },
    {
        "pk": 458,
        "model": "enemygen.enemyskill",
        "fields": {
            "include": false,
            "skill": 24,
            "enemy_template": 42,
            "die_set": "INT+POW"
        }
    },
    {
        "pk": 459,
        "model": "enemygen.enemyskill",
        "fields": {
            "include": false,
            "skill": 16,
            "enemy_template": 42,
            "die_set": "CHA+POW"
        }
    },
    {
        "pk": 460,
        "model": "enemygen.enemyskill",
        "fields": {
            "include": false,
            "skill": 17,
            "enemy_template": 42,
            "die_set": "DEX+INT"
        }
    },
    {
        "pk": 461,
        "model": "enemygen.enemyskill",
        "fields": {
            "include": false,
            "skill": 18,
            "enemy_template": 42,
            "die_set": "STR+CON"
        }
    },
    {
        "pk": 462,
        "model": "enemygen.enemyskill",
        "fields": {
            "include": false,
            "skill": 19,
            "enemy_template": 42,
            "die_set": "STR+DEX"
        }
    },
    {
        "pk": 463,
        "model": "enemygen.enemyskill",
        "fields": {
            "include": true,
            "skill": 5,
            "enemy_template": 42,
            "die_set": "POW+POW+20"
        }
    },
    {
        "pk": 680,
        "model": "enemygen.enemyskill",
        "fields": {
            "include": true,
            "skill": 1,
            "enemy_template": 52,
            "die_set": "STR+DEX+30"
        }
    },
    {
        "pk": 681,
        "model": "enemygen.enemyskill",
        "fields": {
            "include": false,
            "skill": 2,
            "enemy_template": 52,
            "die_set": "STR+CON"
        }
    },
    {
        "pk": 682,
        "model": "enemygen.enemyskill",
        "fields": {
            "include": true,
            "skill": 3,
            "enemy_template": 52,
            "die_set": "STR+SIZ+30"
        }
    },
    {
        "pk": 683,
        "model": "enemygen.enemyskill",
        "fields": {
            "include": false,
            "skill": 6,
            "enemy_template": 52,
            "die_set": "DEX+POW"
        }
    },
    {
        "pk": 684,
        "model": "enemygen.enemyskill",
        "fields": {
            "include": false,
            "skill": 7,
            "enemy_template": 52,
            "die_set": "DEX+CHA"
        }
    },
    {
        "pk": 685,
        "model": "enemygen.enemyskill",
        "fields": {
            "include": false,
            "skill": 8,
            "enemy_template": 52,
            "die_set": "INT+CHA"
        }
    },
    {
        "pk": 686,
        "model": "enemygen.enemyskill",
        "fields": {
            "include": true,
            "skill": 22,
            "enemy_template": 52,
            "die_set": "POW+CHA+30"
        }
    },
    {
        "pk": 687,
        "model": "enemygen.enemyskill",
        "fields": {
            "include": true,
            "skill": 4,
            "enemy_template": 52,
            "die_set": "CON+CON+30"
        }
    },
    {
        "pk": 688,
        "model": "enemygen.enemyskill",
        "fields": {
            "include": true,
            "skill": 9,
            "enemy_template": 52,
            "die_set": "DEX+DEX+30"
        }
    },
    {
        "pk": 689,
        "model": "enemygen.enemyskill",
        "fields": {
            "include": true,
            "skill": 21,
            "enemy_template": 52,
            "die_set": "INT+CHA+30"
        }
    },
    {
        "pk": 690,
        "model": "enemygen.enemyskill",
        "fields": {
            "include": false,
            "skill": 10,
            "enemy_template": 52,
            "die_set": "DEX+INT"
        }
    },
    {
        "pk": 691,
        "model": "enemygen.enemyskill",
        "fields": {
            "include": true,
            "skill": 20,
            "enemy_template": 52,
            "die_set": "POW+CHA+30"
        }
    },
    {
        "pk": 692,
        "model": "enemygen.enemyskill",
        "fields": {
            "include": false,
            "skill": 11,
            "enemy_template": 52,
            "die_set": "CHA+CHA"
        }
    },
    {
        "pk": 693,
        "model": "enemygen.enemyskill",
        "fields": {
            "include": false,
            "skill": 12,
            "enemy_template": 52,
            "die_set": "INT+POW"
        }
    },
    {
        "pk": 694,
        "model": "enemygen.enemyskill",
        "fields": {
            "include": false,
            "skill": 23,
            "enemy_template": 52,
            "die_set": "INT+CHA"
        }
    },
    {
        "pk": 695,
        "model": "enemygen.enemyskill",
        "fields": {
            "include": false,
            "skill": 13,
            "enemy_template": 52,
            "die_set": "INT+INT"
        }
    },
    {
        "pk": 696,
        "model": "enemygen.enemyskill",
        "fields": {
            "include": true,
            "skill": 14,
            "enemy_template": 52,
            "die_set": "INT+POW+30"
        }
    },
    {
        "pk": 697,
        "model": "enemygen.enemyskill",
        "fields": {
            "include": false,
            "skill": 15,
            "enemy_template": 52,
            "die_set": "DEX+POW"
        }
    },
    {
        "pk": 698,
        "model": "enemygen.enemyskill",
        "fields": {
            "include": false,
            "skill": 24,
            "enemy_template": 52,
            "die_set": "INT+POW"
        }
    },
    {
        "pk": 699,
        "model": "enemygen.enemyskill",
        "fields": {
            "include": false,
            "skill": 16,
            "enemy_template": 52,
            "die_set": "CHA+POW"
        }
    },
    {
        "pk": 700,
        "model": "enemygen.enemyskill",
        "fields": {
            "include": false,
            "skill": 17,
            "enemy_template": 52,
            "die_set": "DEX+INT"
        }
    },
    {
        "pk": 701,
        "model": "enemygen.enemyskill",
        "fields": {
            "include": false,
            "skill": 18,
            "enemy_template": 52,
            "die_set": "STR+CON"
        }
    },
    {
        "pk": 702,
        "model": "enemygen.enemyskill",
        "fields": {
            "include": true,
            "skill": 19,
            "enemy_template": 52,
            "die_set": "STR+DEX+30"
        }
    },
    {
        "pk": 703,
        "model": "enemygen.enemyskill",
        "fields": {
            "include": true,
            "skill": 5,
            "enemy_template": 52,
            "die_set": "POW+POW+POW+POW"
        }
    },
    {
        "pk": 704,
        "model": "enemygen.enemyskill",
        "fields": {
            "include": true,
            "skill": 1,
            "enemy_template": 53,
            "die_set": "STR+DEX+50"
        }
    },
    {
        "pk": 705,
        "model": "enemygen.enemyskill",
        "fields": {
            "include": false,
            "skill": 2,
            "enemy_template": 53,
            "die_set": "STR+CON"
        }
    },
    {
        "pk": 706,
        "model": "enemygen.enemyskill",
        "fields": {
            "include": true,
            "skill": 3,
            "enemy_template": 53,
            "die_set": "STR+SIZ+50"
        }
    },
    {
        "pk": 707,
        "model": "enemygen.enemyskill",
        "fields": {
            "include": false,
            "skill": 6,
            "enemy_template": 53,
            "die_set": "DEX+POW"
        }
    },
    {
        "pk": 708,
        "model": "enemygen.enemyskill",
        "fields": {
            "include": false,
            "skill": 7,
            "enemy_template": 53,
            "die_set": "DEX+CHA"
        }
    },
    {
        "pk": 709,
        "model": "enemygen.enemyskill",
        "fields": {
            "include": false,
            "skill": 8,
            "enemy_template": 53,
            "die_set": "INT+CHA"
        }
    },
    {
        "pk": 710,
        "model": "enemygen.enemyskill",
        "fields": {
            "include": true,
            "skill": 22,
            "enemy_template": 53,
            "die_set": "POW+CHA+40"
        }
    },
    {
        "pk": 711,
        "model": "enemygen.enemyskill",
        "fields": {
            "include": true,
            "skill": 4,
            "enemy_template": 53,
            "die_set": "CON+CON+CON+CON+CON"
        }
    },
    {
        "pk": 712,
        "model": "enemygen.enemyskill",
        "fields": {
            "include": true,
            "skill": 9,
            "enemy_template": 53,
            "die_set": "DEX+DEX+30"
        }
    },
    {
        "pk": 713,
        "model": "enemygen.enemyskill",
        "fields": {
            "include": true,
            "skill": 21,
            "enemy_template": 53,
            "die_set": "INT+CHA+40"
        }
    },
    {
        "pk": 714,
        "model": "enemygen.enemyskill",
        "fields": {
            "include": false,
            "skill": 10,
            "enemy_template": 53,
            "die_set": "DEX+INT"
        }
    },
    {
        "pk": 715,
        "model": "enemygen.enemyskill",
        "fields": {
            "include": true,
            "skill": 20,
            "enemy_template": 53,
            "die_set": "POW+CHA+30"
        }
    },
    {
        "pk": 716,
        "model": "enemygen.enemyskill",
        "fields": {
            "include": false,
            "skill": 11,
            "enemy_template": 53,
            "die_set": "CHA+CHA"
        }
    },
    {
        "pk": 717,
        "model": "enemygen.enemyskill",
        "fields": {
            "include": false,
            "skill": 12,
            "enemy_template": 53,
            "die_set": "INT+POW"
        }
    },
    {
        "pk": 718,
        "model": "enemygen.enemyskill",
        "fields": {
            "include": false,
            "skill": 23,
            "enemy_template": 53,
            "die_set": "INT+CHA"
        }
    },
    {
        "pk": 719,
        "model": "enemygen.enemyskill",
        "fields": {
            "include": false,
            "skill": 13,
            "enemy_template": 53,
            "die_set": "INT+INT"
        }
    },
    {
        "pk": 720,
        "model": "enemygen.enemyskill",
        "fields": {
            "include": true,
            "skill": 14,
            "enemy_template": 53,
            "die_set": "INT+POW+50"
        }
    },
    {
        "pk": 721,
        "model": "enemygen.enemyskill",
        "fields": {
            "include": false,
            "skill": 15,
            "enemy_template": 53,
            "die_set": "DEX+POW"
        }
    },
    {
        "pk": 722,
        "model": "enemygen.enemyskill",
        "fields": {
            "include": false,
            "skill": 24,
            "enemy_template": 53,
            "die_set": "INT+POW"
        }
    },
    {
        "pk": 723,
        "model": "enemygen.enemyskill",
        "fields": {
            "include": false,
            "skill": 16,
            "enemy_template": 53,
            "die_set": "CHA+POW"
        }
    },
    {
        "pk": 724,
        "model": "enemygen.enemyskill",
        "fields": {
            "include": false,
            "skill": 17,
            "enemy_template": 53,
            "die_set": "DEX+INT"
        }
    },
    {
        "pk": 725,
        "model": "enemygen.enemyskill",
        "fields": {
            "include": false,
            "skill": 18,
            "enemy_template": 53,
            "die_set": "STR+CON"
        }
    },
    {
        "pk": 726,
        "model": "enemygen.enemyskill",
        "fields": {
            "include": true,
            "skill": 19,
            "enemy_template": 53,
            "die_set": "STR+DEX+50"
        }
    },
    {
        "pk": 727,
        "model": "enemygen.enemyskill",
        "fields": {
            "include": true,
            "skill": 5,
            "enemy_template": 53,
            "die_set": "POW+POW+POW+POW+POW"
        }
    },
    {
        "pk": 752,
        "model": "enemygen.enemyskill",
        "fields": {
            "include": true,
            "skill": 1,
            "enemy_template": 55,
            "die_set": "STR+DEX+20"
        }
    },
    {
        "pk": 753,
        "model": "enemygen.enemyskill",
        "fields": {
            "include": false,
            "skill": 2,
            "enemy_template": 55,
            "die_set": "STR+CON"
        }
    },
    {
        "pk": 754,
        "model": "enemygen.enemyskill",
        "fields": {
            "include": true,
            "skill": 3,
            "enemy_template": 55,
            "die_set": "STR+SIZ+10"
        }
    },
    {
        "pk": 755,
        "model": "enemygen.enemyskill",
        "fields": {
            "include": false,
            "skill": 6,
            "enemy_template": 55,
            "die_set": "DEX+POW"
        }
    },
    {
        "pk": 756,
        "model": "enemygen.enemyskill",
        "fields": {
            "include": false,
            "skill": 7,
            "enemy_template": 55,
            "die_set": "DEX+CHA"
        }
    },
    {
        "pk": 757,
        "model": "enemygen.enemyskill",
        "fields": {
            "include": false,
            "skill": 8,
            "enemy_template": 55,
            "die_set": "INT+CHA"
        }
    },
    {
        "pk": 758,
        "model": "enemygen.enemyskill",
        "fields": {
            "include": false,
            "skill": 22,
            "enemy_template": 55,
            "die_set": "POW+CHA"
        }
    },
    {
        "pk": 759,
        "model": "enemygen.enemyskill",
        "fields": {
            "include": true,
            "skill": 4,
            "enemy_template": 55,
            "die_set": "CON+CON+CON"
        }
    },
    {
        "pk": 760,
        "model": "enemygen.enemyskill",
        "fields": {
            "include": true,
            "skill": 9,
            "enemy_template": 55,
            "die_set": "DEX+DEX+DEX"
        }
    },
    {
        "pk": 761,
        "model": "enemygen.enemyskill",
        "fields": {
            "include": false,
            "skill": 21,
            "enemy_template": 55,
            "die_set": "INT+CHA"
        }
    },
    {
        "pk": 762,
        "model": "enemygen.enemyskill",
        "fields": {
            "include": false,
            "skill": 10,
            "enemy_template": 55,
            "die_set": "DEX+INT"
        }
    },
    {
        "pk": 763,
        "model": "enemygen.enemyskill",
        "fields": {
            "include": true,
            "skill": 20,
            "enemy_template": 55,
            "die_set": "POW+CHA"
        }
    },
    {
        "pk": 764,
        "model": "enemygen.enemyskill",
        "fields": {
            "include": false,
            "skill": 11,
            "enemy_template": 55,
            "die_set": "CHA+CHA"
        }
    },
    {
        "pk": 765,
        "model": "enemygen.enemyskill",
        "fields": {
            "include": false,
            "skill": 12,
            "enemy_template": 55,
            "die_set": "INT+POW"
        }
    },
    {
        "pk": 766,
        "model": "enemygen.enemyskill",
        "fields": {
            "include": false,
            "skill": 23,
            "enemy_template": 55,
            "die_set": "INT+CHA"
        }
    },
    {
        "pk": 767,
        "model": "enemygen.enemyskill",
        "fields": {
            "include": false,
            "skill": 13,
            "enemy_template": 55,
            "die_set": "INT+INT"
        }
    },
    {
        "pk": 768,
        "model": "enemygen.enemyskill",
        "fields": {
            "include": true,
            "skill": 14,
            "enemy_template": 55,
            "die_set": "INT+POW+20"
        }
    },
    {
        "pk": 769,
        "model": "enemygen.enemyskill",
        "fields": {
            "include": false,
            "skill": 15,
            "enemy_template": 55,
            "die_set": "DEX+POW"
        }
    },
    {
        "pk": 770,
        "model": "enemygen.enemyskill",
        "fields": {
            "include": false,
            "skill": 24,
            "enemy_template": 55,
            "die_set": "INT+POW"
        }
    },
    {
        "pk": 771,
        "model": "enemygen.enemyskill",
        "fields": {
            "include": false,
            "skill": 16,
            "enemy_template": 55,
            "die_set": "CHA+POW"
        }
    },
    {
        "pk": 772,
        "model": "enemygen.enemyskill",
        "fields": {
            "include": false,
            "skill": 17,
            "enemy_template": 55,
            "die_set": "DEX+INT"
        }
    },
    {
        "pk": 773,
        "model": "enemygen.enemyskill",
        "fields": {
            "include": false,
            "skill": 18,
            "enemy_template": 55,
            "die_set": "STR+CON"
        }
    },
    {
        "pk": 774,
        "model": "enemygen.enemyskill",
        "fields": {
            "include": false,
            "skill": 19,
            "enemy_template": 55,
            "die_set": "STR+DEX"
        }
    },
    {
        "pk": 775,
        "model": "enemygen.enemyskill",
        "fields": {
            "include": true,
            "skill": 5,
            "enemy_template": 55,
            "die_set": "POW+POW+POW"
        }
    },
    {
        "pk": 848,
        "model": "enemygen.enemyskill",
        "fields": {
            "include": true,
            "skill": 1,
            "enemy_template": 59,
            "die_set": "STR+DEX+2D10+10"
        }
    },
    {
        "pk": 849,
        "model": "enemygen.enemyskill",
        "fields": {
            "include": false,
            "skill": 2,
            "enemy_template": 59,
            "die_set": "STR+CON+2D10+10"
        }
    },
    {
        "pk": 850,
        "model": "enemygen.enemyskill",
        "fields": {
            "include": true,
            "skill": 3,
            "enemy_template": 59,
            "die_set": "STR+SIZ+2D10+10"
        }
    },
    {
        "pk": 851,
        "model": "enemygen.enemyskill",
        "fields": {
            "include": false,
            "skill": 6,
            "enemy_template": 59,
            "die_set": "DEX+POW+2D10+10"
        }
    },
    {
        "pk": 852,
        "model": "enemygen.enemyskill",
        "fields": {
            "include": false,
            "skill": 7,
            "enemy_template": 59,
            "die_set": "DEX+CHA+2D10+10"
        }
    },
    {
        "pk": 853,
        "model": "enemygen.enemyskill",
        "fields": {
            "include": false,
            "skill": 8,
            "enemy_template": 59,
            "die_set": "INT+CHA+2D10+10"
        }
    },
    {
        "pk": 854,
        "model": "enemygen.enemyskill",
        "fields": {
            "include": false,
            "skill": 22,
            "enemy_template": 59,
            "die_set": "POW+CHA+2D10+10"
        }
    },
    {
        "pk": 855,
        "model": "enemygen.enemyskill",
        "fields": {
            "include": true,
            "skill": 4,
            "enemy_template": 59,
            "die_set": "CON+CON+2D10+10"
        }
    },
    {
        "pk": 856,
        "model": "enemygen.enemyskill",
        "fields": {
            "include": true,
            "skill": 9,
            "enemy_template": 59,
            "die_set": "DEX+DEX+2D10+10"
        }
    },
    {
        "pk": 857,
        "model": "enemygen.enemyskill",
        "fields": {
            "include": false,
            "skill": 21,
            "enemy_template": 59,
            "die_set": "INT+CHA+2D10+10"
        }
    },
    {
        "pk": 858,
        "model": "enemygen.enemyskill",
        "fields": {
            "include": false,
            "skill": 10,
            "enemy_template": 59,
            "die_set": "DEX+INT+2D10+10"
        }
    },
    {
        "pk": 859,
        "model": "enemygen.enemyskill",
        "fields": {
            "include": true,
            "skill": 20,
            "enemy_template": 59,
            "die_set": "POW+CHA+2D10+10"
        }
    },
    {
        "pk": 860,
        "model": "enemygen.enemyskill",
        "fields": {
            "include": false,
            "skill": 11,
            "enemy_template": 59,
            "die_set": "CHA+CHA+2D10+10"
        }
    },
    {
        "pk": 861,
        "model": "enemygen.enemyskill",
        "fields": {
            "include": false,
            "skill": 12,
            "enemy_template": 59,
            "die_set": "INT+POW+2D10+10"
        }
    },
    {
        "pk": 862,
        "model": "enemygen.enemyskill",
        "fields": {
            "include": false,
            "skill": 23,
            "enemy_template": 59,
            "die_set": "INT+CHA+2D10+10"
        }
    },
    {
        "pk": 863,
        "model": "enemygen.enemyskill",
        "fields": {
            "include": false,
            "skill": 13,
            "enemy_template": 59,
            "die_set": "INT+INT+2D10+10"
        }
    },
    {
        "pk": 864,
        "model": "enemygen.enemyskill",
        "fields": {
            "include": true,
            "skill": 14,
            "enemy_template": 59,
            "die_set": "INT+POW+2D10+10"
        }
    },
    {
        "pk": 865,
        "model": "enemygen.enemyskill",
        "fields": {
            "include": false,
            "skill": 15,
            "enemy_template": 59,
            "die_set": "DEX+POW+2D10+10"
        }
    },
    {
        "pk": 866,
        "model": "enemygen.enemyskill",
        "fields": {
            "include": false,
            "skill": 24,
            "enemy_template": 59,
            "die_set": "INT+POW+2D10+10"
        }
    },
    {
        "pk": 867,
        "model": "enemygen.enemyskill",
        "fields": {
            "include": false,
            "skill": 16,
            "enemy_template": 59,
            "die_set": "CHA+POW+2D10+10"
        }
    },
    {
        "pk": 868,
        "model": "enemygen.enemyskill",
        "fields": {
            "include": false,
            "skill": 17,
            "enemy_template": 59,
            "die_set": "DEX+INT+2D10+10"
        }
    },
    {
        "pk": 869,
        "model": "enemygen.enemyskill",
        "fields": {
            "include": false,
            "skill": 18,
            "enemy_template": 59,
            "die_set": "STR+CON+2D10+10"
        }
    },
    {
        "pk": 870,
        "model": "enemygen.enemyskill",
        "fields": {
            "include": true,
            "skill": 19,
            "enemy_template": 59,
            "die_set": "STR+DEX+2D10+10"
        }
    },
    {
        "pk": 871,
        "model": "enemygen.enemyskill",
        "fields": {
            "include": true,
            "skill": 5,
            "enemy_template": 59,
            "die_set": "POW+POW+2D10+10"
        }
    },
    {
        "pk": 1424,
        "model": "enemygen.enemyskill",
        "fields": {
            "include": false,
            "skill": 1,
            "enemy_template": 83,
            "die_set": "STR+DEX"
        }
    },
    {
        "pk": 1425,
        "model": "enemygen.enemyskill",
        "fields": {
            "include": false,
            "skill": 2,
            "enemy_template": 83,
            "die_set": "STR+CON"
        }
    },
    {
        "pk": 1426,
        "model": "enemygen.enemyskill",
        "fields": {
            "include": false,
            "skill": 3,
            "enemy_template": 83,
            "die_set": "STR+SIZ"
        }
    },
    {
        "pk": 1427,
        "model": "enemygen.enemyskill",
        "fields": {
            "include": true,
            "skill": 6,
            "enemy_template": 83,
            "die_set": "DEX+POW"
        }
    },
    {
        "pk": 1428,
        "model": "enemygen.enemyskill",
        "fields": {
            "include": false,
            "skill": 7,
            "enemy_template": 83,
            "die_set": "DEX+CHA"
        }
    },
    {
        "pk": 1429,
        "model": "enemygen.enemyskill",
        "fields": {
            "include": true,
            "skill": 8,
            "enemy_template": 83,
            "die_set": "INT+CHA"
        }
    },
    {
        "pk": 1430,
        "model": "enemygen.enemyskill",
        "fields": {
            "include": false,
            "skill": 22,
            "enemy_template": 83,
            "die_set": "POW+CHA"
        }
    },
    {
        "pk": 1431,
        "model": "enemygen.enemyskill",
        "fields": {
            "include": false,
            "skill": 4,
            "enemy_template": 83,
            "die_set": "CON+CON"
        }
    },
    {
        "pk": 1432,
        "model": "enemygen.enemyskill",
        "fields": {
            "include": true,
            "skill": 9,
            "enemy_template": 83,
            "die_set": "DEX+DEX"
        }
    },
    {
        "pk": 1433,
        "model": "enemygen.enemyskill",
        "fields": {
            "include": false,
            "skill": 21,
            "enemy_template": 83,
            "die_set": "INT+CHA"
        }
    },
    {
        "pk": 1434,
        "model": "enemygen.enemyskill",
        "fields": {
            "include": true,
            "skill": 10,
            "enemy_template": 83,
            "die_set": "DEX+INT"
        }
    },
    {
        "pk": 1435,
        "model": "enemygen.enemyskill",
        "fields": {
            "include": false,
            "skill": 20,
            "enemy_template": 83,
            "die_set": "POW+CHA"
        }
    },
    {
        "pk": 1436,
        "model": "enemygen.enemyskill",
        "fields": {
            "include": true,
            "skill": 11,
            "enemy_template": 83,
            "die_set": "CHA+CHA"
        }
    },
    {
        "pk": 1437,
        "model": "enemygen.enemyskill",
        "fields": {
            "include": true,
            "skill": 12,
            "enemy_template": 83,
            "die_set": "INT+POW"
        }
    },
    {
        "pk": 1438,
        "model": "enemygen.enemyskill",
        "fields": {
            "include": true,
            "skill": 23,
            "enemy_template": 83,
            "die_set": "INT+CHA"
        }
    },
    {
        "pk": 1439,
        "model": "enemygen.enemyskill",
        "fields": {
            "include": false,
            "skill": 13,
            "enemy_template": 83,
            "die_set": "INT+INT"
        }
    },
    {
        "pk": 1440,
        "model": "enemygen.enemyskill",
        "fields": {
            "include": true,
            "skill": 14,
            "enemy_template": 83,
            "die_set": "INT+POW"
        }
    },
    {
        "pk": 1441,
        "model": "enemygen.enemyskill",
        "fields": {
            "include": false,
            "skill": 15,
            "enemy_template": 83,
            "die_set": "DEX+POW"
        }
    },
    {
        "pk": 1442,
        "model": "enemygen.enemyskill",
        "fields": {
            "include": true,
            "skill": 24,
            "enemy_template": 83,
            "die_set": "INT+POW"
        }
    },
    {
        "pk": 1443,
        "model": "enemygen.enemyskill",
        "fields": {
            "include": false,
            "skill": 16,
            "enemy_template": 83,
            "die_set": "CHA+POW"
        }
    },
    {
        "pk": 1444,
        "model": "enemygen.enemyskill",
        "fields": {
            "include": true,
            "skill": 17,
            "enemy_template": 83,
            "die_set": "DEX+INT"
        }
    },
    {
        "pk": 1445,
        "model": "enemygen.enemyskill",
        "fields": {
            "include": false,
            "skill": 18,
            "enemy_template": 83,
            "die_set": "STR+CON"
        }
    },
    {
        "pk": 1446,
        "model": "enemygen.enemyskill",
        "fields": {
            "include": false,
            "skill": 19,
            "enemy_template": 83,
            "die_set": "STR+DEX"
        }
    },
    {
        "pk": 1447,
        "model": "enemygen.enemyskill",
        "fields": {
            "include": true,
            "skill": 5,
            "enemy_template": 83,
            "die_set": "POW+POW"
        }
    },
    {
        "pk": 1520,
        "model": "enemygen.enemyskill",
        "fields": {
            "include": true,
            "skill": 1,
            "enemy_template": 87,
            "die_set": "STR+DEX+25+10"
        }
    },
    {
        "pk": 1521,
        "model": "enemygen.enemyskill",
        "fields": {
            "include": false,
            "skill": 2,
            "enemy_template": 87,
            "die_set": "STR+CON+10"
        }
    },
    {
        "pk": 1522,
        "model": "enemygen.enemyskill",
        "fields": {
            "include": true,
            "skill": 3,
            "enemy_template": 87,
            "die_set": "STR+SIZ+25+10"
        }
    },
    {
        "pk": 1523,
        "model": "enemygen.enemyskill",
        "fields": {
            "include": false,
            "skill": 6,
            "enemy_template": 87,
            "die_set": "DEX+POW+10"
        }
    },
    {
        "pk": 1524,
        "model": "enemygen.enemyskill",
        "fields": {
            "include": false,
            "skill": 7,
            "enemy_template": 87,
            "die_set": "DEX+CHA+10"
        }
    },
    {
        "pk": 1525,
        "model": "enemygen.enemyskill",
        "fields": {
            "include": false,
            "skill": 8,
            "enemy_template": 87,
            "die_set": "INT+CHA+10"
        }
    },
    {
        "pk": 1526,
        "model": "enemygen.enemyskill",
        "fields": {
            "include": true,
            "skill": 22,
            "enemy_template": 87,
            "die_set": "POW+CHA+30+10"
        }
    },
    {
        "pk": 1527,
        "model": "enemygen.enemyskill",
        "fields": {
            "include": true,
            "skill": 4,
            "enemy_template": 87,
            "die_set": "CON+CON+30+10"
        }
    },
    {
        "pk": 1528,
        "model": "enemygen.enemyskill",
        "fields": {
            "include": true,
            "skill": 9,
            "enemy_template": 87,
            "die_set": "DEX+DEX+30+10"
        }
    },
    {
        "pk": 1529,
        "model": "enemygen.enemyskill",
        "fields": {
            "include": true,
            "skill": 21,
            "enemy_template": 87,
            "die_set": "INT+CHA+20+10"
        }
    },
    {
        "pk": 1530,
        "model": "enemygen.enemyskill",
        "fields": {
            "include": true,
            "skill": 10,
            "enemy_template": 87,
            "die_set": "DEX+INT+10+10"
        }
    },
    {
        "pk": 1531,
        "model": "enemygen.enemyskill",
        "fields": {
            "include": true,
            "skill": 20,
            "enemy_template": 87,
            "die_set": "POW+CHA+20+10"
        }
    },
    {
        "pk": 1532,
        "model": "enemygen.enemyskill",
        "fields": {
            "include": true,
            "skill": 11,
            "enemy_template": 87,
            "die_set": "CHA+CHA+10+10"
        }
    },
    {
        "pk": 1533,
        "model": "enemygen.enemyskill",
        "fields": {
            "include": true,
            "skill": 12,
            "enemy_template": 87,
            "die_set": "INT+POW+10+10"
        }
    },
    {
        "pk": 1534,
        "model": "enemygen.enemyskill",
        "fields": {
            "include": false,
            "skill": 23,
            "enemy_template": 87,
            "die_set": "INT+CHA+10"
        }
    },
    {
        "pk": 1535,
        "model": "enemygen.enemyskill",
        "fields": {
            "include": false,
            "skill": 13,
            "enemy_template": 87,
            "die_set": "INT+INT+10"
        }
    },
    {
        "pk": 1536,
        "model": "enemygen.enemyskill",
        "fields": {
            "include": true,
            "skill": 14,
            "enemy_template": 87,
            "die_set": "INT+POW+20+10"
        }
    },
    {
        "pk": 1537,
        "model": "enemygen.enemyskill",
        "fields": {
            "include": false,
            "skill": 15,
            "enemy_template": 87,
            "die_set": "DEX+POW+10"
        }
    },
    {
        "pk": 1538,
        "model": "enemygen.enemyskill",
        "fields": {
            "include": false,
            "skill": 24,
            "enemy_template": 87,
            "die_set": "INT+POW+10"
        }
    },
    {
        "pk": 1539,
        "model": "enemygen.enemyskill",
        "fields": {
            "include": false,
            "skill": 16,
            "enemy_template": 87,
            "die_set": "CHA+POW+10"
        }
    },
    {
        "pk": 1540,
        "model": "enemygen.enemyskill",
        "fields": {
            "include": true,
            "skill": 17,
            "enemy_template": 87,
            "die_set": "DEX+INT+10+10"
        }
    },
    {
        "pk": 1541,
        "model": "enemygen.enemyskill",
        "fields": {
            "include": false,
            "skill": 18,
            "enemy_template": 87,
            "die_set": "STR+CON+10"
        }
    },
    {
        "pk": 1542,
        "model": "enemygen.enemyskill",
        "fields": {
            "include": true,
            "skill": 19,
            "enemy_template": 87,
            "die_set": "STR+DEX+15+10"
        }
    },
    {
        "pk": 1543,
        "model": "enemygen.enemyskill",
        "fields": {
            "include": true,
            "skill": 5,
            "enemy_template": 87,
            "die_set": "POW+POW+25+10"
        }
    },
    {
        "pk": 1568,
        "model": "enemygen.enemyskill",
        "fields": {
            "include": true,
            "skill": 1,
            "enemy_template": 89,
            "die_set": "STR+DEX+60"
        }
    },
    {
        "pk": 1569,
        "model": "enemygen.enemyskill",
        "fields": {
            "include": false,
            "skill": 2,
            "enemy_template": 89,
            "die_set": "STR+CON+60"
        }
    },
    {
        "pk": 1570,
        "model": "enemygen.enemyskill",
        "fields": {
            "include": true,
            "skill": 3,
            "enemy_template": 89,
            "die_set": "STR+SIZ+60"
        }
    },
    {
        "pk": 1571,
        "model": "enemygen.enemyskill",
        "fields": {
            "include": false,
            "skill": 6,
            "enemy_template": 89,
            "die_set": "DEX+POW+60"
        }
    },
    {
        "pk": 1572,
        "model": "enemygen.enemyskill",
        "fields": {
            "include": false,
            "skill": 7,
            "enemy_template": 89,
            "die_set": "DEX+CHA+60"
        }
    },
    {
        "pk": 1573,
        "model": "enemygen.enemyskill",
        "fields": {
            "include": true,
            "skill": 8,
            "enemy_template": 89,
            "die_set": "INT+CHA+60"
        }
    },
    {
        "pk": 1574,
        "model": "enemygen.enemyskill",
        "fields": {
            "include": true,
            "skill": 22,
            "enemy_template": 89,
            "die_set": "POW+CHA+60"
        }
    },
    {
        "pk": 1575,
        "model": "enemygen.enemyskill",
        "fields": {
            "include": true,
            "skill": 4,
            "enemy_template": 89,
            "die_set": "CON+CON+60"
        }
    },
    {
        "pk": 1576,
        "model": "enemygen.enemyskill",
        "fields": {
            "include": true,
            "skill": 9,
            "enemy_template": 89,
            "die_set": "DEX+DEX+60"
        }
    },
    {
        "pk": 1577,
        "model": "enemygen.enemyskill",
        "fields": {
            "include": true,
            "skill": 21,
            "enemy_template": 89,
            "die_set": "INT+CHA+60"
        }
    },
    {
        "pk": 1578,
        "model": "enemygen.enemyskill",
        "fields": {
            "include": false,
            "skill": 10,
            "enemy_template": 89,
            "die_set": "DEX+INT+60"
        }
    },
    {
        "pk": 1579,
        "model": "enemygen.enemyskill",
        "fields": {
            "include": true,
            "skill": 20,
            "enemy_template": 89,
            "die_set": "POW+CHA+60"
        }
    },
    {
        "pk": 1580,
        "model": "enemygen.enemyskill",
        "fields": {
            "include": false,
            "skill": 11,
            "enemy_template": 89,
            "die_set": "CHA+CHA+60"
        }
    },
    {
        "pk": 1581,
        "model": "enemygen.enemyskill",
        "fields": {
            "include": true,
            "skill": 12,
            "enemy_template": 89,
            "die_set": "INT+POW+60"
        }
    },
    {
        "pk": 1582,
        "model": "enemygen.enemyskill",
        "fields": {
            "include": true,
            "skill": 23,
            "enemy_template": 89,
            "die_set": "INT+CHA+60"
        }
    },
    {
        "pk": 1583,
        "model": "enemygen.enemyskill",
        "fields": {
            "include": false,
            "skill": 13,
            "enemy_template": 89,
            "die_set": "INT+INT+60"
        }
    },
    {
        "pk": 1584,
        "model": "enemygen.enemyskill",
        "fields": {
            "include": true,
            "skill": 14,
            "enemy_template": 89,
            "die_set": "INT+POW+60"
        }
    },
    {
        "pk": 1585,
        "model": "enemygen.enemyskill",
        "fields": {
            "include": false,
            "skill": 15,
            "enemy_template": 89,
            "die_set": "DEX+POW+60"
        }
    },
    {
        "pk": 1586,
        "model": "enemygen.enemyskill",
        "fields": {
            "include": true,
            "skill": 24,
            "enemy_template": 89,
            "die_set": "INT+POW+60"
        }
    },
    {
        "pk": 1587,
        "model": "enemygen.enemyskill",
        "fields": {
            "include": false,
            "skill": 16,
            "enemy_template": 89,
            "die_set": "CHA+POW+60"
        }
    },
    {
        "pk": 1588,
        "model": "enemygen.enemyskill",
        "fields": {
            "include": true,
            "skill": 17,
            "enemy_template": 89,
            "die_set": "DEX+INT+60"
        }
    },
    {
        "pk": 1589,
        "model": "enemygen.enemyskill",
        "fields": {
            "include": false,
            "skill": 18,
            "enemy_template": 89,
            "die_set": "STR+CON+60"
        }
    },
    {
        "pk": 1590,
        "model": "enemygen.enemyskill",
        "fields": {
            "include": true,
            "skill": 19,
            "enemy_template": 89,
            "die_set": "STR+DEX+60"
        }
    },
    {
        "pk": 1591,
        "model": "enemygen.enemyskill",
        "fields": {
            "include": true,
            "skill": 5,
            "enemy_template": 89,
            "die_set": "POW+POW+60"
        }
    },
    {
        "pk": 1592,
        "model": "enemygen.enemyskill",
        "fields": {
            "include": true,
            "skill": 1,
            "enemy_template": 90,
            "die_set": "STR+DEX+40+D6"
        }
    },
    {
        "pk": 1593,
        "model": "enemygen.enemyskill",
        "fields": {
            "include": false,
            "skill": 2,
            "enemy_template": 90,
            "die_set": "STR+CON"
        }
    },
    {
        "pk": 1594,
        "model": "enemygen.enemyskill",
        "fields": {
            "include": true,
            "skill": 3,
            "enemy_template": 90,
            "die_set": "STR+SIZ+40+D6"
        }
    },
    {
        "pk": 1595,
        "model": "enemygen.enemyskill",
        "fields": {
            "include": false,
            "skill": 6,
            "enemy_template": 90,
            "die_set": "DEX+POW"
        }
    },
    {
        "pk": 1596,
        "model": "enemygen.enemyskill",
        "fields": {
            "include": false,
            "skill": 7,
            "enemy_template": 90,
            "die_set": "DEX+CHA"
        }
    },
    {
        "pk": 1597,
        "model": "enemygen.enemyskill",
        "fields": {
            "include": true,
            "skill": 8,
            "enemy_template": 90,
            "die_set": "INT+CHA"
        }
    },
    {
        "pk": 1598,
        "model": "enemygen.enemyskill",
        "fields": {
            "include": true,
            "skill": 22,
            "enemy_template": 90,
            "die_set": "POW+CHA+40+D6"
        }
    },
    {
        "pk": 1599,
        "model": "enemygen.enemyskill",
        "fields": {
            "include": true,
            "skill": 4,
            "enemy_template": 90,
            "die_set": "CON+CON+40+D10"
        }
    },
    {
        "pk": 1600,
        "model": "enemygen.enemyskill",
        "fields": {
            "include": true,
            "skill": 9,
            "enemy_template": 90,
            "die_set": "DEX+DEX+40+D6"
        }
    },
    {
        "pk": 1601,
        "model": "enemygen.enemyskill",
        "fields": {
            "include": true,
            "skill": 21,
            "enemy_template": 90,
            "die_set": "INT+CHA+40+D6"
        }
    },
    {
        "pk": 1602,
        "model": "enemygen.enemyskill",
        "fields": {
            "include": false,
            "skill": 10,
            "enemy_template": 90,
            "die_set": "DEX+INT"
        }
    },
    {
        "pk": 1603,
        "model": "enemygen.enemyskill",
        "fields": {
            "include": true,
            "skill": 20,
            "enemy_template": 90,
            "die_set": "POW+CHA+40+D6"
        }
    },
    {
        "pk": 1604,
        "model": "enemygen.enemyskill",
        "fields": {
            "include": true,
            "skill": 11,
            "enemy_template": 90,
            "die_set": "CHA+CHA+60+D6"
        }
    },
    {
        "pk": 1605,
        "model": "enemygen.enemyskill",
        "fields": {
            "include": false,
            "skill": 12,
            "enemy_template": 90,
            "die_set": "INT+POW"
        }
    },
    {
        "pk": 1606,
        "model": "enemygen.enemyskill",
        "fields": {
            "include": false,
            "skill": 23,
            "enemy_template": 90,
            "die_set": "INT+CHA"
        }
    },
    {
        "pk": 1607,
        "model": "enemygen.enemyskill",
        "fields": {
            "include": false,
            "skill": 13,
            "enemy_template": 90,
            "die_set": "INT+INT"
        }
    },
    {
        "pk": 1608,
        "model": "enemygen.enemyskill",
        "fields": {
            "include": true,
            "skill": 14,
            "enemy_template": 90,
            "die_set": "INT+POW+40+D6"
        }
    },
    {
        "pk": 1609,
        "model": "enemygen.enemyskill",
        "fields": {
            "include": true,
            "skill": 15,
            "enemy_template": 90,
            "die_set": "DEX+POW+40+D6"
        }
    },
    {
        "pk": 1610,
        "model": "enemygen.enemyskill",
        "fields": {
            "include": false,
            "skill": 24,
            "enemy_template": 90,
            "die_set": "INT+POW"
        }
    },
    {
        "pk": 1611,
        "model": "enemygen.enemyskill",
        "fields": {
            "include": false,
            "skill": 16,
            "enemy_template": 90,
            "die_set": "CHA+POW"
        }
    },
    {
        "pk": 1612,
        "model": "enemygen.enemyskill",
        "fields": {
            "include": true,
            "skill": 17,
            "enemy_template": 90,
            "die_set": "DEX+INT"
        }
    },
    {
        "pk": 1613,
        "model": "enemygen.enemyskill",
        "fields": {
            "include": false,
            "skill": 18,
            "enemy_template": 90,
            "die_set": "STR+CON"
        }
    },
    {
        "pk": 1614,
        "model": "enemygen.enemyskill",
        "fields": {
            "include": true,
            "skill": 19,
            "enemy_template": 90,
            "die_set": "STR+DEX+40+D6"
        }
    },
    {
        "pk": 1615,
        "model": "enemygen.enemyskill",
        "fields": {
            "include": true,
            "skill": 5,
            "enemy_template": 90,
            "die_set": "POW+POW+40+D6"
        }
    },
    {
        "pk": 1832,
        "model": "enemygen.enemyskill",
        "fields": {
            "include": true,
            "skill": 1,
            "enemy_template": 100,
            "die_set": "STR+DEX"
        }
    },
    {
        "pk": 1833,
        "model": "enemygen.enemyskill",
        "fields": {
            "include": false,
            "skill": 2,
            "enemy_template": 100,
            "die_set": "STR+CON"
        }
    },
    {
        "pk": 1834,
        "model": "enemygen.enemyskill",
        "fields": {
            "include": true,
            "skill": 3,
            "enemy_template": 100,
            "die_set": "STR+SIZ"
        }
    },
    {
        "pk": 1835,
        "model": "enemygen.enemyskill",
        "fields": {
            "include": false,
            "skill": 6,
            "enemy_template": 100,
            "die_set": "DEX+POW"
        }
    },
    {
        "pk": 1836,
        "model": "enemygen.enemyskill",
        "fields": {
            "include": false,
            "skill": 7,
            "enemy_template": 100,
            "die_set": "DEX+CHA"
        }
    },
    {
        "pk": 1837,
        "model": "enemygen.enemyskill",
        "fields": {
            "include": false,
            "skill": 8,
            "enemy_template": 100,
            "die_set": "INT+CHA"
        }
    },
    {
        "pk": 1838,
        "model": "enemygen.enemyskill",
        "fields": {
            "include": false,
            "skill": 22,
            "enemy_template": 100,
            "die_set": "POW+CHA"
        }
    },
    {
        "pk": 1839,
        "model": "enemygen.enemyskill",
        "fields": {
            "include": true,
            "skill": 4,
            "enemy_template": 100,
            "die_set": "CON+CON"
        }
    },
    {
        "pk": 1840,
        "model": "enemygen.enemyskill",
        "fields": {
            "include": true,
            "skill": 9,
            "enemy_template": 100,
            "die_set": "DEX+DEX"
        }
    },
    {
        "pk": 1841,
        "model": "enemygen.enemyskill",
        "fields": {
            "include": false,
            "skill": 21,
            "enemy_template": 100,
            "die_set": "INT+CHA"
        }
    },
    {
        "pk": 1842,
        "model": "enemygen.enemyskill",
        "fields": {
            "include": false,
            "skill": 10,
            "enemy_template": 100,
            "die_set": "DEX+INT"
        }
    },
    {
        "pk": 1843,
        "model": "enemygen.enemyskill",
        "fields": {
            "include": false,
            "skill": 20,
            "enemy_template": 100,
            "die_set": "POW+CHA"
        }
    },
    {
        "pk": 1844,
        "model": "enemygen.enemyskill",
        "fields": {
            "include": false,
            "skill": 11,
            "enemy_template": 100,
            "die_set": "CHA+CHA"
        }
    },
    {
        "pk": 1845,
        "model": "enemygen.enemyskill",
        "fields": {
            "include": false,
            "skill": 12,
            "enemy_template": 100,
            "die_set": "INT+POW"
        }
    },
    {
        "pk": 1846,
        "model": "enemygen.enemyskill",
        "fields": {
            "include": false,
            "skill": 23,
            "enemy_template": 100,
            "die_set": "INT+CHA"
        }
    },
    {
        "pk": 1847,
        "model": "enemygen.enemyskill",
        "fields": {
            "include": false,
            "skill": 13,
            "enemy_template": 100,
            "die_set": "INT+INT"
        }
    },
    {
        "pk": 1848,
        "model": "enemygen.enemyskill",
        "fields": {
            "include": true,
            "skill": 14,
            "enemy_template": 100,
            "die_set": "INT+POW"
        }
    },
    {
        "pk": 1849,
        "model": "enemygen.enemyskill",
        "fields": {
            "include": false,
            "skill": 15,
            "enemy_template": 100,
            "die_set": "DEX+POW"
        }
    },
    {
        "pk": 1850,
        "model": "enemygen.enemyskill",
        "fields": {
            "include": false,
            "skill": 24,
            "enemy_template": 100,
            "die_set": "INT+POW"
        }
    },
    {
        "pk": 1851,
        "model": "enemygen.enemyskill",
        "fields": {
            "include": false,
            "skill": 16,
            "enemy_template": 100,
            "die_set": "CHA+POW"
        }
    },
    {
        "pk": 1852,
        "model": "enemygen.enemyskill",
        "fields": {
            "include": false,
            "skill": 17,
            "enemy_template": 100,
            "die_set": "DEX+INT"
        }
    },
    {
        "pk": 1853,
        "model": "enemygen.enemyskill",
        "fields": {
            "include": false,
            "skill": 18,
            "enemy_template": 100,
            "die_set": "STR+CON"
        }
    },
    {
        "pk": 1854,
        "model": "enemygen.enemyskill",
        "fields": {
            "include": true,
            "skill": 19,
            "enemy_template": 100,
            "die_set": "STR+DEX"
        }
    },
    {
        "pk": 1855,
        "model": "enemygen.enemyskill",
        "fields": {
            "include": true,
            "skill": 5,
            "enemy_template": 100,
            "die_set": "POW+POW"
        }
    },
    {
        "pk": 54548,
        "model": "enemygen.enemyskill",
        "fields": {
            "include": false,
            "skill": 33,
            "enemy_template": 83,
            "die_set": "STR+DEX"
        }
    },
    {
        "pk": 54586,
        "model": "enemygen.enemyskill",
        "fields": {
            "include": true,
            "skill": 33,
            "enemy_template": 40,
            "die_set": "STR+DEX"
        }
    },
    {
        "pk": 54647,
        "model": "enemygen.enemyskill",
        "fields": {
            "include": false,
            "skill": 33,
            "enemy_template": 39,
            "die_set": "STR+DEX"
        }
    },
    {
        "pk": 54769,
        "model": "enemygen.enemyskill",
        "fields": {
            "include": false,
            "skill": 33,
            "enemy_template": 53,
            "die_set": "STR+DEX"
        }
    },
    {
        "pk": 54770,
        "model": "enemygen.enemyskill",
        "fields": {
            "include": false,
            "skill": 33,
            "enemy_template": 52,
            "die_set": "STR+DEX"
        }
    },
    {
        "pk": 54887,
        "model": "enemygen.enemyskill",
        "fields": {
            "include": false,
            "skill": 33,
            "enemy_template": 41,
            "die_set": "STR+DEX"
        }
    },
    {
        "pk": 55429,
        "model": "enemygen.enemyskill",
        "fields": {
            "include": false,
            "skill": 33,
            "enemy_template": 42,
            "die_set": "STR+DEX"
        }
    },
    {
        "pk": 55545,
        "model": "enemygen.enemyskill",
        "fields": {
            "include": false,
            "skill": 33,
            "enemy_template": 90,
            "die_set": "STR+DEX"
        }
    },
    {
        "pk": 55563,
        "model": "enemygen.enemyskill",
        "fields": {
            "include": false,
            "skill": 33,
            "enemy_template": 89,
            "die_set": "STR+DEX"
        }
    },
    {
        "pk": 55749,
        "model": "enemygen.enemyskill",
        "fields": {
            "include": false,
            "skill": 33,
            "enemy_template": 38,
            "die_set": "STR+DEX"
        }
    },
    {
        "pk": 55808,
        "model": "enemygen.enemyskill",
        "fields": {
            "include": false,
            "skill": 33,
            "enemy_template": 87,
            "die_set": "STR+DEX"
        }
    },
    {
        "pk": 55833,
        "model": "enemygen.enemyskill",
        "fields": {
            "include": false,
            "skill": 33,
            "enemy_template": 59,
            "die_set": "STR+DEX"
        }
    },
    {
        "pk": 56016,
        "model": "enemygen.enemyskill",
        "fields": {
            "include": false,
            "skill": 33,
            "enemy_template": 37,
            "die_set": "STR+DEX"
        }
    },
    {
        "pk": 56304,
        "model": "enemygen.enemyskill",
        "fields": {
            "include": false,
            "skill": 33,
            "enemy_template": 100,
            "die_set": "STR+DEX"
        }
    },
    {
        "pk": 56338,
        "model": "enemygen.enemyskill",
        "fields": {
            "include": false,
            "skill": 33,
            "enemy_template": 55,
            "die_set": "STR+DEX"
        }
    },
    {
        "pk": 56910,
        "model": "enemygen.enemyskill",
        "fields": {
            "include": false,
            "skill": 32,
            "enemy_template": 83,
            "die_set": "CHA+CHA"
        }
    },
    {
        "pk": 56948,
        "model": "enemygen.enemyskill",
        "fields": {
            "include": false,
            "skill": 32,
            "enemy_template": 40,
            "die_set": "CHA+CHA"
        }
    },
    {
        "pk": 57009,
        "model": "enemygen.enemyskill",
        "fields": {
            "include": false,
            "skill": 32,
            "enemy_template": 39,
            "die_set": "CHA+CHA"
        }
    },
    {
        "pk": 57131,
        "model": "enemygen.enemyskill",
        "fields": {
            "include": false,
            "skill": 32,
            "enemy_template": 53,
            "die_set": "CHA+CHA"
        }
    },
    {
        "pk": 57132,
        "model": "enemygen.enemyskill",
        "fields": {
            "include": false,
            "skill": 32,
            "enemy_template": 52,
            "die_set": "CHA+CHA"
        }
    },
    {
        "pk": 57249,
        "model": "enemygen.enemyskill",
        "fields": {
            "include": false,
            "skill": 32,
            "enemy_template": 41,
            "die_set": "CHA+CHA"
        }
    },
    {
        "pk": 57791,
        "model": "enemygen.enemyskill",
        "fields": {
            "include": false,
            "skill": 32,
            "enemy_template": 42,
            "die_set": "CHA+CHA"
        }
    },
    {
        "pk": 57907,
        "model": "enemygen.enemyskill",
        "fields": {
            "include": false,
            "skill": 32,
            "enemy_template": 90,
            "die_set": "CHA+CHA"
        }
    },
    {
        "pk": 57925,
        "model": "enemygen.enemyskill",
        "fields": {
            "include": false,
            "skill": 32,
            "enemy_template": 89,
            "die_set": "CHA+CHA"
        }
    },
    {
        "pk": 58111,
        "model": "enemygen.enemyskill",
        "fields": {
            "include": false,
            "skill": 32,
            "enemy_template": 38,
            "die_set": "CHA+CHA"
        }
    },
    {
        "pk": 58170,
        "model": "enemygen.enemyskill",
        "fields": {
            "include": false,
            "skill": 32,
            "enemy_template": 87,
            "die_set": "CHA+CHA"
        }
    },
    {
        "pk": 58195,
        "model": "enemygen.enemyskill",
        "fields": {
            "include": false,
            "skill": 32,
            "enemy_template": 59,
            "die_set": "CHA+CHA"
        }
    },
    {
        "pk": 58378,
        "model": "enemygen.enemyskill",
        "fields": {
            "include": false,
            "skill": 32,
            "enemy_template": 37,
            "die_set": "CHA+CHA"
        }
    },
    {
        "pk": 58666,
        "model": "enemygen.enemyskill",
        "fields": {
            "include": false,
            "skill": 32,
            "enemy_template": 100,
            "die_set": "CHA+CHA"
        }
    },
    {
        "pk": 58700,
        "model": "enemygen.enemyskill",
        "fields": {
            "include": false,
            "skill": 32,
            "enemy_template": 55,
            "die_set": "CHA+CHA"
        }
    },
    {
        "pk": 59272,
        "model": "enemygen.enemyskill",
        "fields": {
            "include": false,
            "skill": 34,
            "enemy_template": 83,
            "die_set": "POW+CHA"
        }
    },
    {
        "pk": 59310,
        "model": "enemygen.enemyskill",
        "fields": {
            "include": false,
            "skill": 34,
            "enemy_template": 40,
            "die_set": "POW+CHA"
        }
    },
    {
        "pk": 59371,
        "model": "enemygen.enemyskill",
        "fields": {
            "include": false,
            "skill": 34,
            "enemy_template": 39,
            "die_set": "POW+CHA"
        }
    },
    {
        "pk": 59493,
        "model": "enemygen.enemyskill",
        "fields": {
            "include": false,
            "skill": 34,
            "enemy_template": 53,
            "die_set": "POW+CHA"
        }
    },
    {
        "pk": 59494,
        "model": "enemygen.enemyskill",
        "fields": {
            "include": false,
            "skill": 34,
            "enemy_template": 52,
            "die_set": "POW+CHA"
        }
    },
    {
        "pk": 59611,
        "model": "enemygen.enemyskill",
        "fields": {
            "include": false,
            "skill": 34,
            "enemy_template": 41,
            "die_set": "POW+CHA"
        }
    },
    {
        "pk": 60153,
        "model": "enemygen.enemyskill",
        "fields": {
            "include": false,
            "skill": 34,
            "enemy_template": 42,
            "die_set": "POW+CHA"
        }
    },
    {
        "pk": 60269,
        "model": "enemygen.enemyskill",
        "fields": {
            "include": false,
            "skill": 34,
            "enemy_template": 90,
            "die_set": "POW+CHA"
        }
    },
    {
        "pk": 60287,
        "model": "enemygen.enemyskill",
        "fields": {
            "include": false,
            "skill": 34,
            "enemy_template": 89,
            "die_set": "POW+CHA"
        }
    },
    {
        "pk": 60473,
        "model": "enemygen.enemyskill",
        "fields": {
            "include": false,
            "skill": 34,
            "enemy_template": 38,
            "die_set": "POW+CHA"
        }
    },
    {
        "pk": 60532,
        "model": "enemygen.enemyskill",
        "fields": {
            "include": false,
            "skill": 34,
            "enemy_template": 87,
            "die_set": "POW+CHA"
        }
    },
    {
        "pk": 60557,
        "model": "enemygen.enemyskill",
        "fields": {
            "include": false,
            "skill": 34,
            "enemy_template": 59,
            "die_set": "POW+CHA"
        }
    },
    {
        "pk": 60740,
        "model": "enemygen.enemyskill",
        "fields": {
            "include": false,
            "skill": 34,
            "enemy_template": 37,
            "die_set": "POW+CHA"
        }
    },
    {
        "pk": 61028,
        "model": "enemygen.enemyskill",
        "fields": {
            "include": false,
            "skill": 34,
            "enemy_template": 100,
            "die_set": "POW+CHA"
        }
    },
    {
        "pk": 61062,
        "model": "enemygen.enemyskill",
        "fields": {
            "include": false,
            "skill": 34,
            "enemy_template": 55,
            "die_set": "POW+CHA"
        }
    },
    {
        "pk": 61634,
        "model": "enemygen.enemyskill",
        "fields": {
            "include": false,
            "skill": 35,
            "enemy_template": 83,
            "die_set": "INT+INT"
        }
    },
    {
        "pk": 61672,
        "model": "enemygen.enemyskill",
        "fields": {
            "include": false,
            "skill": 35,
            "enemy_template": 40,
            "die_set": "INT+INT"
        }
    },
    {
        "pk": 61733,
        "model": "enemygen.enemyskill",
        "fields": {
            "include": false,
            "skill": 35,
            "enemy_template": 39,
            "die_set": "INT+INT"
        }
    },
    {
        "pk": 61855,
        "model": "enemygen.enemyskill",
        "fields": {
            "include": false,
            "skill": 35,
            "enemy_template": 53,
            "die_set": "INT+INT"
        }
    },
    {
        "pk": 61856,
        "model": "enemygen.enemyskill",
        "fields": {
            "include": false,
            "skill": 35,
            "enemy_template": 52,
            "die_set": "INT+INT"
        }
    },
    {
        "pk": 61973,
        "model": "enemygen.enemyskill",
        "fields": {
            "include": false,
            "skill": 35,
            "enemy_template": 41,
            "die_set": "INT+INT"
        }
    },
    {
        "pk": 62515,
        "model": "enemygen.enemyskill",
        "fields": {
            "include": false,
            "skill": 35,
            "enemy_template": 42,
            "die_set": "INT+INT"
        }
    },
    {
        "pk": 62631,
        "model": "enemygen.enemyskill",
        "fields": {
            "include": false,
            "skill": 35,
            "enemy_template": 90,
            "die_set": "INT+INT"
        }
    },
    {
        "pk": 62649,
        "model": "enemygen.enemyskill",
        "fields": {
            "include": false,
            "skill": 35,
            "enemy_template": 89,
            "die_set": "INT+INT"
        }
    },
    {
        "pk": 62835,
        "model": "enemygen.enemyskill",
        "fields": {
            "include": false,
            "skill": 35,
            "enemy_template": 38,
            "die_set": "INT+INT"
        }
    },
    {
        "pk": 62894,
        "model": "enemygen.enemyskill",
        "fields": {
            "include": false,
            "skill": 35,
            "enemy_template": 87,
            "die_set": "INT+INT"
        }
    },
    {
        "pk": 62919,
        "model": "enemygen.enemyskill",
        "fields": {
            "include": false,
            "skill": 35,
            "enemy_template": 59,
            "die_set": "INT+INT"
        }
    },
    {
        "pk": 63102,
        "model": "enemygen.enemyskill",
        "fields": {
            "include": false,
            "skill": 35,
            "enemy_template": 37,
            "die_set": "INT+INT"
        }
    },
    {
        "pk": 63390,
        "model": "enemygen.enemyskill",
        "fields": {
            "include": false,
            "skill": 35,
            "enemy_template": 100,
            "die_set": "INT+INT"
        }
    },
    {
        "pk": 63424,
        "model": "enemygen.enemyskill",
        "fields": {
            "include": false,
            "skill": 35,
            "enemy_template": 55,
            "die_set": "INT+INT"
        }
    },
    {
        "pk": 63996,
        "model": "enemygen.enemyskill",
        "fields": {
            "include": false,
            "skill": 36,
            "enemy_template": 83,
            "die_set": "INT+CHA"
        }
    },
    {
        "pk": 64034,
        "model": "enemygen.enemyskill",
        "fields": {
            "include": false,
            "skill": 36,
            "enemy_template": 40,
            "die_set": "INT+CHA"
        }
    },
    {
        "pk": 64095,
        "model": "enemygen.enemyskill",
        "fields": {
            "include": false,
            "skill": 36,
            "enemy_template": 39,
            "die_set": "INT+CHA"
        }
    },
    {
        "pk": 64217,
        "model": "enemygen.enemyskill",
        "fields": {
            "include": false,
            "skill": 36,
            "enemy_template": 53,
            "die_set": "INT+CHA"
        }
    },
    {
        "pk": 64218,
        "model": "enemygen.enemyskill",
        "fields": {
            "include": false,
            "skill": 36,
            "enemy_template": 52,
            "die_set": "INT+CHA"
        }
    },
    {
        "pk": 64335,
        "model": "enemygen.enemyskill",
        "fields": {
            "include": false,
            "skill": 36,
            "enemy_template": 41,
            "die_set": "INT+CHA"
        }
    },
    {
        "pk": 64877,
        "model": "enemygen.enemyskill",
        "fields": {
            "include": false,
            "skill": 36,
            "enemy_template": 42,
            "die_set": "INT+CHA"
        }
    },
    {
        "pk": 64993,
        "model": "enemygen.enemyskill",
        "fields": {
            "include": false,
            "skill": 36,
            "enemy_template": 90,
            "die_set": "INT+CHA"
        }
    },
    {
        "pk": 65011,
        "model": "enemygen.enemyskill",
        "fields": {
            "include": false,
            "skill": 36,
            "enemy_template": 89,
            "die_set": "INT+CHA"
        }
    },
    {
        "pk": 65197,
        "model": "enemygen.enemyskill",
        "fields": {
            "include": false,
            "skill": 36,
            "enemy_template": 38,
            "die_set": "INT+CHA"
        }
    },
    {
        "pk": 65256,
        "model": "enemygen.enemyskill",
        "fields": {
            "include": false,
            "skill": 36,
            "enemy_template": 87,
            "die_set": "INT+CHA"
        }
    },
    {
        "pk": 65281,
        "model": "enemygen.enemyskill",
        "fields": {
            "include": false,
            "skill": 36,
            "enemy_template": 59,
            "die_set": "INT+CHA"
        }
    },
    {
        "pk": 65464,
        "model": "enemygen.enemyskill",
        "fields": {
            "include": false,
            "skill": 36,
            "enemy_template": 37,
            "die_set": "INT+CHA"
        }
    },
    {
        "pk": 65752,
        "model": "enemygen.enemyskill",
        "fields": {
            "include": false,
            "skill": 36,
            "enemy_template": 100,
            "die_set": "INT+CHA"
        }
    },
    {
        "pk": 65786,
        "model": "enemygen.enemyskill",
        "fields": {
            "include": false,
            "skill": 36,
            "enemy_template": 55,
            "die_set": "INT+CHA"
        }
    },
    {
        "pk": 66358,
        "model": "enemygen.enemyskill",
        "fields": {
            "include": false,
            "skill": 37,
            "enemy_template": 83,
            "die_set": "INT+CHA"
        }
    },
    {
        "pk": 66396,
        "model": "enemygen.enemyskill",
        "fields": {
            "include": false,
            "skill": 37,
            "enemy_template": 40,
            "die_set": "INT+CHA"
        }
    },
    {
        "pk": 66457,
        "model": "enemygen.enemyskill",
        "fields": {
            "include": false,
            "skill": 37,
            "enemy_template": 39,
            "die_set": "INT+CHA"
        }
    },
    {
        "pk": 66579,
        "model": "enemygen.enemyskill",
        "fields": {
            "include": false,
            "skill": 37,
            "enemy_template": 53,
            "die_set": "INT+CHA"
        }
    },
    {
        "pk": 66580,
        "model": "enemygen.enemyskill",
        "fields": {
            "include": false,
            "skill": 37,
            "enemy_template": 52,
            "die_set": "INT+CHA"
        }
    },
    {
        "pk": 66697,
        "model": "enemygen.enemyskill",
        "fields": {
            "include": false,
            "skill": 37,
            "enemy_template": 41,
            "die_set": "INT+CHA"
        }
    },
    {
        "pk": 67239,
        "model": "enemygen.enemyskill",
        "fields": {
            "include": false,
            "skill": 37,
            "enemy_template": 42,
            "die_set": "INT+CHA"
        }
    },
    {
        "pk": 67355,
        "model": "enemygen.enemyskill",
        "fields": {
            "include": false,
            "skill": 37,
            "enemy_template": 90,
            "die_set": "INT+CHA"
        }
    },
    {
        "pk": 67373,
        "model": "enemygen.enemyskill",
        "fields": {
            "include": false,
            "skill": 37,
            "enemy_template": 89,
            "die_set": "INT+CHA"
        }
    },
    {
        "pk": 67559,
        "model": "enemygen.enemyskill",
        "fields": {
            "include": false,
            "skill": 37,
            "enemy_template": 38,
            "die_set": "INT+CHA"
        }
    },
    {
        "pk": 67618,
        "model": "enemygen.enemyskill",
        "fields": {
            "include": false,
            "skill": 37,
            "enemy_template": 87,
            "die_set": "INT+CHA"
        }
    },
    {
        "pk": 67643,
        "model": "enemygen.enemyskill",
        "fields": {
            "include": false,
            "skill": 37,
            "enemy_template": 59,
            "die_set": "INT+CHA"
        }
    },
    {
        "pk": 67826,
        "model": "enemygen.enemyskill",
        "fields": {
            "include": false,
            "skill": 37,
            "enemy_template": 37,
            "die_set": "INT+CHA"
        }
    },
    {
        "pk": 68114,
        "model": "enemygen.enemyskill",
        "fields": {
            "include": false,
            "skill": 37,
            "enemy_template": 100,
            "die_set": "INT+CHA"
        }
    },
    {
        "pk": 68148,
        "model": "enemygen.enemyskill",
        "fields": {
            "include": false,
            "skill": 37,
            "enemy_template": 55,
            "die_set": "INT+CHA"
        }
    },
    {
        "pk": 68720,
        "model": "enemygen.enemyskill",
        "fields": {
            "include": false,
            "skill": 38,
            "enemy_template": 83,
            "die_set": "INT+CHA"
        }
    },
    {
        "pk": 68758,
        "model": "enemygen.enemyskill",
        "fields": {
            "include": false,
            "skill": 38,
            "enemy_template": 40,
            "die_set": "INT+CHA"
        }
    },
    {
        "pk": 68819,
        "model": "enemygen.enemyskill",
        "fields": {
            "include": false,
            "skill": 38,
            "enemy_template": 39,
            "die_set": "INT+CHA"
        }
    },
    {
        "pk": 68941,
        "model": "enemygen.enemyskill",
        "fields": {
            "include": false,
            "skill": 38,
            "enemy_template": 53,
            "die_set": "INT+CHA"
        }
    },
    {
        "pk": 68942,
        "model": "enemygen.enemyskill",
        "fields": {
            "include": false,
            "skill": 38,
            "enemy_template": 52,
            "die_set": "INT+CHA"
        }
    },
    {
        "pk": 69059,
        "model": "enemygen.enemyskill",
        "fields": {
            "include": false,
            "skill": 38,
            "enemy_template": 41,
            "die_set": "INT+CHA"
        }
    },
    {
        "pk": 69601,
        "model": "enemygen.enemyskill",
        "fields": {
            "include": false,
            "skill": 38,
            "enemy_template": 42,
            "die_set": "INT+CHA"
        }
    },
    {
        "pk": 69717,
        "model": "enemygen.enemyskill",
        "fields": {
            "include": false,
            "skill": 38,
            "enemy_template": 90,
            "die_set": "INT+CHA"
        }
    },
    {
        "pk": 69735,
        "model": "enemygen.enemyskill",
        "fields": {
            "include": false,
            "skill": 38,
            "enemy_template": 89,
            "die_set": "INT+CHA"
        }
    },
    {
        "pk": 69921,
        "model": "enemygen.enemyskill",
        "fields": {
            "include": false,
            "skill": 38,
            "enemy_template": 38,
            "die_set": "INT+CHA"
        }
    },
    {
        "pk": 69980,
        "model": "enemygen.enemyskill",
        "fields": {
            "include": false,
            "skill": 38,
            "enemy_template": 87,
            "die_set": "INT+CHA"
        }
    },
    {
        "pk": 70005,
        "model": "enemygen.enemyskill",
        "fields": {
            "include": false,
            "skill": 38,
            "enemy_template": 59,
            "die_set": "INT+CHA"
        }
    },
    {
        "pk": 70188,
        "model": "enemygen.enemyskill",
        "fields": {
            "include": false,
            "skill": 38,
            "enemy_template": 37,
            "die_set": "INT+CHA"
        }
    },
    {
        "pk": 70476,
        "model": "enemygen.enemyskill",
        "fields": {
            "include": false,
            "skill": 38,
            "enemy_template": 100,
            "die_set": "INT+CHA"
        }
    },
    {
        "pk": 70510,
        "model": "enemygen.enemyskill",
        "fields": {
            "include": false,
            "skill": 38,
            "enemy_template": 55,
            "die_set": "INT+CHA"
        }
    },
    {
        "pk": 71082,
        "model": "enemygen.enemyskill",
        "fields": {
            "include": false,
            "skill": 39,
            "enemy_template": 83,
            "die_set": "INT+INT"
        }
    },
    {
        "pk": 71120,
        "model": "enemygen.enemyskill",
        "fields": {
            "include": false,
            "skill": 39,
            "enemy_template": 40,
            "die_set": "INT+INT"
        }
    },
    {
        "pk": 71181,
        "model": "enemygen.enemyskill",
        "fields": {
            "include": false,
            "skill": 39,
            "enemy_template": 39,
            "die_set": "INT+INT"
        }
    },
    {
        "pk": 71303,
        "model": "enemygen.enemyskill",
        "fields": {
            "include": false,
            "skill": 39,
            "enemy_template": 53,
            "die_set": "INT+INT"
        }
    },
    {
        "pk": 71304,
        "model": "enemygen.enemyskill",
        "fields": {
            "include": false,
            "skill": 39,
            "enemy_template": 52,
            "die_set": "INT+INT"
        }
    },
    {
        "pk": 71421,
        "model": "enemygen.enemyskill",
        "fields": {
            "include": false,
            "skill": 39,
            "enemy_template": 41,
            "die_set": "INT+INT"
        }
    },
    {
        "pk": 71963,
        "model": "enemygen.enemyskill",
        "fields": {
            "include": false,
            "skill": 39,
            "enemy_template": 42,
            "die_set": "INT+INT"
        }
    },
    {
        "pk": 72079,
        "model": "enemygen.enemyskill",
        "fields": {
            "include": false,
            "skill": 39,
            "enemy_template": 90,
            "die_set": "INT+INT"
        }
    },
    {
        "pk": 72097,
        "model": "enemygen.enemyskill",
        "fields": {
            "include": false,
            "skill": 39,
            "enemy_template": 89,
            "die_set": "INT+INT"
        }
    },
    {
        "pk": 72283,
        "model": "enemygen.enemyskill",
        "fields": {
            "include": false,
            "skill": 39,
            "enemy_template": 38,
            "die_set": "INT+INT"
        }
    },
    {
        "pk": 72342,
        "model": "enemygen.enemyskill",
        "fields": {
            "include": false,
            "skill": 39,
            "enemy_template": 87,
            "die_set": "INT+INT"
        }
    },
    {
        "pk": 72367,
        "model": "enemygen.enemyskill",
        "fields": {
            "include": false,
            "skill": 39,
            "enemy_template": 59,
            "die_set": "INT+INT"
        }
    },
    {
        "pk": 72550,
        "model": "enemygen.enemyskill",
        "fields": {
            "include": false,
            "skill": 39,
            "enemy_template": 37,
            "die_set": "INT+INT"
        }
    },
    {
        "pk": 72838,
        "model": "enemygen.enemyskill",
        "fields": {
            "include": false,
            "skill": 39,
            "enemy_template": 100,
            "die_set": "INT+INT"
        }
    },
    {
        "pk": 72872,
        "model": "enemygen.enemyskill",
        "fields": {
            "include": false,
            "skill": 39,
            "enemy_template": 55,
            "die_set": "INT+INT"
        }
    },
    {
        "pk": 73444,
        "model": "enemygen.enemyskill",
        "fields": {
            "include": false,
            "skill": 40,
            "enemy_template": 83,
            "die_set": "INT+POW"
        }
    },
    {
        "pk": 73482,
        "model": "enemygen.enemyskill",
        "fields": {
            "include": false,
            "skill": 40,
            "enemy_template": 40,
            "die_set": "INT+POW"
        }
    },
    {
        "pk": 73543,
        "model": "enemygen.enemyskill",
        "fields": {
            "include": false,
            "skill": 40,
            "enemy_template": 39,
            "die_set": "INT+POW"
        }
    },
    {
        "pk": 73665,
        "model": "enemygen.enemyskill",
        "fields": {
            "include": false,
            "skill": 40,
            "enemy_template": 53,
            "die_set": "INT+POW"
        }
    },
    {
        "pk": 73666,
        "model": "enemygen.enemyskill",
        "fields": {
            "include": false,
            "skill": 40,
            "enemy_template": 52,
            "die_set": "INT+POW"
        }
    },
    {
        "pk": 73783,
        "model": "enemygen.enemyskill",
        "fields": {
            "include": false,
            "skill": 40,
            "enemy_template": 41,
            "die_set": "INT+POW"
        }
    },
    {
        "pk": 74325,
        "model": "enemygen.enemyskill",
        "fields": {
            "include": false,
            "skill": 40,
            "enemy_template": 42,
            "die_set": "INT+POW"
        }
    },
    {
        "pk": 74441,
        "model": "enemygen.enemyskill",
        "fields": {
            "include": false,
            "skill": 40,
            "enemy_template": 90,
            "die_set": "INT+POW"
        }
    },
    {
        "pk": 74459,
        "model": "enemygen.enemyskill",
        "fields": {
            "include": false,
            "skill": 40,
            "enemy_template": 89,
            "die_set": "INT+POW"
        }
    },
    {
        "pk": 74645,
        "model": "enemygen.enemyskill",
        "fields": {
            "include": false,
            "skill": 40,
            "enemy_template": 38,
            "die_set": "INT+POW"
        }
    },
    {
        "pk": 74704,
        "model": "enemygen.enemyskill",
        "fields": {
            "include": false,
            "skill": 40,
            "enemy_template": 87,
            "die_set": "INT+POW"
        }
    },
    {
        "pk": 74729,
        "model": "enemygen.enemyskill",
        "fields": {
            "include": false,
            "skill": 40,
            "enemy_template": 59,
            "die_set": "INT+POW"
        }
    },
    {
        "pk": 74912,
        "model": "enemygen.enemyskill",
        "fields": {
            "include": false,
            "skill": 40,
            "enemy_template": 37,
            "die_set": "INT+POW"
        }
    },
    {
        "pk": 75200,
        "model": "enemygen.enemyskill",
        "fields": {
            "include": false,
            "skill": 40,
            "enemy_template": 100,
            "die_set": "INT+POW"
        }
    },
    {
        "pk": 75234,
        "model": "enemygen.enemyskill",
        "fields": {
            "include": false,
            "skill": 40,
            "enemy_template": 55,
            "die_set": "INT+POW"
        }
    },
    {
        "pk": 75806,
        "model": "enemygen.enemyskill",
        "fields": {
            "include": false,
            "skill": 41,
            "enemy_template": 83,
            "die_set": "INT+POW"
        }
    },
    {
        "pk": 75844,
        "model": "enemygen.enemyskill",
        "fields": {
            "include": false,
            "skill": 41,
            "enemy_template": 40,
            "die_set": "INT+POW"
        }
    },
    {
        "pk": 75905,
        "model": "enemygen.enemyskill",
        "fields": {
            "include": false,
            "skill": 41,
            "enemy_template": 39,
            "die_set": "INT+POW"
        }
    },
    {
        "pk": 76027,
        "model": "enemygen.enemyskill",
        "fields": {
            "include": false,
            "skill": 41,
            "enemy_template": 53,
            "die_set": "INT+POW"
        }
    },
    {
        "pk": 76028,
        "model": "enemygen.enemyskill",
        "fields": {
            "include": false,
            "skill": 41,
            "enemy_template": 52,
            "die_set": "INT+POW"
        }
    },
    {
        "pk": 76145,
        "model": "enemygen.enemyskill",
        "fields": {
            "include": false,
            "skill": 41,
            "enemy_template": 41,
            "die_set": "INT+POW"
        }
    },
    {
        "pk": 76687,
        "model": "enemygen.enemyskill",
        "fields": {
            "include": false,
            "skill": 41,
            "enemy_template": 42,
            "die_set": "INT+POW"
        }
    },
    {
        "pk": 76803,
        "model": "enemygen.enemyskill",
        "fields": {
            "include": false,
            "skill": 41,
            "enemy_template": 90,
            "die_set": "INT+POW"
        }
    },
    {
        "pk": 76821,
        "model": "enemygen.enemyskill",
        "fields": {
            "include": false,
            "skill": 41,
            "enemy_template": 89,
            "die_set": "INT+POW"
        }
    },
    {
        "pk": 77007,
        "model": "enemygen.enemyskill",
        "fields": {
            "include": false,
            "skill": 41,
            "enemy_template": 38,
            "die_set": "INT+POW"
        }
    },
    {
        "pk": 77066,
        "model": "enemygen.enemyskill",
        "fields": {
            "include": false,
            "skill": 41,
            "enemy_template": 87,
            "die_set": "INT+POW"
        }
    },
    {
        "pk": 77091,
        "model": "enemygen.enemyskill",
        "fields": {
            "include": false,
            "skill": 41,
            "enemy_template": 59,
            "die_set": "INT+POW"
        }
    },
    {
        "pk": 77274,
        "model": "enemygen.enemyskill",
        "fields": {
            "include": false,
            "skill": 41,
            "enemy_template": 37,
            "die_set": "INT+POW"
        }
    },
    {
        "pk": 77562,
        "model": "enemygen.enemyskill",
        "fields": {
            "include": false,
            "skill": 41,
            "enemy_template": 100,
            "die_set": "INT+POW"
        }
    },
    {
        "pk": 77596,
        "model": "enemygen.enemyskill",
        "fields": {
            "include": false,
            "skill": 41,
            "enemy_template": 55,
            "die_set": "INT+POW"
        }
    },
    {
        "pk": 78168,
        "model": "enemygen.enemyskill",
        "fields": {
            "include": false,
            "skill": 42,
            "enemy_template": 83,
            "die_set": "DEX+DEX"
        }
    },
    {
        "pk": 78206,
        "model": "enemygen.enemyskill",
        "fields": {
            "include": false,
            "skill": 42,
            "enemy_template": 40,
            "die_set": "DEX+DEX"
        }
    },
    {
        "pk": 78267,
        "model": "enemygen.enemyskill",
        "fields": {
            "include": false,
            "skill": 42,
            "enemy_template": 39,
            "die_set": "DEX+DEX"
        }
    },
    {
        "pk": 78389,
        "model": "enemygen.enemyskill",
        "fields": {
            "include": false,
            "skill": 42,
            "enemy_template": 53,
            "die_set": "DEX+DEX"
        }
    },
    {
        "pk": 78390,
        "model": "enemygen.enemyskill",
        "fields": {
            "include": false,
            "skill": 42,
            "enemy_template": 52,
            "die_set": "DEX+DEX"
        }
    },
    {
        "pk": 78507,
        "model": "enemygen.enemyskill",
        "fields": {
            "include": false,
            "skill": 42,
            "enemy_template": 41,
            "die_set": "DEX+DEX"
        }
    },
    {
        "pk": 79049,
        "model": "enemygen.enemyskill",
        "fields": {
            "include": false,
            "skill": 42,
            "enemy_template": 42,
            "die_set": "DEX+DEX"
        }
    },
    {
        "pk": 79165,
        "model": "enemygen.enemyskill",
        "fields": {
            "include": false,
            "skill": 42,
            "enemy_template": 90,
            "die_set": "DEX+DEX"
        }
    },
    {
        "pk": 79183,
        "model": "enemygen.enemyskill",
        "fields": {
            "include": false,
            "skill": 42,
            "enemy_template": 89,
            "die_set": "DEX+DEX"
        }
    },
    {
        "pk": 79369,
        "model": "enemygen.enemyskill",
        "fields": {
            "include": false,
            "skill": 42,
            "enemy_template": 38,
            "die_set": "DEX+DEX"
        }
    },
    {
        "pk": 79428,
        "model": "enemygen.enemyskill",
        "fields": {
            "include": false,
            "skill": 42,
            "enemy_template": 87,
            "die_set": "DEX+DEX"
        }
    },
    {
        "pk": 79453,
        "model": "enemygen.enemyskill",
        "fields": {
            "include": false,
            "skill": 42,
            "enemy_template": 59,
            "die_set": "DEX+DEX"
        }
    },
    {
        "pk": 79636,
        "model": "enemygen.enemyskill",
        "fields": {
            "include": false,
            "skill": 42,
            "enemy_template": 37,
            "die_set": "DEX+DEX"
        }
    },
    {
        "pk": 79924,
        "model": "enemygen.enemyskill",
        "fields": {
            "include": false,
            "skill": 42,
            "enemy_template": 100,
            "die_set": "DEX+DEX"
        }
    },
    {
        "pk": 79958,
        "model": "enemygen.enemyskill",
        "fields": {
            "include": false,
            "skill": 42,
            "enemy_template": 55,
            "die_set": "DEX+DEX"
        }
    },
    {
        "pk": 80530,
        "model": "enemygen.enemyskill",
        "fields": {
            "include": false,
            "skill": 43,
            "enemy_template": 83,
            "die_set": "DEX+INT"
        }
    },
    {
        "pk": 80568,
        "model": "enemygen.enemyskill",
        "fields": {
            "include": false,
            "skill": 43,
            "enemy_template": 40,
            "die_set": "DEX+INT"
        }
    },
    {
        "pk": 80629,
        "model": "enemygen.enemyskill",
        "fields": {
            "include": false,
            "skill": 43,
            "enemy_template": 39,
            "die_set": "DEX+INT"
        }
    },
    {
        "pk": 80751,
        "model": "enemygen.enemyskill",
        "fields": {
            "include": false,
            "skill": 43,
            "enemy_template": 53,
            "die_set": "DEX+INT"
        }
    },
    {
        "pk": 80752,
        "model": "enemygen.enemyskill",
        "fields": {
            "include": false,
            "skill": 43,
            "enemy_template": 52,
            "die_set": "DEX+INT"
        }
    },
    {
        "pk": 80869,
        "model": "enemygen.enemyskill",
        "fields": {
            "include": false,
            "skill": 43,
            "enemy_template": 41,
            "die_set": "DEX+INT"
        }
    },
    {
        "pk": 81411,
        "model": "enemygen.enemyskill",
        "fields": {
            "include": false,
            "skill": 43,
            "enemy_template": 42,
            "die_set": "DEX+INT"
        }
    },
    {
        "pk": 81527,
        "model": "enemygen.enemyskill",
        "fields": {
            "include": false,
            "skill": 43,
            "enemy_template": 90,
            "die_set": "DEX+INT"
        }
    },
    {
        "pk": 81545,
        "model": "enemygen.enemyskill",
        "fields": {
            "include": false,
            "skill": 43,
            "enemy_template": 89,
            "die_set": "DEX+INT"
        }
    },
    {
        "pk": 81731,
        "model": "enemygen.enemyskill",
        "fields": {
            "include": false,
            "skill": 43,
            "enemy_template": 38,
            "die_set": "DEX+INT"
        }
    },
    {
        "pk": 81790,
        "model": "enemygen.enemyskill",
        "fields": {
            "include": false,
            "skill": 43,
            "enemy_template": 87,
            "die_set": "DEX+INT"
        }
    },
    {
        "pk": 81815,
        "model": "enemygen.enemyskill",
        "fields": {
            "include": false,
            "skill": 43,
            "enemy_template": 59,
            "die_set": "DEX+INT"
        }
    },
    {
        "pk": 81998,
        "model": "enemygen.enemyskill",
        "fields": {
            "include": false,
            "skill": 43,
            "enemy_template": 37,
            "die_set": "DEX+INT"
        }
    },
    {
        "pk": 82286,
        "model": "enemygen.enemyskill",
        "fields": {
            "include": false,
            "skill": 43,
            "enemy_template": 100,
            "die_set": "DEX+INT"
        }
    },
    {
        "pk": 82320,
        "model": "enemygen.enemyskill",
        "fields": {
            "include": false,
            "skill": 43,
            "enemy_template": 55,
            "die_set": "DEX+INT"
        }
    },
    {
        "pk": 82892,
        "model": "enemygen.enemyskill",
        "fields": {
            "include": false,
            "skill": 44,
            "enemy_template": 83,
            "die_set": "INT+POW"
        }
    },
    {
        "pk": 82930,
        "model": "enemygen.enemyskill",
        "fields": {
            "include": false,
            "skill": 44,
            "enemy_template": 40,
            "die_set": "INT+POW"
        }
    },
    {
        "pk": 82991,
        "model": "enemygen.enemyskill",
        "fields": {
            "include": false,
            "skill": 44,
            "enemy_template": 39,
            "die_set": "INT+POW"
        }
    },
    {
        "pk": 83113,
        "model": "enemygen.enemyskill",
        "fields": {
            "include": false,
            "skill": 44,
            "enemy_template": 53,
            "die_set": "INT+POW"
        }
    },
    {
        "pk": 83114,
        "model": "enemygen.enemyskill",
        "fields": {
            "include": false,
            "skill": 44,
            "enemy_template": 52,
            "die_set": "INT+POW"
        }
    },
    {
        "pk": 83231,
        "model": "enemygen.enemyskill",
        "fields": {
            "include": false,
            "skill": 44,
            "enemy_template": 41,
            "die_set": "INT+POW"
        }
    },
    {
        "pk": 83773,
        "model": "enemygen.enemyskill",
        "fields": {
            "include": false,
            "skill": 44,
            "enemy_template": 42,
            "die_set": "INT+POW"
        }
    },
    {
        "pk": 83889,
        "model": "enemygen.enemyskill",
        "fields": {
            "include": false,
            "skill": 44,
            "enemy_template": 90,
            "die_set": "INT+POW"
        }
    },
    {
        "pk": 83907,
        "model": "enemygen.enemyskill",
        "fields": {
            "include": false,
            "skill": 44,
            "enemy_template": 89,
            "die_set": "INT+POW"
        }
    },
    {
        "pk": 84093,
        "model": "enemygen.enemyskill",
        "fields": {
            "include": false,
            "skill": 44,
            "enemy_template": 38,
            "die_set": "INT+POW"
        }
    },
    {
        "pk": 84152,
        "model": "enemygen.enemyskill",
        "fields": {
            "include": false,
            "skill": 44,
            "enemy_template": 87,
            "die_set": "INT+POW"
        }
    },
    {
        "pk": 84177,
        "model": "enemygen.enemyskill",
        "fields": {
            "include": false,
            "skill": 44,
            "enemy_template": 59,
            "die_set": "INT+POW"
        }
    },
    {
        "pk": 84360,
        "model": "enemygen.enemyskill",
        "fields": {
            "include": false,
            "skill": 44,
            "enemy_template": 37,
            "die_set": "INT+POW"
        }
    },
    {
        "pk": 84648,
        "model": "enemygen.enemyskill",
        "fields": {
            "include": false,
            "skill": 44,
            "enemy_template": 100,
            "die_set": "INT+POW"
        }
    },
    {
        "pk": 84682,
        "model": "enemygen.enemyskill",
        "fields": {
            "include": false,
            "skill": 44,
            "enemy_template": 55,
            "die_set": "INT+POW"
        }
    },
    {
        "pk": 85254,
        "model": "enemygen.enemyskill",
        "fields": {
            "include": false,
            "skill": 45,
            "enemy_template": 83,
            "die_set": "POW+CHA"
        }
    },
    {
        "pk": 85292,
        "model": "enemygen.enemyskill",
        "fields": {
            "include": false,
            "skill": 45,
            "enemy_template": 40,
            "die_set": "POW+CHA"
        }
    },
    {
        "pk": 85353,
        "model": "enemygen.enemyskill",
        "fields": {
            "include": false,
            "skill": 45,
            "enemy_template": 39,
            "die_set": "POW+CHA"
        }
    },
    {
        "pk": 85475,
        "model": "enemygen.enemyskill",
        "fields": {
            "include": false,
            "skill": 45,
            "enemy_template": 53,
            "die_set": "POW+CHA"
        }
    },
    {
        "pk": 85476,
        "model": "enemygen.enemyskill",
        "fields": {
            "include": false,
            "skill": 45,
            "enemy_template": 52,
            "die_set": "POW+CHA"
        }
    },
    {
        "pk": 85593,
        "model": "enemygen.enemyskill",
        "fields": {
            "include": false,
            "skill": 45,
            "enemy_template": 41,
            "die_set": "POW+CHA"
        }
    },
    {
        "pk": 86135,
        "model": "enemygen.enemyskill",
        "fields": {
            "include": false,
            "skill": 45,
            "enemy_template": 42,
            "die_set": "POW+CHA"
        }
    },
    {
        "pk": 86251,
        "model": "enemygen.enemyskill",
        "fields": {
            "include": false,
            "skill": 45,
            "enemy_template": 90,
            "die_set": "POW+CHA"
        }
    },
    {
        "pk": 86269,
        "model": "enemygen.enemyskill",
        "fields": {
            "include": false,
            "skill": 45,
            "enemy_template": 89,
            "die_set": "POW+CHA"
        }
    },
    {
        "pk": 86455,
        "model": "enemygen.enemyskill",
        "fields": {
            "include": false,
            "skill": 45,
            "enemy_template": 38,
            "die_set": "POW+CHA"
        }
    },
    {
        "pk": 86514,
        "model": "enemygen.enemyskill",
        "fields": {
            "include": false,
            "skill": 45,
            "enemy_template": 87,
            "die_set": "POW+CHA"
        }
    },
    {
        "pk": 86539,
        "model": "enemygen.enemyskill",
        "fields": {
            "include": false,
            "skill": 45,
            "enemy_template": 59,
            "die_set": "POW+CHA"
        }
    },
    {
        "pk": 86722,
        "model": "enemygen.enemyskill",
        "fields": {
            "include": false,
            "skill": 45,
            "enemy_template": 37,
            "die_set": "POW+CHA"
        }
    },
    {
        "pk": 87010,
        "model": "enemygen.enemyskill",
        "fields": {
            "include": false,
            "skill": 45,
            "enemy_template": 100,
            "die_set": "POW+CHA"
        }
    },
    {
        "pk": 87044,
        "model": "enemygen.enemyskill",
        "fields": {
            "include": false,
            "skill": 45,
            "enemy_template": 55,
            "die_set": "POW+CHA"
        }
    },
    {
        "pk": 87616,
        "model": "enemygen.enemyskill",
        "fields": {
            "include": false,
            "skill": 46,
            "enemy_template": 83,
            "die_set": "INT+CON"
        }
    },
    {
        "pk": 87654,
        "model": "enemygen.enemyskill",
        "fields": {
            "include": false,
            "skill": 46,
            "enemy_template": 40,
            "die_set": "INT+CON"
        }
    },
    {
        "pk": 87715,
        "model": "enemygen.enemyskill",
        "fields": {
            "include": false,
            "skill": 46,
            "enemy_template": 39,
            "die_set": "INT+CON"
        }
    },
    {
        "pk": 87837,
        "model": "enemygen.enemyskill",
        "fields": {
            "include": false,
            "skill": 46,
            "enemy_template": 53,
            "die_set": "INT+CON"
        }
    },
    {
        "pk": 87838,
        "model": "enemygen.enemyskill",
        "fields": {
            "include": false,
            "skill": 46,
            "enemy_template": 52,
            "die_set": "INT+CON"
        }
    },
    {
        "pk": 87955,
        "model": "enemygen.enemyskill",
        "fields": {
            "include": false,
            "skill": 46,
            "enemy_template": 41,
            "die_set": "INT+CON"
        }
    },
    {
        "pk": 88497,
        "model": "enemygen.enemyskill",
        "fields": {
            "include": false,
            "skill": 46,
            "enemy_template": 42,
            "die_set": "INT+CON"
        }
    },
    {
        "pk": 88613,
        "model": "enemygen.enemyskill",
        "fields": {
            "include": false,
            "skill": 46,
            "enemy_template": 90,
            "die_set": "INT+CON"
        }
    },
    {
        "pk": 88631,
        "model": "enemygen.enemyskill",
        "fields": {
            "include": false,
            "skill": 46,
            "enemy_template": 89,
            "die_set": "INT+CON"
        }
    },
    {
        "pk": 88817,
        "model": "enemygen.enemyskill",
        "fields": {
            "include": false,
            "skill": 46,
            "enemy_template": 38,
            "die_set": "INT+CON"
        }
    },
    {
        "pk": 88876,
        "model": "enemygen.enemyskill",
        "fields": {
            "include": false,
            "skill": 46,
            "enemy_template": 87,
            "die_set": "INT+CON"
        }
    },
    {
        "pk": 88901,
        "model": "enemygen.enemyskill",
        "fields": {
            "include": false,
            "skill": 46,
            "enemy_template": 59,
            "die_set": "INT+CON"
        }
    },
    {
        "pk": 89084,
        "model": "enemygen.enemyskill",
        "fields": {
            "include": false,
            "skill": 46,
            "enemy_template": 37,
            "die_set": "INT+CON"
        }
    },
    {
        "pk": 89372,
        "model": "enemygen.enemyskill",
        "fields": {
            "include": false,
            "skill": 46,
            "enemy_template": 100,
            "die_set": "INT+CON"
        }
    },
    {
        "pk": 89406,
        "model": "enemygen.enemyskill",
        "fields": {
            "include": false,
            "skill": 46,
            "enemy_template": 55,
            "die_set": "INT+CON"
        }
    },
    {
        "pk": 89978,
        "model": "enemygen.enemyskill",
        "fields": {
            "include": false,
            "skill": 47,
            "enemy_template": 83,
            "die_set": "INT+CHA"
        }
    },
    {
        "pk": 90016,
        "model": "enemygen.enemyskill",
        "fields": {
            "include": false,
            "skill": 47,
            "enemy_template": 40,
            "die_set": "INT+CHA"
        }
    },
    {
        "pk": 90077,
        "model": "enemygen.enemyskill",
        "fields": {
            "include": false,
            "skill": 47,
            "enemy_template": 39,
            "die_set": "INT+CHA"
        }
    },
    {
        "pk": 90199,
        "model": "enemygen.enemyskill",
        "fields": {
            "include": false,
            "skill": 47,
            "enemy_template": 53,
            "die_set": "INT+CHA"
        }
    },
    {
        "pk": 90200,
        "model": "enemygen.enemyskill",
        "fields": {
            "include": false,
            "skill": 47,
            "enemy_template": 52,
            "die_set": "INT+CHA"
        }
    },
    {
        "pk": 90317,
        "model": "enemygen.enemyskill",
        "fields": {
            "include": false,
            "skill": 47,
            "enemy_template": 41,
            "die_set": "INT+CHA"
        }
    },
    {
        "pk": 90859,
        "model": "enemygen.enemyskill",
        "fields": {
            "include": false,
            "skill": 47,
            "enemy_template": 42,
            "die_set": "INT+CHA"
        }
    },
    {
        "pk": 90975,
        "model": "enemygen.enemyskill",
        "fields": {
            "include": false,
            "skill": 47,
            "enemy_template": 90,
            "die_set": "INT+CHA"
        }
    },
    {
        "pk": 90993,
        "model": "enemygen.enemyskill",
        "fields": {
            "include": false,
            "skill": 47,
            "enemy_template": 89,
            "die_set": "INT+CHA"
        }
    },
    {
        "pk": 91179,
        "model": "enemygen.enemyskill",
        "fields": {
            "include": false,
            "skill": 47,
            "enemy_template": 38,
            "die_set": "INT+CHA"
        }
    },
    {
        "pk": 91238,
        "model": "enemygen.enemyskill",
        "fields": {
            "include": false,
            "skill": 47,
            "enemy_template": 87,
            "die_set": "INT+CHA"
        }
    },
    {
        "pk": 91263,
        "model": "enemygen.enemyskill",
        "fields": {
            "include": false,
            "skill": 47,
            "enemy_template": 59,
            "die_set": "INT+CHA"
        }
    },
    {
        "pk": 91446,
        "model": "enemygen.enemyskill",
        "fields": {
            "include": false,
            "skill": 47,
            "enemy_template": 37,
            "die_set": "INT+CHA"
        }
    },
    {
        "pk": 91734,
        "model": "enemygen.enemyskill",
        "fields": {
            "include": false,
            "skill": 47,
            "enemy_template": 100,
            "die_set": "INT+CHA"
        }
    },
    {
        "pk": 91768,
        "model": "enemygen.enemyskill",
        "fields": {
            "include": false,
            "skill": 47,
            "enemy_template": 55,
            "die_set": "INT+CHA"
        }
    },
    {
        "pk": 92340,
        "model": "enemygen.enemyskill",
        "fields": {
            "include": false,
            "skill": 48,
            "enemy_template": 83,
            "die_set": "DEX+CHA"
        }
    },
    {
        "pk": 92378,
        "model": "enemygen.enemyskill",
        "fields": {
            "include": false,
            "skill": 48,
            "enemy_template": 40,
            "die_set": "DEX+CHA"
        }
    },
    {
        "pk": 92439,
        "model": "enemygen.enemyskill",
        "fields": {
            "include": false,
            "skill": 48,
            "enemy_template": 39,
            "die_set": "DEX+CHA"
        }
    },
    {
        "pk": 92561,
        "model": "enemygen.enemyskill",
        "fields": {
            "include": false,
            "skill": 48,
            "enemy_template": 53,
            "die_set": "DEX+CHA"
        }
    },
    {
        "pk": 92562,
        "model": "enemygen.enemyskill",
        "fields": {
            "include": false,
            "skill": 48,
            "enemy_template": 52,
            "die_set": "DEX+CHA"
        }
    },
    {
        "pk": 92679,
        "model": "enemygen.enemyskill",
        "fields": {
            "include": false,
            "skill": 48,
            "enemy_template": 41,
            "die_set": "DEX+CHA"
        }
    },
    {
        "pk": 93221,
        "model": "enemygen.enemyskill",
        "fields": {
            "include": false,
            "skill": 48,
            "enemy_template": 42,
            "die_set": "DEX+CHA"
        }
    },
    {
        "pk": 93337,
        "model": "enemygen.enemyskill",
        "fields": {
            "include": false,
            "skill": 48,
            "enemy_template": 90,
            "die_set": "DEX+CHA"
        }
    },
    {
        "pk": 93355,
        "model": "enemygen.enemyskill",
        "fields": {
            "include": false,
            "skill": 48,
            "enemy_template": 89,
            "die_set": "DEX+CHA"
        }
    },
    {
        "pk": 93541,
        "model": "enemygen.enemyskill",
        "fields": {
            "include": false,
            "skill": 48,
            "enemy_template": 38,
            "die_set": "DEX+CHA"
        }
    },
    {
        "pk": 93600,
        "model": "enemygen.enemyskill",
        "fields": {
            "include": false,
            "skill": 48,
            "enemy_template": 87,
            "die_set": "DEX+CHA"
        }
    },
    {
        "pk": 93625,
        "model": "enemygen.enemyskill",
        "fields": {
            "include": false,
            "skill": 48,
            "enemy_template": 59,
            "die_set": "DEX+CHA"
        }
    },
    {
        "pk": 93808,
        "model": "enemygen.enemyskill",
        "fields": {
            "include": false,
            "skill": 48,
            "enemy_template": 37,
            "die_set": "DEX+CHA"
        }
    },
    {
        "pk": 94096,
        "model": "enemygen.enemyskill",
        "fields": {
            "include": false,
            "skill": 48,
            "enemy_template": 100,
            "die_set": "DEX+CHA"
        }
    },
    {
        "pk": 94130,
        "model": "enemygen.enemyskill",
        "fields": {
            "include": false,
            "skill": 48,
            "enemy_template": 55,
            "die_set": "DEX+CHA"
        }
    },
    {
        "pk": 94702,
        "model": "enemygen.enemyskill",
        "fields": {
            "include": false,
            "skill": 49,
            "enemy_template": 83,
            "die_set": "POW+CHA"
        }
    },
    {
        "pk": 94740,
        "model": "enemygen.enemyskill",
        "fields": {
            "include": false,
            "skill": 49,
            "enemy_template": 40,
            "die_set": "POW+CHA"
        }
    },
    {
        "pk": 94801,
        "model": "enemygen.enemyskill",
        "fields": {
            "include": false,
            "skill": 49,
            "enemy_template": 39,
            "die_set": "POW+CHA"
        }
    },
    {
        "pk": 94923,
        "model": "enemygen.enemyskill",
        "fields": {
            "include": false,
            "skill": 49,
            "enemy_template": 53,
            "die_set": "POW+CHA"
        }
    },
    {
        "pk": 94924,
        "model": "enemygen.enemyskill",
        "fields": {
            "include": false,
            "skill": 49,
            "enemy_template": 52,
            "die_set": "POW+CHA"
        }
    },
    {
        "pk": 95041,
        "model": "enemygen.enemyskill",
        "fields": {
            "include": false,
            "skill": 49,
            "enemy_template": 41,
            "die_set": "POW+CHA"
        }
    },
    {
        "pk": 95583,
        "model": "enemygen.enemyskill",
        "fields": {
            "include": false,
            "skill": 49,
            "enemy_template": 42,
            "die_set": "POW+CHA"
        }
    },
    {
        "pk": 95699,
        "model": "enemygen.enemyskill",
        "fields": {
            "include": false,
            "skill": 49,
            "enemy_template": 90,
            "die_set": "POW+CHA"
        }
    },
    {
        "pk": 95717,
        "model": "enemygen.enemyskill",
        "fields": {
            "include": false,
            "skill": 49,
            "enemy_template": 89,
            "die_set": "POW+CHA"
        }
    },
    {
        "pk": 95903,
        "model": "enemygen.enemyskill",
        "fields": {
            "include": false,
            "skill": 49,
            "enemy_template": 38,
            "die_set": "POW+CHA"
        }
    },
    {
        "pk": 95962,
        "model": "enemygen.enemyskill",
        "fields": {
            "include": false,
            "skill": 49,
            "enemy_template": 87,
            "die_set": "POW+CHA"
        }
    },
    {
        "pk": 95987,
        "model": "enemygen.enemyskill",
        "fields": {
            "include": false,
            "skill": 49,
            "enemy_template": 59,
            "die_set": "POW+CHA"
        }
    },
    {
        "pk": 96170,
        "model": "enemygen.enemyskill",
        "fields": {
            "include": false,
            "skill": 49,
            "enemy_template": 37,
            "die_set": "POW+CHA"
        }
    },
    {
        "pk": 96458,
        "model": "enemygen.enemyskill",
        "fields": {
            "include": false,
            "skill": 49,
            "enemy_template": 100,
            "die_set": "POW+CHA"
        }
    },
    {
        "pk": 96492,
        "model": "enemygen.enemyskill",
        "fields": {
            "include": false,
            "skill": 49,
            "enemy_template": 55,
            "die_set": "POW+CHA"
        }
    },
    {
        "pk": 97064,
        "model": "enemygen.enemyskill",
        "fields": {
            "include": false,
            "skill": 50,
            "enemy_template": 83,
            "die_set": "CON+POW"
        }
    },
    {
        "pk": 97102,
        "model": "enemygen.enemyskill",
        "fields": {
            "include": false,
            "skill": 50,
            "enemy_template": 40,
            "die_set": "CON+POW"
        }
    },
    {
        "pk": 97163,
        "model": "enemygen.enemyskill",
        "fields": {
            "include": false,
            "skill": 50,
            "enemy_template": 39,
            "die_set": "CON+POW"
        }
    },
    {
        "pk": 97285,
        "model": "enemygen.enemyskill",
        "fields": {
            "include": false,
            "skill": 50,
            "enemy_template": 53,
            "die_set": "CON+POW"
        }
    },
    {
        "pk": 97286,
        "model": "enemygen.enemyskill",
        "fields": {
            "include": false,
            "skill": 50,
            "enemy_template": 52,
            "die_set": "CON+POW"
        }
    },
    {
        "pk": 97403,
        "model": "enemygen.enemyskill",
        "fields": {
            "include": false,
            "skill": 50,
            "enemy_template": 41,
            "die_set": "CON+POW"
        }
    },
    {
        "pk": 97945,
        "model": "enemygen.enemyskill",
        "fields": {
            "include": false,
            "skill": 50,
            "enemy_template": 42,
            "die_set": "CON+POW"
        }
    },
    {
        "pk": 98061,
        "model": "enemygen.enemyskill",
        "fields": {
            "include": false,
            "skill": 50,
            "enemy_template": 90,
            "die_set": "CON+POW"
        }
    },
    {
        "pk": 98079,
        "model": "enemygen.enemyskill",
        "fields": {
            "include": false,
            "skill": 50,
            "enemy_template": 89,
            "die_set": "CON+POW"
        }
    },
    {
        "pk": 98265,
        "model": "enemygen.enemyskill",
        "fields": {
            "include": false,
            "skill": 50,
            "enemy_template": 38,
            "die_set": "CON+POW"
        }
    },
    {
        "pk": 98324,
        "model": "enemygen.enemyskill",
        "fields": {
            "include": false,
            "skill": 50,
            "enemy_template": 87,
            "die_set": "CON+POW"
        }
    },
    {
        "pk": 98349,
        "model": "enemygen.enemyskill",
        "fields": {
            "include": false,
            "skill": 50,
            "enemy_template": 59,
            "die_set": "CON+POW"
        }
    },
    {
        "pk": 98532,
        "model": "enemygen.enemyskill",
        "fields": {
            "include": false,
            "skill": 50,
            "enemy_template": 37,
            "die_set": "CON+POW"
        }
    },
    {
        "pk": 98820,
        "model": "enemygen.enemyskill",
        "fields": {
            "include": false,
            "skill": 50,
            "enemy_template": 100,
            "die_set": "CON+POW"
        }
    },
    {
        "pk": 98854,
        "model": "enemygen.enemyskill",
        "fields": {
            "include": false,
            "skill": 50,
            "enemy_template": 55,
            "die_set": "CON+POW"
        }
    },
    {
        "pk": 99426,
        "model": "enemygen.enemyskill",
        "fields": {
            "include": false,
            "skill": 51,
            "enemy_template": 83,
            "die_set": "INT+CHA"
        }
    },
    {
        "pk": 99464,
        "model": "enemygen.enemyskill",
        "fields": {
            "include": false,
            "skill": 51,
            "enemy_template": 40,
            "die_set": "INT+CHA"
        }
    },
    {
        "pk": 99525,
        "model": "enemygen.enemyskill",
        "fields": {
            "include": false,
            "skill": 51,
            "enemy_template": 39,
            "die_set": "INT+CHA"
        }
    },
    {
        "pk": 99647,
        "model": "enemygen.enemyskill",
        "fields": {
            "include": false,
            "skill": 51,
            "enemy_template": 53,
            "die_set": "INT+CHA"
        }
    },
    {
        "pk": 99648,
        "model": "enemygen.enemyskill",
        "fields": {
            "include": false,
            "skill": 51,
            "enemy_template": 52,
            "die_set": "INT+CHA"
        }
    },
    {
        "pk": 99765,
        "model": "enemygen.enemyskill",
        "fields": {
            "include": false,
            "skill": 51,
            "enemy_template": 41,
            "die_set": "INT+CHA"
        }
    },
    {
        "pk": 100307,
        "model": "enemygen.enemyskill",
        "fields": {
            "include": false,
            "skill": 51,
            "enemy_template": 42,
            "die_set": "INT+CHA"
        }
    },
    {
        "pk": 100423,
        "model": "enemygen.enemyskill",
        "fields": {
            "include": false,
            "skill": 51,
            "enemy_template": 90,
            "die_set": "INT+CHA"
        }
    },
    {
        "pk": 100441,
        "model": "enemygen.enemyskill",
        "fields": {
            "include": false,
            "skill": 51,
            "enemy_template": 89,
            "die_set": "INT+CHA"
        }
    },
    {
        "pk": 100627,
        "model": "enemygen.enemyskill",
        "fields": {
            "include": false,
            "skill": 51,
            "enemy_template": 38,
            "die_set": "INT+CHA"
        }
    },
    {
        "pk": 100686,
        "model": "enemygen.enemyskill",
        "fields": {
            "include": false,
            "skill": 51,
            "enemy_template": 87,
            "die_set": "INT+CHA"
        }
    },
    {
        "pk": 100711,
        "model": "enemygen.enemyskill",
        "fields": {
            "include": false,
            "skill": 51,
            "enemy_template": 59,
            "die_set": "INT+CHA"
        }
    },
    {
        "pk": 100894,
        "model": "enemygen.enemyskill",
        "fields": {
            "include": false,
            "skill": 51,
            "enemy_template": 37,
            "die_set": "INT+CHA"
        }
    },
    {
        "pk": 101182,
        "model": "enemygen.enemyskill",
        "fields": {
            "include": false,
            "skill": 51,
            "enemy_template": 100,
            "die_set": "INT+CHA"
        }
    },
    {
        "pk": 101216,
        "model": "enemygen.enemyskill",
        "fields": {
            "include": false,
            "skill": 51,
            "enemy_template": 55,
            "die_set": "INT+CHA"
        }
    },
    {
        "pk": 101788,
        "model": "enemygen.enemyskill",
        "fields": {
            "include": false,
            "skill": 52,
            "enemy_template": 83,
            "die_set": "INT+CON"
        }
    },
    {
        "pk": 101826,
        "model": "enemygen.enemyskill",
        "fields": {
            "include": false,
            "skill": 52,
            "enemy_template": 40,
            "die_set": "INT+CON"
        }
    },
    {
        "pk": 101887,
        "model": "enemygen.enemyskill",
        "fields": {
            "include": false,
            "skill": 52,
            "enemy_template": 39,
            "die_set": "INT+CON"
        }
    },
    {
        "pk": 102009,
        "model": "enemygen.enemyskill",
        "fields": {
            "include": false,
            "skill": 52,
            "enemy_template": 53,
            "die_set": "INT+CON"
        }
    },
    {
        "pk": 102010,
        "model": "enemygen.enemyskill",
        "fields": {
            "include": false,
            "skill": 52,
            "enemy_template": 52,
            "die_set": "INT+CON"
        }
    },
    {
        "pk": 102127,
        "model": "enemygen.enemyskill",
        "fields": {
            "include": false,
            "skill": 52,
            "enemy_template": 41,
            "die_set": "INT+CON"
        }
    },
    {
        "pk": 102669,
        "model": "enemygen.enemyskill",
        "fields": {
            "include": false,
            "skill": 52,
            "enemy_template": 42,
            "die_set": "INT+CON"
        }
    },
    {
        "pk": 102785,
        "model": "enemygen.enemyskill",
        "fields": {
            "include": false,
            "skill": 52,
            "enemy_template": 90,
            "die_set": "INT+CON"
        }
    },
    {
        "pk": 102803,
        "model": "enemygen.enemyskill",
        "fields": {
            "include": false,
            "skill": 52,
            "enemy_template": 89,
            "die_set": "INT+CON"
        }
    },
    {
        "pk": 102989,
        "model": "enemygen.enemyskill",
        "fields": {
            "include": false,
            "skill": 52,
            "enemy_template": 38,
            "die_set": "INT+CON"
        }
    },
    {
        "pk": 103048,
        "model": "enemygen.enemyskill",
        "fields": {
            "include": false,
            "skill": 52,
            "enemy_template": 87,
            "die_set": "INT+CON"
        }
    },
    {
        "pk": 103073,
        "model": "enemygen.enemyskill",
        "fields": {
            "include": false,
            "skill": 52,
            "enemy_template": 59,
            "die_set": "INT+CON"
        }
    },
    {
        "pk": 103256,
        "model": "enemygen.enemyskill",
        "fields": {
            "include": false,
            "skill": 52,
            "enemy_template": 37,
            "die_set": "INT+CON"
        }
    },
    {
        "pk": 103544,
        "model": "enemygen.enemyskill",
        "fields": {
            "include": false,
            "skill": 52,
            "enemy_template": 100,
            "die_set": "INT+CON"
        }
    },
    {
        "pk": 103578,
        "model": "enemygen.enemyskill",
        "fields": {
            "include": false,
            "skill": 52,
            "enemy_template": 55,
            "die_set": "INT+CON"
        }
    },
    {
        "pk": 124,
        "model": "enemygen.customskill",
        "fields": {
            "include": false,
            "enemy_template": 89,
            "die_set": "+60",
            "name": "Custom skill"
        }
    },
    {
        "pk": 126,
        "model": "enemygen.enemyhitlocation",
        "fields": {
            "armor": "4",
            "enemy_template": 37,
            "hit_location": 1
        }
    },
    {
        "pk": 127,
        "model": "enemygen.enemyhitlocation",
        "fields": {
            "armor": "4",
            "enemy_template": 37,
            "hit_location": 2
        }
    },
    {
        "pk": 128,
        "model": "enemygen.enemyhitlocation",
        "fields": {
            "armor": "5",
            "enemy_template": 37,
            "hit_location": 3
        }
    },
    {
        "pk": 129,
        "model": "enemygen.enemyhitlocation",
        "fields": {
            "armor": "5",
            "enemy_template": 37,
            "hit_location": 4
        }
    },
    {
        "pk": 130,
        "model": "enemygen.enemyhitlocation",
        "fields": {
            "armor": "4",
            "enemy_template": 37,
            "hit_location": 5
        }
    },
    {
        "pk": 131,
        "model": "enemygen.enemyhitlocation",
        "fields": {
            "armor": "4",
            "enemy_template": 37,
            "hit_location": 6
        }
    },
    {
        "pk": 132,
        "model": "enemygen.enemyhitlocation",
        "fields": {
            "armor": "5",
            "enemy_template": 37,
            "hit_location": 7
        }
    },
    {
        "pk": 133,
        "model": "enemygen.enemyhitlocation",
        "fields": {
            "armor": "D3+1",
            "enemy_template": 38,
            "hit_location": 1
        }
    },
    {
        "pk": 134,
        "model": "enemygen.enemyhitlocation",
        "fields": {
            "armor": "D3+1",
            "enemy_template": 38,
            "hit_location": 2
        }
    },
    {
        "pk": 135,
        "model": "enemygen.enemyhitlocation",
        "fields": {
            "armor": "D3+1",
            "enemy_template": 38,
            "hit_location": 3
        }
    },
    {
        "pk": 136,
        "model": "enemygen.enemyhitlocation",
        "fields": {
            "armor": "D3+1",
            "enemy_template": 38,
            "hit_location": 4
        }
    },
    {
        "pk": 137,
        "model": "enemygen.enemyhitlocation",
        "fields": {
            "armor": "D3+1",
            "enemy_template": 38,
            "hit_location": 5
        }
    },
    {
        "pk": 138,
        "model": "enemygen.enemyhitlocation",
        "fields": {
            "armor": "D3+1",
            "enemy_template": 38,
            "hit_location": 6
        }
    },
    {
        "pk": 139,
        "model": "enemygen.enemyhitlocation",
        "fields": {
            "armor": "D3+1",
            "enemy_template": 38,
            "hit_location": 7
        }
    },
    {
        "pk": 140,
        "model": "enemygen.enemyhitlocation",
        "fields": {
            "armor": "1",
            "enemy_template": 39,
            "hit_location": 8
        }
    },
    {
        "pk": 141,
        "model": "enemygen.enemyhitlocation",
        "fields": {
            "armor": "1",
            "enemy_template": 39,
            "hit_location": 9
        }
    },
    {
        "pk": 142,
        "model": "enemygen.enemyhitlocation",
        "fields": {
            "armor": "1",
            "enemy_template": 39,
            "hit_location": 10
        }
    },
    {
        "pk": 143,
        "model": "enemygen.enemyhitlocation",
        "fields": {
            "armor": "1",
            "enemy_template": 39,
            "hit_location": 11
        }
    },
    {
        "pk": 144,
        "model": "enemygen.enemyhitlocation",
        "fields": {
            "armor": "1",
            "enemy_template": 39,
            "hit_location": 12
        }
    },
    {
        "pk": 145,
        "model": "enemygen.enemyhitlocation",
        "fields": {
            "armor": "1",
            "enemy_template": 39,
            "hit_location": 13
        }
    },
    {
        "pk": 146,
        "model": "enemygen.enemyhitlocation",
        "fields": {
            "armor": "D3+3",
            "enemy_template": 39,
            "hit_location": 14
        }
    },
    {
        "pk": 147,
        "model": "enemygen.enemyhitlocation",
        "fields": {
            "armor": "D3+3",
            "enemy_template": 39,
            "hit_location": 15
        }
    },
    {
        "pk": 148,
        "model": "enemygen.enemyhitlocation",
        "fields": {
            "armor": "D3+3",
            "enemy_template": 39,
            "hit_location": 16
        }
    },
    {
        "pk": 149,
        "model": "enemygen.enemyhitlocation",
        "fields": {
            "armor": "D3+3",
            "enemy_template": 39,
            "hit_location": 17
        }
    },
    {
        "pk": 151,
        "model": "enemygen.enemyhitlocation",
        "fields": {
            "armor": "3+1D3",
            "enemy_template": 40,
            "hit_location": 33
        }
    },
    {
        "pk": 152,
        "model": "enemygen.enemyhitlocation",
        "fields": {
            "armor": "3+1D3",
            "enemy_template": 40,
            "hit_location": 34
        }
    },
    {
        "pk": 153,
        "model": "enemygen.enemyhitlocation",
        "fields": {
            "armor": "3+1D3",
            "enemy_template": 40,
            "hit_location": 35
        }
    },
    {
        "pk": 154,
        "model": "enemygen.enemyhitlocation",
        "fields": {
            "armor": "3+1D3",
            "enemy_template": 40,
            "hit_location": 37
        }
    },
    {
        "pk": 155,
        "model": "enemygen.enemyhitlocation",
        "fields": {
            "armor": "3+1D3",
            "enemy_template": 40,
            "hit_location": 36
        }
    },
    {
        "pk": 156,
        "model": "enemygen.enemyhitlocation",
        "fields": {
            "armor": "3+1D3",
            "enemy_template": 40,
            "hit_location": 38
        }
    },
    {
        "pk": 157,
        "model": "enemygen.enemyhitlocation",
        "fields": {
            "armor": "3+D3",
            "enemy_template": 41,
            "hit_location": 18
        }
    },
    {
        "pk": 158,
        "model": "enemygen.enemyhitlocation",
        "fields": {
            "armor": "3+D3",
            "enemy_template": 41,
            "hit_location": 19
        }
    },
    {
        "pk": 159,
        "model": "enemygen.enemyhitlocation",
        "fields": {
            "armor": "5+D2",
            "enemy_template": 41,
            "hit_location": 20
        }
    },
    {
        "pk": 160,
        "model": "enemygen.enemyhitlocation",
        "fields": {
            "armor": "5+D2",
            "enemy_template": 41,
            "hit_location": 21
        }
    },
    {
        "pk": 161,
        "model": "enemygen.enemyhitlocation",
        "fields": {
            "armor": "4",
            "enemy_template": 41,
            "hit_location": 22
        }
    },
    {
        "pk": 162,
        "model": "enemygen.enemyhitlocation",
        "fields": {
            "armor": "4",
            "enemy_template": 41,
            "hit_location": 23
        }
    },
    {
        "pk": 163,
        "model": "enemygen.enemyhitlocation",
        "fields": {
            "armor": "5",
            "enemy_template": 41,
            "hit_location": 24
        }
    },
    {
        "pk": 164,
        "model": "enemygen.enemyhitlocation",
        "fields": {
            "armor": "1",
            "enemy_template": 42,
            "hit_location": 1
        }
    },
    {
        "pk": 165,
        "model": "enemygen.enemyhitlocation",
        "fields": {
            "armor": "1",
            "enemy_template": 42,
            "hit_location": 2
        }
    },
    {
        "pk": 166,
        "model": "enemygen.enemyhitlocation",
        "fields": {
            "armor": "1",
            "enemy_template": 42,
            "hit_location": 3
        }
    },
    {
        "pk": 167,
        "model": "enemygen.enemyhitlocation",
        "fields": {
            "armor": "1",
            "enemy_template": 42,
            "hit_location": 4
        }
    },
    {
        "pk": 168,
        "model": "enemygen.enemyhitlocation",
        "fields": {
            "armor": "1",
            "enemy_template": 42,
            "hit_location": 5
        }
    },
    {
        "pk": 169,
        "model": "enemygen.enemyhitlocation",
        "fields": {
            "armor": "1",
            "enemy_template": 42,
            "hit_location": 6
        }
    },
    {
        "pk": 170,
        "model": "enemygen.enemyhitlocation",
        "fields": {
            "armor": "1",
            "enemy_template": 42,
            "hit_location": 7
        }
    },
    {
        "pk": 234,
        "model": "enemygen.enemyhitlocation",
        "fields": {
            "armor": "1+1D3",
            "enemy_template": 52,
            "hit_location": 46
        }
    },
    {
        "pk": 235,
        "model": "enemygen.enemyhitlocation",
        "fields": {
            "armor": "1+1D3",
            "enemy_template": 52,
            "hit_location": 47
        }
    },
    {
        "pk": 236,
        "model": "enemygen.enemyhitlocation",
        "fields": {
            "armor": "1+1D3",
            "enemy_template": 52,
            "hit_location": 48
        }
    },
    {
        "pk": 237,
        "model": "enemygen.enemyhitlocation",
        "fields": {
            "armor": "1+1D3",
            "enemy_template": 52,
            "hit_location": 49
        }
    },
    {
        "pk": 238,
        "model": "enemygen.enemyhitlocation",
        "fields": {
            "armor": "1+1D3",
            "enemy_template": 52,
            "hit_location": 50
        }
    },
    {
        "pk": 239,
        "model": "enemygen.enemyhitlocation",
        "fields": {
            "armor": "1+1D3",
            "enemy_template": 52,
            "hit_location": 51
        }
    },
    {
        "pk": 240,
        "model": "enemygen.enemyhitlocation",
        "fields": {
            "armor": "1+1D3",
            "enemy_template": 52,
            "hit_location": 52
        }
    },
    {
        "pk": 241,
        "model": "enemygen.enemyhitlocation",
        "fields": {
            "armor": "3+1D3",
            "enemy_template": 53,
            "hit_location": 46
        }
    },
    {
        "pk": 242,
        "model": "enemygen.enemyhitlocation",
        "fields": {
            "armor": "3+1D3",
            "enemy_template": 53,
            "hit_location": 47
        }
    },
    {
        "pk": 243,
        "model": "enemygen.enemyhitlocation",
        "fields": {
            "armor": "3+1D3",
            "enemy_template": 53,
            "hit_location": 48
        }
    },
    {
        "pk": 244,
        "model": "enemygen.enemyhitlocation",
        "fields": {
            "armor": "3+1D3",
            "enemy_template": 53,
            "hit_location": 49
        }
    },
    {
        "pk": 245,
        "model": "enemygen.enemyhitlocation",
        "fields": {
            "armor": "3+1D3",
            "enemy_template": 53,
            "hit_location": 50
        }
    },
    {
        "pk": 246,
        "model": "enemygen.enemyhitlocation",
        "fields": {
            "armor": "3+1D3",
            "enemy_template": 53,
            "hit_location": 51
        }
    },
    {
        "pk": 247,
        "model": "enemygen.enemyhitlocation",
        "fields": {
            "armor": "3+1D3",
            "enemy_template": 53,
            "hit_location": 52
        }
    },
    {
        "pk": 255,
        "model": "enemygen.enemyhitlocation",
        "fields": {
            "armor": "1D2",
            "enemy_template": 55,
            "hit_location": 39
        }
    },
    {
        "pk": 256,
        "model": "enemygen.enemyhitlocation",
        "fields": {
            "armor": "1D2",
            "enemy_template": 55,
            "hit_location": 40
        }
    },
    {
        "pk": 257,
        "model": "enemygen.enemyhitlocation",
        "fields": {
            "armor": "1D2",
            "enemy_template": 55,
            "hit_location": 41
        }
    },
    {
        "pk": 258,
        "model": "enemygen.enemyhitlocation",
        "fields": {
            "armor": "1D2",
            "enemy_template": 55,
            "hit_location": 42
        }
    },
    {
        "pk": 259,
        "model": "enemygen.enemyhitlocation",
        "fields": {
            "armor": "1D2",
            "enemy_template": 55,
            "hit_location": 43
        }
    },
    {
        "pk": 260,
        "model": "enemygen.enemyhitlocation",
        "fields": {
            "armor": "1D2",
            "enemy_template": 55,
            "hit_location": 44
        }
    },
    {
        "pk": 261,
        "model": "enemygen.enemyhitlocation",
        "fields": {
            "armor": "1D2",
            "enemy_template": 55,
            "hit_location": 45
        }
    },
    {
        "pk": 283,
        "model": "enemygen.enemyhitlocation",
        "fields": {
            "armor": "",
            "enemy_template": 59,
            "hit_location": 1
        }
    },
    {
        "pk": 284,
        "model": "enemygen.enemyhitlocation",
        "fields": {
            "armor": "",
            "enemy_template": 59,
            "hit_location": 2
        }
    },
    {
        "pk": 285,
        "model": "enemygen.enemyhitlocation",
        "fields": {
            "armor": "3",
            "enemy_template": 59,
            "hit_location": 3
        }
    },
    {
        "pk": 286,
        "model": "enemygen.enemyhitlocation",
        "fields": {
            "armor": "3",
            "enemy_template": 59,
            "hit_location": 4
        }
    },
    {
        "pk": 287,
        "model": "enemygen.enemyhitlocation",
        "fields": {
            "armor": "1D6",
            "enemy_template": 59,
            "hit_location": 5
        }
    },
    {
        "pk": 288,
        "model": "enemygen.enemyhitlocation",
        "fields": {
            "armor": "",
            "enemy_template": 59,
            "hit_location": 6
        }
    },
    {
        "pk": 289,
        "model": "enemygen.enemyhitlocation",
        "fields": {
            "armor": "1D6",
            "enemy_template": 59,
            "hit_location": 7
        }
    },
    {
        "pk": 451,
        "model": "enemygen.enemyhitlocation",
        "fields": {
            "armor": "",
            "enemy_template": 83,
            "hit_location": 25
        }
    },
    {
        "pk": 452,
        "model": "enemygen.enemyhitlocation",
        "fields": {
            "armor": "",
            "enemy_template": 83,
            "hit_location": 26
        }
    },
    {
        "pk": 453,
        "model": "enemygen.enemyhitlocation",
        "fields": {
            "armor": "",
            "enemy_template": 83,
            "hit_location": 27
        }
    },
    {
        "pk": 454,
        "model": "enemygen.enemyhitlocation",
        "fields": {
            "armor": "",
            "enemy_template": 83,
            "hit_location": 28
        }
    },
    {
        "pk": 455,
        "model": "enemygen.enemyhitlocation",
        "fields": {
            "armor": "",
            "enemy_template": 83,
            "hit_location": 29
        }
    },
    {
        "pk": 456,
        "model": "enemygen.enemyhitlocation",
        "fields": {
            "armor": "",
            "enemy_template": 83,
            "hit_location": 30
        }
    },
    {
        "pk": 457,
        "model": "enemygen.enemyhitlocation",
        "fields": {
            "armor": "",
            "enemy_template": 83,
            "hit_location": 31
        }
    },
    {
        "pk": 479,
        "model": "enemygen.enemyhitlocation",
        "fields": {
            "armor": "3",
            "enemy_template": 87,
            "hit_location": 25
        }
    },
    {
        "pk": 480,
        "model": "enemygen.enemyhitlocation",
        "fields": {
            "armor": "3",
            "enemy_template": 87,
            "hit_location": 26
        }
    },
    {
        "pk": 481,
        "model": "enemygen.enemyhitlocation",
        "fields": {
            "armor": "7",
            "enemy_template": 87,
            "hit_location": 27
        }
    },
    {
        "pk": 482,
        "model": "enemygen.enemyhitlocation",
        "fields": {
            "armor": "7",
            "enemy_template": 87,
            "hit_location": 28
        }
    },
    {
        "pk": 483,
        "model": "enemygen.enemyhitlocation",
        "fields": {
            "armor": "5",
            "enemy_template": 87,
            "hit_location": 29
        }
    },
    {
        "pk": 484,
        "model": "enemygen.enemyhitlocation",
        "fields": {
            "armor": "5",
            "enemy_template": 87,
            "hit_location": 30
        }
    },
    {
        "pk": 485,
        "model": "enemygen.enemyhitlocation",
        "fields": {
            "armor": "6",
            "enemy_template": 87,
            "hit_location": 31
        }
    },
    {
        "pk": 493,
        "model": "enemygen.enemyhitlocation",
        "fields": {
            "armor": "2",
            "enemy_template": 89,
            "hit_location": 1
        }
    },
    {
        "pk": 494,
        "model": "enemygen.enemyhitlocation",
        "fields": {
            "armor": "2",
            "enemy_template": 89,
            "hit_location": 2
        }
    },
    {
        "pk": 495,
        "model": "enemygen.enemyhitlocation",
        "fields": {
            "armor": "2",
            "enemy_template": 89,
            "hit_location": 3
        }
    },
    {
        "pk": 496,
        "model": "enemygen.enemyhitlocation",
        "fields": {
            "armor": "2",
            "enemy_template": 89,
            "hit_location": 4
        }
    },
    {
        "pk": 497,
        "model": "enemygen.enemyhitlocation",
        "fields": {
            "armor": "2",
            "enemy_template": 89,
            "hit_location": 5
        }
    },
    {
        "pk": 498,
        "model": "enemygen.enemyhitlocation",
        "fields": {
            "armor": "2",
            "enemy_template": 89,
            "hit_location": 6
        }
    },
    {
        "pk": 499,
        "model": "enemygen.enemyhitlocation",
        "fields": {
            "armor": "2",
            "enemy_template": 89,
            "hit_location": 7
        }
    },
    {
        "pk": 500,
        "model": "enemygen.enemyhitlocation",
        "fields": {
            "armor": "4",
            "enemy_template": 90,
            "hit_location": 1
        }
    },
    {
        "pk": 501,
        "model": "enemygen.enemyhitlocation",
        "fields": {
            "armor": "4",
            "enemy_template": 90,
            "hit_location": 2
        }
    },
    {
        "pk": 502,
        "model": "enemygen.enemyhitlocation",
        "fields": {
            "armor": "4",
            "enemy_template": 90,
            "hit_location": 3
        }
    },
    {
        "pk": 503,
        "model": "enemygen.enemyhitlocation",
        "fields": {
            "armor": "4",
            "enemy_template": 90,
            "hit_location": 4
        }
    },
    {
        "pk": 504,
        "model": "enemygen.enemyhitlocation",
        "fields": {
            "armor": "4",
            "enemy_template": 90,
            "hit_location": 5
        }
    },
    {
        "pk": 505,
        "model": "enemygen.enemyhitlocation",
        "fields": {
            "armor": "4",
            "enemy_template": 90,
            "hit_location": 6
        }
    },
    {
        "pk": 506,
        "model": "enemygen.enemyhitlocation",
        "fields": {
            "armor": "4",
            "enemy_template": 90,
            "hit_location": 7
        }
    },
    {
        "pk": 570,
        "model": "enemygen.enemyhitlocation",
        "fields": {
            "armor": "",
            "enemy_template": 100,
            "hit_location": 1
        }
    },
    {
        "pk": 571,
        "model": "enemygen.enemyhitlocation",
        "fields": {
            "armor": "",
            "enemy_template": 100,
            "hit_location": 2
        }
    },
    {
        "pk": 572,
        "model": "enemygen.enemyhitlocation",
        "fields": {
            "armor": "5",
            "enemy_template": 100,
            "hit_location": 3
        }
    },
    {
        "pk": 573,
        "model": "enemygen.enemyhitlocation",
        "fields": {
            "armor": "5",
            "enemy_template": 100,
            "hit_location": 4
        }
    },
    {
        "pk": 574,
        "model": "enemygen.enemyhitlocation",
        "fields": {
            "armor": "",
            "enemy_template": 100,
            "hit_location": 5
        }
    },
    {
        "pk": 575,
        "model": "enemygen.enemyhitlocation",
        "fields": {
            "armor": "",
            "enemy_template": 100,
            "hit_location": 6
        }
    },
    {
        "pk": 576,
        "model": "enemygen.enemyhitlocation",
        "fields": {
            "armor": "5",
            "enemy_template": 100,
            "hit_location": 7
        }
    },
    {
        "pk": 13658,
        "model": "enemygen.enemyhitlocation",
        "fields": {
            "armor": "0",
            "enemy_template": 40,
            "hit_location": 2300
        }
    },
    {
        "pk": 1,
        "model": "enemygen.statabstract",
        "fields": {
            "name": "STR",
            "order": 1
        }
    },
    {
        "pk": 2,
        "model": "enemygen.statabstract",
        "fields": {
            "name": "CON",
            "order": 2
        }
    },
    {
        "pk": 3,
        "model": "enemygen.statabstract",
        "fields": {
            "name": "SIZ",
            "order": 3
        }
    },
    {
        "pk": 4,
        "model": "enemygen.statabstract",
        "fields": {
            "name": "DEX",
            "order": 4
        }
    },
    {
        "pk": 5,
        "model": "enemygen.statabstract",
        "fields": {
            "name": "POW",
            "order": 6
        }
    },
    {
        "pk": 6,
        "model": "enemygen.statabstract",
        "fields": {
            "name": "CHA",
            "order": 7
        }
    },
    {
        "pk": 7,
        "model": "enemygen.statabstract",
        "fields": {
            "name": "INT",
            "order": 5
        }
    },
    {
        "pk": 1,
        "model": "enemygen.racestat",
        "fields": {
            "default_value": "3d6",
            "stat": 1,
            "race": 1
        }
    },
    {
        "pk": 2,
        "model": "enemygen.racestat",
        "fields": {
            "default_value": "3d6",
            "stat": 2,
            "race": 1
        }
    },
    {
        "pk": 3,
        "model": "enemygen.racestat",
        "fields": {
            "default_value": "2d6+6",
            "stat": 3,
            "race": 1
        }
    },
    {
        "pk": 4,
        "model": "enemygen.racestat",
        "fields": {
            "default_value": "3d6",
            "stat": 4,
            "race": 1
        }
    },
    {
        "pk": 5,
        "model": "enemygen.racestat",
        "fields": {
            "default_value": "2d6+6",
            "stat": 7,
            "race": 1
        }
    },
    {
        "pk": 6,
        "model": "enemygen.racestat",
        "fields": {
            "default_value": "3d6",
            "stat": 5,
            "race": 1
        }
    },
    {
        "pk": 7,
        "model": "enemygen.racestat",
        "fields": {
            "default_value": "3d6",
            "stat": 6,
            "race": 1
        }
    },
    {
        "pk": 8,
        "model": "enemygen.racestat",
        "fields": {
            "default_value": "3d6+6",
            "stat": 1,
            "race": 2
        }
    },
    {
        "pk": 9,
        "model": "enemygen.racestat",
        "fields": {
            "default_value": "3d6",
            "stat": 2,
            "race": 2
        }
    },
    {
        "pk": 10,
        "model": "enemygen.racestat",
        "fields": {
            "default_value": "3d6+18",
            "stat": 3,
            "race": 2
        }
    },
    {
        "pk": 11,
        "model": "enemygen.racestat",
        "fields": {
            "default_value": "3d6",
            "stat": 4,
            "race": 2
        }
    },
    {
        "pk": 12,
        "model": "enemygen.racestat",
        "fields": {
            "default_value": "2d6+6",
            "stat": 7,
            "race": 2
        }
    },
    {
        "pk": 13,
        "model": "enemygen.racestat",
        "fields": {
            "default_value": "2d6+9",
            "stat": 5,
            "race": 2
        }
    },
    {
        "pk": 14,
        "model": "enemygen.racestat",
        "fields": {
            "default_value": "3d6",
            "stat": 6,
            "race": 2
        }
    },
    {
        "pk": 15,
        "model": "enemygen.racestat",
        "fields": {
            "default_value": "2d6+9",
            "stat": 1,
            "race": 3
        }
    },
    {
        "pk": 16,
        "model": "enemygen.racestat",
        "fields": {
            "default_value": "2d6+9",
            "stat": 2,
            "race": 3
        }
    },
    {
        "pk": 17,
        "model": "enemygen.racestat",
        "fields": {
            "default_value": "1d3+9",
            "stat": 3,
            "race": 3
        }
    },
    {
        "pk": 18,
        "model": "enemygen.racestat",
        "fields": {
            "default_value": "3d6",
            "stat": 4,
            "race": 3
        }
    },
    {
        "pk": 19,
        "model": "enemygen.racestat",
        "fields": {
            "default_value": "2d6+6",
            "stat": 7,
            "race": 3
        }
    },
    {
        "pk": 20,
        "model": "enemygen.racestat",
        "fields": {
            "default_value": "3d6",
            "stat": 5,
            "race": 3
        }
    },
    {
        "pk": 21,
        "model": "enemygen.racestat",
        "fields": {
            "default_value": "3d6",
            "stat": 6,
            "race": 3
        }
    },
    {
        "pk": 22,
        "model": "enemygen.racestat",
        "fields": {
            "default_value": "3d6",
            "stat": 1,
            "race": 4
        }
    },
    {
        "pk": 23,
        "model": "enemygen.racestat",
        "fields": {
            "default_value": "3d6",
            "stat": 2,
            "race": 4
        }
    },
    {
        "pk": 24,
        "model": "enemygen.racestat",
        "fields": {
            "default_value": "2d6+9",
            "stat": 3,
            "race": 4
        }
    },
    {
        "pk": 25,
        "model": "enemygen.racestat",
        "fields": {
            "default_value": "3d6",
            "stat": 4,
            "race": 4
        }
    },
    {
        "pk": 26,
        "model": "enemygen.racestat",
        "fields": {
            "default_value": "2d6+9",
            "stat": 7,
            "race": 4
        }
    },
    {
        "pk": 27,
        "model": "enemygen.racestat",
        "fields": {
            "default_value": "2d6+6",
            "stat": 5,
            "race": 4
        }
    },
    {
        "pk": 28,
        "model": "enemygen.racestat",
        "fields": {
            "default_value": "3d6",
            "stat": 6,
            "race": 4
        }
    },
    {
        "pk": 29,
        "model": "enemygen.racestat",
        "fields": {
            "default_value": "2d6+6",
            "stat": 1,
            "race": 5
        }
    },
    {
        "pk": 30,
        "model": "enemygen.racestat",
        "fields": {
            "default_value": "1d6+12",
            "stat": 2,
            "race": 5
        }
    },
    {
        "pk": 31,
        "model": "enemygen.racestat",
        "fields": {
            "default_value": "2d6+6",
            "stat": 3,
            "race": 5
        }
    },
    {
        "pk": 32,
        "model": "enemygen.racestat",
        "fields": {
            "default_value": "3d6",
            "stat": 4,
            "race": 5
        }
    },
    {
        "pk": 33,
        "model": "enemygen.racestat",
        "fields": {
            "default_value": "2d6+6",
            "stat": 7,
            "race": 5
        }
    },
    {
        "pk": 34,
        "model": "enemygen.racestat",
        "fields": {
            "default_value": "3d6",
            "stat": 5,
            "race": 5
        }
    },
    {
        "pk": 35,
        "model": "enemygen.racestat",
        "fields": {
            "default_value": "2d6",
            "stat": 6,
            "race": 5
        }
    },
    {
        "pk": 36,
        "model": "enemygen.racestat",
        "fields": {
            "default_value": "2d6",
            "stat": 1,
            "race": 6
        }
    },
    {
        "pk": 37,
        "model": "enemygen.racestat",
        "fields": {
            "default_value": "3d6",
            "stat": 2,
            "race": 6
        }
    },
    {
        "pk": 38,
        "model": "enemygen.racestat",
        "fields": {
            "default_value": "1d6+6",
            "stat": 3,
            "race": 6
        }
    },
    {
        "pk": 39,
        "model": "enemygen.racestat",
        "fields": {
            "default_value": "3d6+3",
            "stat": 4,
            "race": 6
        }
    },
    {
        "pk": 40,
        "model": "enemygen.racestat",
        "fields": {
            "default_value": "1d6+6",
            "stat": 7,
            "race": 6
        }
    },
    {
        "pk": 41,
        "model": "enemygen.racestat",
        "fields": {
            "default_value": "3d6",
            "stat": 5,
            "race": 6
        }
    },
    {
        "pk": 42,
        "model": "enemygen.racestat",
        "fields": {
            "default_value": "2d6",
            "stat": 6,
            "race": 6
        }
    },
    {
        "pk": 43,
        "model": "enemygen.racestat",
        "fields": {
            "default_value": "3d6+6",
            "stat": 1,
            "race": 7
        }
    },
    {
        "pk": 44,
        "model": "enemygen.racestat",
        "fields": {
            "default_value": "3d6",
            "stat": 2,
            "race": 7
        }
    },
    {
        "pk": 45,
        "model": "enemygen.racestat",
        "fields": {
            "default_value": "3d6+10",
            "stat": 3,
            "race": 7
        }
    },
    {
        "pk": 46,
        "model": "enemygen.racestat",
        "fields": {
            "default_value": "3d6",
            "stat": 4,
            "race": 7
        }
    },
    {
        "pk": 47,
        "model": "enemygen.racestat",
        "fields": {
            "default_value": "2d6+6",
            "stat": 7,
            "race": 7
        }
    },
    {
        "pk": 48,
        "model": "enemygen.racestat",
        "fields": {
            "default_value": "3d6",
            "stat": 5,
            "race": 7
        }
    },
    {
        "pk": 49,
        "model": "enemygen.racestat",
        "fields": {
            "default_value": "3d6",
            "stat": 6,
            "race": 7
        }
    },
    {
        "pk": 50,
        "model": "enemygen.racestat",
        "fields": {
            "default_value": "4d6+12",
            "stat": 1,
            "race": 8
        }
    },
    {
        "pk": 51,
        "model": "enemygen.racestat",
        "fields": {
            "default_value": "2d6+12",
            "stat": 2,
            "race": 8
        }
    },
    {
        "pk": 52,
        "model": "enemygen.racestat",
        "fields": {
            "default_value": "4d6+12",
            "stat": 3,
            "race": 8
        }
    },
    {
        "pk": 53,
        "model": "enemygen.racestat",
        "fields": {
            "default_value": "3d6",
            "stat": 4,
            "race": 8
        }
    },
    {
        "pk": 54,
        "model": "enemygen.racestat",
        "fields": {
            "default_value": "2d6+2",
            "stat": 7,
            "race": 8
        }
    },
    {
        "pk": 55,
        "model": "enemygen.racestat",
        "fields": {
            "default_value": "3d6",
            "stat": 5,
            "race": 8
        }
    },
    {
        "pk": 56,
        "model": "enemygen.racestat",
        "fields": {
            "default_value": "2d6",
            "stat": 6,
            "race": 8
        }
    },
    {
        "pk": 57,
        "model": "enemygen.racestat",
        "fields": {
            "default_value": "2d6+15",
            "stat": 1,
            "race": 9
        }
    },
    {
        "pk": 58,
        "model": "enemygen.racestat",
        "fields": {
            "default_value": "2d6+6",
            "stat": 2,
            "race": 9
        }
    },
    {
        "pk": 59,
        "model": "enemygen.racestat",
        "fields": {
            "default_value": "2d6+24",
            "stat": 3,
            "race": 9
        }
    },
    {
        "pk": 60,
        "model": "enemygen.racestat",
        "fields": {
            "default_value": "2d6+3",
            "stat": 4,
            "race": 9
        }
    },
    {
        "pk": 61,
        "model": "enemygen.racestat",
        "fields": {
            "default_value": "2d6+4",
            "stat": 7,
            "race": 9
        }
    },
    {
        "pk": 62,
        "model": "enemygen.racestat",
        "fields": {
            "default_value": "2d6",
            "stat": 5,
            "race": 9
        }
    },
    {
        "pk": 63,
        "model": "enemygen.racestat",
        "fields": {
            "default_value": "3d6+9",
            "stat": 1,
            "race": 10
        }
    },
    {
        "pk": 64,
        "model": "enemygen.racestat",
        "fields": {
            "default_value": "3d6+6",
            "stat": 2,
            "race": 10
        }
    },
    {
        "pk": 65,
        "model": "enemygen.racestat",
        "fields": {
            "default_value": "3d6+18",
            "stat": 3,
            "race": 10
        }
    },
    {
        "pk": 66,
        "model": "enemygen.racestat",
        "fields": {
            "default_value": "3d6+9",
            "stat": 4,
            "race": 10
        }
    },
    {
        "pk": 67,
        "model": "enemygen.racestat",
        "fields": {
            "default_value": "2d6+2",
            "stat": 7,
            "race": 10
        }
    },
    {
        "pk": 68,
        "model": "enemygen.racestat",
        "fields": {
            "default_value": "1d6",
            "stat": 5,
            "race": 10
        }
    },
    {
        "pk": 69,
        "model": "enemygen.racestat",
        "fields": {
            "default_value": "1",
            "stat": 6,
            "race": 10
        }
    },
    {
        "pk": 70,
        "model": "enemygen.racestat",
        "fields": {
            "default_value": "2d6+3",
            "stat": 1,
            "race": 11
        }
    },
    {
        "pk": 71,
        "model": "enemygen.racestat",
        "fields": {
            "default_value": "2d6+6",
            "stat": 2,
            "race": 11
        }
    },
    {
        "pk": 72,
        "model": "enemygen.racestat",
        "fields": {
            "default_value": "1d6+6",
            "stat": 3,
            "race": 11
        }
    },
    {
        "pk": 73,
        "model": "enemygen.racestat",
        "fields": {
            "default_value": "2d6+6",
            "stat": 4,
            "race": 11
        }
    },
    {
        "pk": 74,
        "model": "enemygen.racestat",
        "fields": {
            "default_value": "2d6+6",
            "stat": 7,
            "race": 11
        }
    },
    {
        "pk": 75,
        "model": "enemygen.racestat",
        "fields": {
            "default_value": "3d6",
            "stat": 5,
            "race": 11
        }
    },
    {
        "pk": 76,
        "model": "enemygen.racestat",
        "fields": {
            "default_value": "2d6",
            "stat": 6,
            "race": 11
        }
    },
    {
        "pk": 77,
        "model": "enemygen.racestat",
        "fields": {
            "default_value": "2d6+21",
            "stat": 1,
            "race": 12
        }
    },
    {
        "pk": 78,
        "model": "enemygen.racestat",
        "fields": {
            "default_value": "2d6+15",
            "stat": 2,
            "race": 12
        }
    },
    {
        "pk": 79,
        "model": "enemygen.racestat",
        "fields": {
            "default_value": "4d6+25",
            "stat": 3,
            "race": 12
        }
    },
    {
        "pk": 80,
        "model": "enemygen.racestat",
        "fields": {
            "default_value": "2d6+3",
            "stat": 4,
            "race": 12
        }
    },
    {
        "pk": 81,
        "model": "enemygen.racestat",
        "fields": {
            "default_value": "2d6+5",
            "stat": 7,
            "race": 12
        }
    },
    {
        "pk": 82,
        "model": "enemygen.racestat",
        "fields": {
            "default_value": "2d6",
            "stat": 5,
            "race": 12
        }
    },
    {
        "pk": 83,
        "model": "enemygen.racestat",
        "fields": {
            "default_value": "3d6",
            "stat": 6,
            "race": 12
        }
    },
    {
        "pk": 84,
        "model": "enemygen.racestat",
        "fields": {
            "default_value": "3d6",
            "stat": 1,
            "race": 13
        }
    },
    {
        "pk": 85,
        "model": "enemygen.racestat",
        "fields": {
            "default_value": "3d6",
            "stat": 2,
            "race": 13
        }
    },
    {
        "pk": 86,
        "model": "enemygen.racestat",
        "fields": {
            "default_value": "2d6+6",
            "stat": 3,
            "race": 13
        }
    },
    {
        "pk": 87,
        "model": "enemygen.racestat",
        "fields": {
            "default_value": "2d6+6",
            "stat": 4,
            "race": 13
        }
    },
    {
        "pk": 88,
        "model": "enemygen.racestat",
        "fields": {
            "default_value": "2d6+9",
            "stat": 7,
            "race": 13
        }
    },
    {
        "pk": 89,
        "model": "enemygen.racestat",
        "fields": {
            "default_value": "2d6+9",
            "stat": 5,
            "race": 13
        }
    },
    {
        "pk": 90,
        "model": "enemygen.racestat",
        "fields": {
            "default_value": "3d6",
            "stat": 6,
            "race": 13
        }
    },
    {
        "pk": 91,
        "model": "enemygen.racestat",
        "fields": {
            "default_value": "3d6-2",
            "stat": 1,
            "race": 14
        }
    },
    {
        "pk": 92,
        "model": "enemygen.racestat",
        "fields": {
            "default_value": "3d6-2",
            "stat": 2,
            "race": 14
        }
    },
    {
        "pk": 93,
        "model": "enemygen.racestat",
        "fields": {
            "default_value": "2d6+6-2",
            "stat": 3,
            "race": 14
        }
    },
    {
        "pk": 94,
        "model": "enemygen.racestat",
        "fields": {
            "default_value": "3d6-2",
            "stat": 4,
            "race": 14
        }
    },
    {
        "pk": 95,
        "model": "enemygen.racestat",
        "fields": {
            "default_value": "2d6+6-2",
            "stat": 7,
            "race": 14
        }
    },
    {
        "pk": 96,
        "model": "enemygen.racestat",
        "fields": {
            "default_value": "3d6-2",
            "stat": 5,
            "race": 14
        }
    },
    {
        "pk": 97,
        "model": "enemygen.racestat",
        "fields": {
            "default_value": "3d6-2",
            "stat": 6,
            "race": 14
        }
    },
    {
        "pk": 98,
        "model": "enemygen.racestat",
        "fields": {
            "default_value": "6d6",
            "stat": 1,
            "race": 15
        }
    },
    {
        "pk": 99,
        "model": "enemygen.racestat",
        "fields": {
            "default_value": "3d6",
            "stat": 2,
            "race": 15
        }
    },
    {
        "pk": 100,
        "model": "enemygen.racestat",
        "fields": {
            "default_value": "2d6+6",
            "stat": 3,
            "race": 15
        }
    },
    {
        "pk": 101,
        "model": "enemygen.racestat",
        "fields": {
            "default_value": "6d6",
            "stat": 4,
            "race": 15
        }
    },
    {
        "pk": 102,
        "model": "enemygen.racestat",
        "fields": {
            "default_value": "2d6+6",
            "stat": 7,
            "race": 15
        }
    },
    {
        "pk": 103,
        "model": "enemygen.racestat",
        "fields": {
            "default_value": "3d6",
            "stat": 5,
            "race": 15
        }
    },
    {
        "pk": 104,
        "model": "enemygen.racestat",
        "fields": {
            "default_value": "3d6",
            "stat": 6,
            "race": 15
        }
    },
    {
        "pk": 105,
        "model": "enemygen.racestat",
        "fields": {
            "default_value": "2d6+12",
            "stat": 1,
            "race": 16
        }
    },
    {
        "pk": 106,
        "model": "enemygen.racestat",
        "fields": {
            "default_value": "3d6",
            "stat": 2,
            "race": 16
        }
    },
    {
        "pk": 107,
        "model": "enemygen.racestat",
        "fields": {
            "default_value": "2d6+12",
            "stat": 3,
            "race": 16
        }
    },
    {
        "pk": 108,
        "model": "enemygen.racestat",
        "fields": {
            "default_value": "3d6+3",
            "stat": 4,
            "race": 16
        }
    },
    {
        "pk": 109,
        "model": "enemygen.racestat",
        "fields": {
            "default_value": "2d6+5",
            "stat": 7,
            "race": 16
        }
    },
    {
        "pk": 110,
        "model": "enemygen.racestat",
        "fields": {
            "default_value": "2d6",
            "stat": 5,
            "race": 16
        }
    },
    {
        "pk": 111,
        "model": "enemygen.racestat",
        "fields": {
            "default_value": "3d6",
            "stat": 6,
            "race": 16
        }
    },
    {
        "pk": 119,
        "model": "enemygen.racestat",
        "fields": {
            "default_value": "3d6+6",
            "stat": 1,
            "race": 18
        }
    },
    {
        "pk": 120,
        "model": "enemygen.racestat",
        "fields": {
            "default_value": "3d6+3",
            "stat": 2,
            "race": 18
        }
    },
    {
        "pk": 121,
        "model": "enemygen.racestat",
        "fields": {
            "default_value": "2d6+6",
            "stat": 3,
            "race": 18
        }
    },
    {
        "pk": 122,
        "model": "enemygen.racestat",
        "fields": {
            "default_value": "3d6+3",
            "stat": 4,
            "race": 18
        }
    },
    {
        "pk": 123,
        "model": "enemygen.racestat",
        "fields": {
            "default_value": "2d6+6",
            "stat": 7,
            "race": 18
        }
    },
    {
        "pk": 124,
        "model": "enemygen.racestat",
        "fields": {
            "default_value": "1d6",
            "stat": 5,
            "race": 18
        }
    },
    {
        "pk": 125,
        "model": "enemygen.racestat",
        "fields": {
            "default_value": "0",
            "stat": 6,
            "race": 18
        }
    },
    {
        "pk": 126,
        "model": "enemygen.racestat",
        "fields": {
            "default_value": "2d6+15",
            "stat": 1,
            "race": 19
        }
    },
    {
        "pk": 127,
        "model": "enemygen.racestat",
        "fields": {
            "default_value": "2d6+12",
            "stat": 2,
            "race": 19
        }
    },
    {
        "pk": 128,
        "model": "enemygen.racestat",
        "fields": {
            "default_value": "2d6+21",
            "stat": 3,
            "race": 19
        }
    },
    {
        "pk": 129,
        "model": "enemygen.racestat",
        "fields": {
            "default_value": "2d6+15",
            "stat": 4,
            "race": 19
        }
    },
    {
        "pk": 130,
        "model": "enemygen.racestat",
        "fields": {
            "default_value": "2d6+7",
            "stat": 7,
            "race": 19
        }
    },
    {
        "pk": 131,
        "model": "enemygen.racestat",
        "fields": {
            "default_value": "2d6",
            "stat": 5,
            "race": 19
        }
    },
    {
        "pk": 132,
        "model": "enemygen.racestat",
        "fields": {
            "default_value": "0",
            "stat": 6,
            "race": 19
        }
    },
    {
        "pk": 133,
        "model": "enemygen.racestat",
        "fields": {
            "default_value": "2d6+12",
            "stat": 1,
            "race": 20
        }
    },
    {
        "pk": 134,
        "model": "enemygen.racestat",
        "fields": {
            "default_value": "2d6+9",
            "stat": 2,
            "race": 20
        }
    },
    {
        "pk": 135,
        "model": "enemygen.racestat",
        "fields": {
            "default_value": "2d6+18",
            "stat": 3,
            "race": 20
        }
    },
    {
        "pk": 136,
        "model": "enemygen.racestat",
        "fields": {
            "default_value": "3d6",
            "stat": 4,
            "race": 20
        }
    },
    {
        "pk": 137,
        "model": "enemygen.racestat",
        "fields": {
            "default_value": "2d6+3",
            "stat": 7,
            "race": 20
        }
    },
    {
        "pk": 138,
        "model": "enemygen.racestat",
        "fields": {
            "default_value": "3d6",
            "stat": 5,
            "race": 20
        }
    },
    {
        "pk": 139,
        "model": "enemygen.racestat",
        "fields": {
            "default_value": "2d6",
            "stat": 6,
            "race": 20
        }
    },
    {
        "pk": 197,
        "model": "enemygen.enemystat",
        "fields": {
            "stat": 1,
            "enemy_template": 37,
            "die_set": "2d5+8"
        }
    },
    {
        "pk": 198,
        "model": "enemygen.enemystat",
        "fields": {
            "stat": 2,
            "enemy_template": 37,
            "die_set": "2d5+8"
        }
    },
    {
        "pk": 199,
        "model": "enemygen.enemystat",
        "fields": {
            "stat": 3,
            "enemy_template": 37,
            "die_set": "1d6+12"
        }
    },
    {
        "pk": 200,
        "model": "enemygen.enemystat",
        "fields": {
            "stat": 4,
            "enemy_template": 37,
            "die_set": "2d6+6"
        }
    },
    {
        "pk": 201,
        "model": "enemygen.enemystat",
        "fields": {
            "stat": 7,
            "enemy_template": 37,
            "die_set": "2d4+10"
        }
    },
    {
        "pk": 202,
        "model": "enemygen.enemystat",
        "fields": {
            "stat": 5,
            "enemy_template": 37,
            "die_set": "2d6+6"
        }
    },
    {
        "pk": 203,
        "model": "enemygen.enemystat",
        "fields": {
            "stat": 6,
            "enemy_template": 37,
            "die_set": "3d6"
        }
    },
    {
        "pk": 204,
        "model": "enemygen.enemystat",
        "fields": {
            "stat": 1,
            "enemy_template": 38,
            "die_set": "3d4+6"
        }
    },
    {
        "pk": 205,
        "model": "enemygen.enemystat",
        "fields": {
            "stat": 2,
            "enemy_template": 38,
            "die_set": "3d5+3"
        }
    },
    {
        "pk": 206,
        "model": "enemygen.enemystat",
        "fields": {
            "stat": 3,
            "enemy_template": 38,
            "die_set": "2d5+8"
        }
    },
    {
        "pk": 207,
        "model": "enemygen.enemystat",
        "fields": {
            "stat": 4,
            "enemy_template": 38,
            "die_set": "3d6"
        }
    },
    {
        "pk": 208,
        "model": "enemygen.enemystat",
        "fields": {
            "stat": 7,
            "enemy_template": 38,
            "die_set": "2d6+6"
        }
    },
    {
        "pk": 209,
        "model": "enemygen.enemystat",
        "fields": {
            "stat": 5,
            "enemy_template": 38,
            "die_set": "3d6"
        }
    },
    {
        "pk": 210,
        "model": "enemygen.enemystat",
        "fields": {
            "stat": 6,
            "enemy_template": 38,
            "die_set": "3d6"
        }
    },
    {
        "pk": 211,
        "model": "enemygen.enemystat",
        "fields": {
            "stat": 1,
            "enemy_template": 39,
            "die_set": "3d6+6"
        }
    },
    {
        "pk": 212,
        "model": "enemygen.enemystat",
        "fields": {
            "stat": 2,
            "enemy_template": 39,
            "die_set": "3d6"
        }
    },
    {
        "pk": 213,
        "model": "enemygen.enemystat",
        "fields": {
            "stat": 3,
            "enemy_template": 39,
            "die_set": "3d6+18"
        }
    },
    {
        "pk": 214,
        "model": "enemygen.enemystat",
        "fields": {
            "stat": 4,
            "enemy_template": 39,
            "die_set": "3d6"
        }
    },
    {
        "pk": 215,
        "model": "enemygen.enemystat",
        "fields": {
            "stat": 7,
            "enemy_template": 39,
            "die_set": "2d6+6"
        }
    },
    {
        "pk": 216,
        "model": "enemygen.enemystat",
        "fields": {
            "stat": 5,
            "enemy_template": 39,
            "die_set": "2d6+9"
        }
    },
    {
        "pk": 217,
        "model": "enemygen.enemystat",
        "fields": {
            "stat": 6,
            "enemy_template": 39,
            "die_set": "3d6"
        }
    },
    {
        "pk": 218,
        "model": "enemygen.enemystat",
        "fields": {
            "stat": 1,
            "enemy_template": 40,
            "die_set": "2d6+6"
        }
    },
    {
        "pk": 219,
        "model": "enemygen.enemystat",
        "fields": {
            "stat": 2,
            "enemy_template": 40,
            "die_set": "1d6+12"
        }
    },
    {
        "pk": 220,
        "model": "enemygen.enemystat",
        "fields": {
            "stat": 3,
            "enemy_template": 40,
            "die_set": "2d6+6"
        }
    },
    {
        "pk": 221,
        "model": "enemygen.enemystat",
        "fields": {
            "stat": 4,
            "enemy_template": 40,
            "die_set": "3d6"
        }
    },
    {
        "pk": 222,
        "model": "enemygen.enemystat",
        "fields": {
            "stat": 7,
            "enemy_template": 40,
            "die_set": "2d6+6"
        }
    },
    {
        "pk": 223,
        "model": "enemygen.enemystat",
        "fields": {
            "stat": 5,
            "enemy_template": 40,
            "die_set": "3d6"
        }
    },
    {
        "pk": 224,
        "model": "enemygen.enemystat",
        "fields": {
            "stat": 6,
            "enemy_template": 40,
            "die_set": "2d6"
        }
    },
    {
        "pk": 225,
        "model": "enemygen.enemystat",
        "fields": {
            "stat": 1,
            "enemy_template": 41,
            "die_set": "2d5+11"
        }
    },
    {
        "pk": 226,
        "model": "enemygen.enemystat",
        "fields": {
            "stat": 2,
            "enemy_template": 41,
            "die_set": "2d5+11"
        }
    },
    {
        "pk": 227,
        "model": "enemygen.enemystat",
        "fields": {
            "stat": 3,
            "enemy_template": 41,
            "die_set": "1d3+9"
        }
    },
    {
        "pk": 228,
        "model": "enemygen.enemystat",
        "fields": {
            "stat": 4,
            "enemy_template": 41,
            "die_set": "2d6+6"
        }
    },
    {
        "pk": 229,
        "model": "enemygen.enemystat",
        "fields": {
            "stat": 7,
            "enemy_template": 41,
            "die_set": "2d6+6"
        }
    },
    {
        "pk": 230,
        "model": "enemygen.enemystat",
        "fields": {
            "stat": 5,
            "enemy_template": 41,
            "die_set": "3d6"
        }
    },
    {
        "pk": 231,
        "model": "enemygen.enemystat",
        "fields": {
            "stat": 6,
            "enemy_template": 41,
            "die_set": "3d6"
        }
    },
    {
        "pk": 232,
        "model": "enemygen.enemystat",
        "fields": {
            "stat": 1,
            "enemy_template": 42,
            "die_set": "2d6"
        }
    },
    {
        "pk": 233,
        "model": "enemygen.enemystat",
        "fields": {
            "stat": 2,
            "enemy_template": 42,
            "die_set": "2d6"
        }
    },
    {
        "pk": 234,
        "model": "enemygen.enemystat",
        "fields": {
            "stat": 3,
            "enemy_template": 42,
            "die_set": "1d6+9"
        }
    },
    {
        "pk": 235,
        "model": "enemygen.enemystat",
        "fields": {
            "stat": 4,
            "enemy_template": 42,
            "die_set": "3d6"
        }
    },
    {
        "pk": 236,
        "model": "enemygen.enemystat",
        "fields": {
            "stat": 7,
            "enemy_template": 42,
            "die_set": "2d6+6"
        }
    },
    {
        "pk": 237,
        "model": "enemygen.enemystat",
        "fields": {
            "stat": 5,
            "enemy_template": 42,
            "die_set": "3d6"
        }
    },
    {
        "pk": 238,
        "model": "enemygen.enemystat",
        "fields": {
            "stat": 6,
            "enemy_template": 42,
            "die_set": "2d6"
        }
    },
    {
        "pk": 302,
        "model": "enemygen.enemystat",
        "fields": {
            "stat": 1,
            "enemy_template": 52,
            "die_set": "2d6+12"
        }
    },
    {
        "pk": 303,
        "model": "enemygen.enemystat",
        "fields": {
            "stat": 2,
            "enemy_template": 52,
            "die_set": "2d6+6"
        }
    },
    {
        "pk": 304,
        "model": "enemygen.enemystat",
        "fields": {
            "stat": 3,
            "enemy_template": 52,
            "die_set": "2d6+16"
        }
    },
    {
        "pk": 305,
        "model": "enemygen.enemystat",
        "fields": {
            "stat": 4,
            "enemy_template": 52,
            "die_set": "3d6"
        }
    },
    {
        "pk": 306,
        "model": "enemygen.enemystat",
        "fields": {
            "stat": 7,
            "enemy_template": 52,
            "die_set": "2d6+6"
        }
    },
    {
        "pk": 307,
        "model": "enemygen.enemystat",
        "fields": {
            "stat": 5,
            "enemy_template": 52,
            "die_set": "3d6"
        }
    },
    {
        "pk": 308,
        "model": "enemygen.enemystat",
        "fields": {
            "stat": 6,
            "enemy_template": 52,
            "die_set": "3d6"
        }
    },
    {
        "pk": 309,
        "model": "enemygen.enemystat",
        "fields": {
            "stat": 1,
            "enemy_template": 53,
            "die_set": "2d5+14"
        }
    },
    {
        "pk": 310,
        "model": "enemygen.enemystat",
        "fields": {
            "stat": 2,
            "enemy_template": 53,
            "die_set": "1d6+12"
        }
    },
    {
        "pk": 311,
        "model": "enemygen.enemystat",
        "fields": {
            "stat": 3,
            "enemy_template": 53,
            "die_set": "2d5+18"
        }
    },
    {
        "pk": 312,
        "model": "enemygen.enemystat",
        "fields": {
            "stat": 4,
            "enemy_template": 53,
            "die_set": "3d5+3"
        }
    },
    {
        "pk": 313,
        "model": "enemygen.enemystat",
        "fields": {
            "stat": 7,
            "enemy_template": 53,
            "die_set": "2d6+6"
        }
    },
    {
        "pk": 314,
        "model": "enemygen.enemystat",
        "fields": {
            "stat": 5,
            "enemy_template": 53,
            "die_set": "2d6+6"
        }
    },
    {
        "pk": 315,
        "model": "enemygen.enemystat",
        "fields": {
            "stat": 6,
            "enemy_template": 53,
            "die_set": "3d6"
        }
    },
    {
        "pk": 323,
        "model": "enemygen.enemystat",
        "fields": {
            "stat": 1,
            "enemy_template": 55,
            "die_set": "2d6"
        }
    },
    {
        "pk": 324,
        "model": "enemygen.enemystat",
        "fields": {
            "stat": 2,
            "enemy_template": 55,
            "die_set": "3d6"
        }
    },
    {
        "pk": 325,
        "model": "enemygen.enemystat",
        "fields": {
            "stat": 3,
            "enemy_template": 55,
            "die_set": "1d6+6"
        }
    },
    {
        "pk": 326,
        "model": "enemygen.enemystat",
        "fields": {
            "stat": 4,
            "enemy_template": 55,
            "die_set": "3d6+3"
        }
    },
    {
        "pk": 327,
        "model": "enemygen.enemystat",
        "fields": {
            "stat": 7,
            "enemy_template": 55,
            "die_set": "1d6+6"
        }
    },
    {
        "pk": 328,
        "model": "enemygen.enemystat",
        "fields": {
            "stat": 5,
            "enemy_template": 55,
            "die_set": "3d6"
        }
    },
    {
        "pk": 329,
        "model": "enemygen.enemystat",
        "fields": {
            "stat": 6,
            "enemy_template": 55,
            "die_set": "2d6"
        }
    },
    {
        "pk": 351,
        "model": "enemygen.enemystat",
        "fields": {
            "stat": 1,
            "enemy_template": 59,
            "die_set": "2d6+5"
        }
    },
    {
        "pk": 352,
        "model": "enemygen.enemystat",
        "fields": {
            "stat": 2,
            "enemy_template": 59,
            "die_set": "3d6"
        }
    },
    {
        "pk": 353,
        "model": "enemygen.enemystat",
        "fields": {
            "stat": 3,
            "enemy_template": 59,
            "die_set": "2d6+6"
        }
    },
    {
        "pk": 354,
        "model": "enemygen.enemystat",
        "fields": {
            "stat": 4,
            "enemy_template": 59,
            "die_set": "2d6+5"
        }
    },
    {
        "pk": 355,
        "model": "enemygen.enemystat",
        "fields": {
            "stat": 7,
            "enemy_template": 59,
            "die_set": "2d6+6"
        }
    },
    {
        "pk": 356,
        "model": "enemygen.enemystat",
        "fields": {
            "stat": 5,
            "enemy_template": 59,
            "die_set": "3d6"
        }
    },
    {
        "pk": 357,
        "model": "enemygen.enemystat",
        "fields": {
            "stat": 6,
            "enemy_template": 59,
            "die_set": "3d6"
        }
    },
    {
        "pk": 519,
        "model": "enemygen.enemystat",
        "fields": {
            "stat": 1,
            "enemy_template": 83,
            "die_set": "3d6"
        }
    },
    {
        "pk": 520,
        "model": "enemygen.enemystat",
        "fields": {
            "stat": 2,
            "enemy_template": 83,
            "die_set": "3d6"
        }
    },
    {
        "pk": 521,
        "model": "enemygen.enemystat",
        "fields": {
            "stat": 3,
            "enemy_template": 83,
            "die_set": "2d6+9"
        }
    },
    {
        "pk": 522,
        "model": "enemygen.enemystat",
        "fields": {
            "stat": 4,
            "enemy_template": 83,
            "die_set": "3d6"
        }
    },
    {
        "pk": 523,
        "model": "enemygen.enemystat",
        "fields": {
            "stat": 7,
            "enemy_template": 83,
            "die_set": "2d6+9"
        }
    },
    {
        "pk": 524,
        "model": "enemygen.enemystat",
        "fields": {
            "stat": 5,
            "enemy_template": 83,
            "die_set": "2d6+6"
        }
    },
    {
        "pk": 525,
        "model": "enemygen.enemystat",
        "fields": {
            "stat": 6,
            "enemy_template": 83,
            "die_set": "3d6"
        }
    },
    {
        "pk": 547,
        "model": "enemygen.enemystat",
        "fields": {
            "stat": 1,
            "enemy_template": 87,
            "die_set": "3d6"
        }
    },
    {
        "pk": 548,
        "model": "enemygen.enemystat",
        "fields": {
            "stat": 2,
            "enemy_template": 87,
            "die_set": "3d6"
        }
    },
    {
        "pk": 549,
        "model": "enemygen.enemystat",
        "fields": {
            "stat": 3,
            "enemy_template": 87,
            "die_set": "2d6+6"
        }
    },
    {
        "pk": 550,
        "model": "enemygen.enemystat",
        "fields": {
            "stat": 4,
            "enemy_template": 87,
            "die_set": "2d6+6"
        }
    },
    {
        "pk": 551,
        "model": "enemygen.enemystat",
        "fields": {
            "stat": 7,
            "enemy_template": 87,
            "die_set": "2d6+6"
        }
    },
    {
        "pk": 552,
        "model": "enemygen.enemystat",
        "fields": {
            "stat": 5,
            "enemy_template": 87,
            "die_set": "3d6"
        }
    },
    {
        "pk": 553,
        "model": "enemygen.enemystat",
        "fields": {
            "stat": 6,
            "enemy_template": 87,
            "die_set": "3d6"
        }
    },
    {
        "pk": 561,
        "model": "enemygen.enemystat",
        "fields": {
            "stat": 1,
            "enemy_template": 89,
            "die_set": "3d6"
        }
    },
    {
        "pk": 562,
        "model": "enemygen.enemystat",
        "fields": {
            "stat": 2,
            "enemy_template": 89,
            "die_set": "3d6"
        }
    },
    {
        "pk": 563,
        "model": "enemygen.enemystat",
        "fields": {
            "stat": 3,
            "enemy_template": 89,
            "die_set": "2d6+6"
        }
    },
    {
        "pk": 564,
        "model": "enemygen.enemystat",
        "fields": {
            "stat": 4,
            "enemy_template": 89,
            "die_set": "3d6"
        }
    },
    {
        "pk": 565,
        "model": "enemygen.enemystat",
        "fields": {
            "stat": 7,
            "enemy_template": 89,
            "die_set": "2d6+6"
        }
    },
    {
        "pk": 566,
        "model": "enemygen.enemystat",
        "fields": {
            "stat": 5,
            "enemy_template": 89,
            "die_set": "3d6"
        }
    },
    {
        "pk": 567,
        "model": "enemygen.enemystat",
        "fields": {
            "stat": 6,
            "enemy_template": 89,
            "die_set": "3d6"
        }
    },
    {
        "pk": 568,
        "model": "enemygen.enemystat",
        "fields": {
            "stat": 1,
            "enemy_template": 90,
            "die_set": "3d6"
        }
    },
    {
        "pk": 569,
        "model": "enemygen.enemystat",
        "fields": {
            "stat": 2,
            "enemy_template": 90,
            "die_set": "3d6"
        }
    },
    {
        "pk": 570,
        "model": "enemygen.enemystat",
        "fields": {
            "stat": 3,
            "enemy_template": 90,
            "die_set": "2d6+6"
        }
    },
    {
        "pk": 571,
        "model": "enemygen.enemystat",
        "fields": {
            "stat": 4,
            "enemy_template": 90,
            "die_set": "3d6"
        }
    },
    {
        "pk": 572,
        "model": "enemygen.enemystat",
        "fields": {
            "stat": 7,
            "enemy_template": 90,
            "die_set": "2d6+6"
        }
    },
    {
        "pk": 573,
        "model": "enemygen.enemystat",
        "fields": {
            "stat": 5,
            "enemy_template": 90,
            "die_set": "3d6"
        }
    },
    {
        "pk": 574,
        "model": "enemygen.enemystat",
        "fields": {
            "stat": 6,
            "enemy_template": 90,
            "die_set": "3d6"
        }
    },
    {
        "pk": 638,
        "model": "enemygen.enemystat",
        "fields": {
            "stat": 1,
            "enemy_template": 100,
            "die_set": "3d6"
        }
    },
    {
        "pk": 639,
        "model": "enemygen.enemystat",
        "fields": {
            "stat": 2,
            "enemy_template": 100,
            "die_set": "3d6"
        }
    },
    {
        "pk": 640,
        "model": "enemygen.enemystat",
        "fields": {
            "stat": 3,
            "enemy_template": 100,
            "die_set": "2d6+6"
        }
    },
    {
        "pk": 641,
        "model": "enemygen.enemystat",
        "fields": {
            "stat": 4,
            "enemy_template": 100,
            "die_set": "3d6"
        }
    },
    {
        "pk": 642,
        "model": "enemygen.enemystat",
        "fields": {
            "stat": 7,
            "enemy_template": 100,
            "die_set": "2d6+6"
        }
    },
    {
        "pk": 643,
        "model": "enemygen.enemystat",
        "fields": {
            "stat": 5,
            "enemy_template": 100,
            "die_set": "3d6"
        }
    },
    {
        "pk": 644,
        "model": "enemygen.enemystat",
        "fields": {
            "stat": 6,
            "enemy_template": 100,
            "die_set": "3d6"
        }
    },
    {
        "pk": 2,
        "model": "enemygen.spellabstract",
        "fields": {
            "default_detail": null,
            "type": "folk",
            "name": "Bladesharp",
            "detail": false
        }
    },
    {
        "pk": 3,
        "model": "enemygen.spellabstract",
        "fields": {
            "default_detail": null,
            "type": "folk",
            "name": "Protection",
            "detail": false
        }
    },
    {
        "pk": 4,
        "model": "enemygen.spellabstract",
        "fields": {
            "default_detail": null,
            "type": "folk",
            "name": "Alarm",
            "detail": false
        }
    },
    {
        "pk": 8,
        "model": "enemygen.spellabstract",
        "fields": {
            "default_detail": null,
            "type": "folk",
            "name": "Appraise",
            "detail": false
        }
    },
    {
        "pk": 9,
        "model": "enemygen.spellabstract",
        "fields": {
            "default_detail": null,
            "type": "folk",
            "name": "Avert",
            "detail": false
        }
    },
    {
        "pk": 10,
        "model": "enemygen.spellabstract",
        "fields": {
            "default_detail": null,
            "type": "folk",
            "name": "Babble",
            "detail": false
        }
    },
    {
        "pk": 11,
        "model": "enemygen.spellabstract",
        "fields": {
            "default_detail": "(X)",
            "type": "folk",
            "name": "Beastcall",
            "detail": true
        }
    },
    {
        "pk": 12,
        "model": "enemygen.spellabstract",
        "fields": {
            "default_detail": null,
            "type": "folk",
            "name": "Befuddle",
            "detail": false
        }
    },
    {
        "pk": 13,
        "model": "enemygen.spellabstract",
        "fields": {
            "default_detail": null,
            "type": "folk",
            "name": "Bludgeon",
            "detail": false
        }
    },
    {
        "pk": 14,
        "model": "enemygen.spellabstract",
        "fields": {
            "default_detail": null,
            "type": "folk",
            "name": "Breath",
            "detail": false
        }
    },
    {
        "pk": 15,
        "model": "enemygen.spellabstract",
        "fields": {
            "default_detail": null,
            "type": "folk",
            "name": "Bypass",
            "detail": false
        }
    },
    {
        "pk": 16,
        "model": "enemygen.spellabstract",
        "fields": {
            "default_detail": null,
            "type": "folk",
            "name": "Calculate",
            "detail": false
        }
    },
    {
        "pk": 17,
        "model": "enemygen.spellabstract",
        "fields": {
            "default_detail": null,
            "type": "folk",
            "name": "Calm",
            "detail": false
        }
    },
    {
        "pk": 18,
        "model": "enemygen.spellabstract",
        "fields": {
            "default_detail": null,
            "type": "folk",
            "name": "Cleanse",
            "detail": false
        }
    },
    {
        "pk": 19,
        "model": "enemygen.spellabstract",
        "fields": {
            "default_detail": null,
            "type": "folk",
            "name": "Chill",
            "detail": false
        }
    },
    {
        "pk": 20,
        "model": "enemygen.spellabstract",
        "fields": {
            "default_detail": null,
            "type": "folk",
            "name": "Cool",
            "detail": false
        }
    },
    {
        "pk": 21,
        "model": "enemygen.spellabstract",
        "fields": {
            "default_detail": null,
            "type": "folk",
            "name": "Coordination",
            "detail": false
        }
    },
    {
        "pk": 22,
        "model": "enemygen.spellabstract",
        "fields": {
            "default_detail": null,
            "type": "folk",
            "name": "Curse",
            "detail": false
        }
    },
    {
        "pk": 23,
        "model": "enemygen.spellabstract",
        "fields": {
            "default_detail": null,
            "type": "folk",
            "name": "Darkness",
            "detail": false
        }
    },
    {
        "pk": 24,
        "model": "enemygen.spellabstract",
        "fields": {
            "default_detail": null,
            "type": "folk",
            "name": "Demoralise",
            "detail": false
        }
    },
    {
        "pk": 25,
        "model": "enemygen.spellabstract",
        "fields": {
            "default_detail": null,
            "type": "folk",
            "name": "Deflect",
            "detail": false
        }
    },
    {
        "pk": 26,
        "model": "enemygen.spellabstract",
        "fields": {
            "default_detail": null,
            "type": "folk",
            "name": "Dishevel",
            "detail": false
        }
    },
    {
        "pk": 27,
        "model": "enemygen.spellabstract",
        "fields": {
            "default_detail": null,
            "type": "folk",
            "name": "Disruption",
            "detail": false
        }
    },
    {
        "pk": 28,
        "model": "enemygen.spellabstract",
        "fields": {
            "default_detail": null,
            "type": "folk",
            "name": "Dry",
            "detail": false
        }
    },
    {
        "pk": 29,
        "model": "enemygen.spellabstract",
        "fields": {
            "default_detail": null,
            "type": "folk",
            "name": "Dullblade",
            "detail": false
        }
    },
    {
        "pk": 30,
        "model": "enemygen.spellabstract",
        "fields": {
            "default_detail": null,
            "type": "folk",
            "name": "Extinguish",
            "detail": false
        }
    },
    {
        "pk": 31,
        "model": "enemygen.spellabstract",
        "fields": {
            "default_detail": null,
            "type": "folk",
            "name": "Fanaticism",
            "detail": false
        }
    },
    {
        "pk": 32,
        "model": "enemygen.spellabstract",
        "fields": {
            "default_detail": "(X)",
            "type": "folk",
            "name": "Find",
            "detail": true
        }
    },
    {
        "pk": 33,
        "model": "enemygen.spellabstract",
        "fields": {
            "default_detail": null,
            "type": "folk",
            "name": "Firearrow",
            "detail": false
        }
    },
    {
        "pk": 34,
        "model": "enemygen.spellabstract",
        "fields": {
            "default_detail": null,
            "type": "folk",
            "name": "Fireblade",
            "detail": false
        }
    },
    {
        "pk": 35,
        "model": "enemygen.spellabstract",
        "fields": {
            "default_detail": null,
            "type": "folk",
            "name": "Frostbite",
            "detail": false
        }
    },
    {
        "pk": 36,
        "model": "enemygen.spellabstract",
        "fields": {
            "default_detail": null,
            "type": "folk",
            "name": "Glamour",
            "detail": false
        }
    },
    {
        "pk": 37,
        "model": "enemygen.spellabstract",
        "fields": {
            "default_detail": null,
            "type": "folk",
            "name": "Glue",
            "detail": false
        }
    },
    {
        "pk": 38,
        "model": "enemygen.spellabstract",
        "fields": {
            "default_detail": null,
            "type": "folk",
            "name": "Heal",
            "detail": false
        }
    },
    {
        "pk": 39,
        "model": "enemygen.spellabstract",
        "fields": {
            "default_detail": null,
            "type": "folk",
            "name": "Heat",
            "detail": false
        }
    },
    {
        "pk": 40,
        "model": "enemygen.spellabstract",
        "fields": {
            "default_detail": null,
            "type": "folk",
            "name": "Ignite",
            "detail": false
        }
    },
    {
        "pk": 41,
        "model": "enemygen.spellabstract",
        "fields": {
            "default_detail": null,
            "type": "folk",
            "name": "Incognito",
            "detail": false
        }
    },
    {
        "pk": 42,
        "model": "enemygen.spellabstract",
        "fields": {
            "default_detail": null,
            "type": "folk",
            "name": "Ironhand",
            "detail": false
        }
    },
    {
        "pk": 43,
        "model": "enemygen.spellabstract",
        "fields": {
            "default_detail": null,
            "type": "folk",
            "name": "Knock",
            "detail": false
        }
    },
    {
        "pk": 44,
        "model": "enemygen.spellabstract",
        "fields": {
            "default_detail": null,
            "type": "folk",
            "name": "Light",
            "detail": false
        }
    },
    {
        "pk": 45,
        "model": "enemygen.spellabstract",
        "fields": {
            "default_detail": null,
            "type": "folk",
            "name": "Lock",
            "detail": false
        }
    },
    {
        "pk": 46,
        "model": "enemygen.spellabstract",
        "fields": {
            "default_detail": null,
            "type": "folk",
            "name": "Magnify",
            "detail": false
        }
    },
    {
        "pk": 47,
        "model": "enemygen.spellabstract",
        "fields": {
            "default_detail": null,
            "type": "folk",
            "name": "Might",
            "detail": false
        }
    },
    {
        "pk": 48,
        "model": "enemygen.spellabstract",
        "fields": {
            "default_detail": null,
            "type": "folk",
            "name": "Mimic",
            "detail": false
        }
    },
    {
        "pk": 49,
        "model": "enemygen.spellabstract",
        "fields": {
            "default_detail": null,
            "type": "folk",
            "name": "Mindspeech",
            "detail": false
        }
    },
    {
        "pk": 50,
        "model": "enemygen.spellabstract",
        "fields": {
            "default_detail": null,
            "type": "folk",
            "name": "Mobility",
            "detail": false
        }
    },
    {
        "pk": 51,
        "model": "enemygen.spellabstract",
        "fields": {
            "default_detail": null,
            "type": "folk",
            "name": "Pathway",
            "detail": false
        }
    },
    {
        "pk": 52,
        "model": "enemygen.spellabstract",
        "fields": {
            "default_detail": null,
            "type": "folk",
            "name": "Perfume",
            "detail": false
        }
    },
    {
        "pk": 53,
        "model": "enemygen.spellabstract",
        "fields": {
            "default_detail": null,
            "type": "folk",
            "name": "Pet",
            "detail": false
        }
    },
    {
        "pk": 54,
        "model": "enemygen.spellabstract",
        "fields": {
            "default_detail": null,
            "type": "folk",
            "name": "Phantasm",
            "detail": false
        }
    },
    {
        "pk": 55,
        "model": "enemygen.spellabstract",
        "fields": {
            "default_detail": null,
            "type": "folk",
            "name": "Pierce",
            "detail": false
        }
    },
    {
        "pk": 56,
        "model": "enemygen.spellabstract",
        "fields": {
            "default_detail": null,
            "type": "folk",
            "name": "Polish",
            "detail": false
        }
    },
    {
        "pk": 57,
        "model": "enemygen.spellabstract",
        "fields": {
            "default_detail": null,
            "type": "folk",
            "name": "Preserve",
            "detail": false
        }
    },
    {
        "pk": 59,
        "model": "enemygen.spellabstract",
        "fields": {
            "default_detail": null,
            "type": "folk",
            "name": "Repair",
            "detail": false
        }
    },
    {
        "pk": 60,
        "model": "enemygen.spellabstract",
        "fields": {
            "default_detail": null,
            "type": "folk",
            "name": "Repugnance",
            "detail": false
        }
    },
    {
        "pk": 61,
        "model": "enemygen.spellabstract",
        "fields": {
            "default_detail": null,
            "type": "folk",
            "name": "Shock",
            "detail": false
        }
    },
    {
        "pk": 62,
        "model": "enemygen.spellabstract",
        "fields": {
            "default_detail": null,
            "type": "folk",
            "name": "Shove",
            "detail": false
        }
    },
    {
        "pk": 63,
        "model": "enemygen.spellabstract",
        "fields": {
            "default_detail": null,
            "type": "folk",
            "name": "Sleep",
            "detail": false
        }
    },
    {
        "pk": 64,
        "model": "enemygen.spellabstract",
        "fields": {
            "default_detail": null,
            "type": "folk",
            "name": "Slow",
            "detail": false
        }
    },
    {
        "pk": 65,
        "model": "enemygen.spellabstract",
        "fields": {
            "default_detail": null,
            "type": "folk",
            "name": "Speedart",
            "detail": false
        }
    },
    {
        "pk": 66,
        "model": "enemygen.spellabstract",
        "fields": {
            "default_detail": null,
            "type": "folk",
            "name": "Spiritshield",
            "detail": false
        }
    },
    {
        "pk": 67,
        "model": "enemygen.spellabstract",
        "fields": {
            "default_detail": null,
            "type": "folk",
            "name": "Tidy",
            "detail": false
        }
    },
    {
        "pk": 68,
        "model": "enemygen.spellabstract",
        "fields": {
            "default_detail": null,
            "type": "folk",
            "name": "Tire",
            "detail": false
        }
    },
    {
        "pk": 69,
        "model": "enemygen.spellabstract",
        "fields": {
            "default_detail": null,
            "type": "folk",
            "name": "Translate",
            "detail": false
        }
    },
    {
        "pk": 70,
        "model": "enemygen.spellabstract",
        "fields": {
            "default_detail": null,
            "type": "folk",
            "name": "Tune",
            "detail": false
        }
    },
    {
        "pk": 71,
        "model": "enemygen.spellabstract",
        "fields": {
            "default_detail": null,
            "type": "folk",
            "name": "Ventriloquism",
            "detail": false
        }
    },
    {
        "pk": 72,
        "model": "enemygen.spellabstract",
        "fields": {
            "default_detail": null,
            "type": "folk",
            "name": "Vigour",
            "detail": false
        }
    },
    {
        "pk": 73,
        "model": "enemygen.spellabstract",
        "fields": {
            "default_detail": null,
            "type": "folk",
            "name": "Voice",
            "detail": false
        }
    },
    {
        "pk": 74,
        "model": "enemygen.spellabstract",
        "fields": {
            "default_detail": null,
            "type": "folk",
            "name": "Warmth",
            "detail": false
        }
    },
    {
        "pk": 75,
        "model": "enemygen.spellabstract",
        "fields": {
            "default_detail": null,
            "type": "folk",
            "name": "Witchsight",
            "detail": false
        }
    },
    {
        "pk": 76,
        "model": "enemygen.spellabstract",
        "fields": {
            "default_detail": null,
            "type": "theism",
            "name": "Absorption",
            "detail": false
        }
    },
    {
        "pk": 77,
        "model": "enemygen.spellabstract",
        "fields": {
            "default_detail": null,
            "type": "theism",
            "name": "Aegis",
            "detail": false
        }
    },
    {
        "pk": 78,
        "model": "enemygen.spellabstract",
        "fields": {
            "default_detail": null,
            "type": "theism",
            "name": "Awaken",
            "detail": false
        }
    },
    {
        "pk": 79,
        "model": "enemygen.spellabstract",
        "fields": {
            "default_detail": null,
            "type": "theism",
            "name": "Backlash",
            "detail": false
        }
    },
    {
        "pk": 80,
        "model": "enemygen.spellabstract",
        "fields": {
            "default_detail": null,
            "type": "theism",
            "name": "Beast form",
            "detail": false
        }
    },
    {
        "pk": 81,
        "model": "enemygen.spellabstract",
        "fields": {
            "default_detail": null,
            "type": "theism",
            "name": "Behold",
            "detail": false
        }
    },
    {
        "pk": 82,
        "model": "enemygen.spellabstract",
        "fields": {
            "default_detail": null,
            "type": "theism",
            "name": "Berserk",
            "detail": false
        }
    },
    {
        "pk": 83,
        "model": "enemygen.spellabstract",
        "fields": {
            "default_detail": null,
            "type": "theism",
            "name": "Bind Ghost",
            "detail": false
        }
    },
    {
        "pk": 84,
        "model": "enemygen.spellabstract",
        "fields": {
            "default_detail": null,
            "type": "theism",
            "name": "Bless Crops",
            "detail": false
        }
    },
    {
        "pk": 85,
        "model": "enemygen.spellabstract",
        "fields": {
            "default_detail": null,
            "type": "theism",
            "name": "Breathe Water",
            "detail": false
        }
    },
    {
        "pk": 86,
        "model": "enemygen.spellabstract",
        "fields": {
            "default_detail": null,
            "type": "theism",
            "name": "Call Winds",
            "detail": false
        }
    },
    {
        "pk": 87,
        "model": "enemygen.spellabstract",
        "fields": {
            "default_detail": null,
            "type": "theism",
            "name": "Chameleon",
            "detail": false
        }
    },
    {
        "pk": 88,
        "model": "enemygen.spellabstract",
        "fields": {
            "default_detail": null,
            "type": "theism",
            "name": "Clear Skies",
            "detail": false
        }
    },
    {
        "pk": 89,
        "model": "enemygen.spellabstract",
        "fields": {
            "default_detail": null,
            "type": "theism",
            "name": "Cloud Call",
            "detail": false
        }
    },
    {
        "pk": 90,
        "model": "enemygen.spellabstract",
        "fields": {
            "default_detail": null,
            "type": "theism",
            "name": "Consecrate",
            "detail": false
        }
    },
    {
        "pk": 91,
        "model": "enemygen.spellabstract",
        "fields": {
            "default_detail": null,
            "type": "theism",
            "name": "Corruption",
            "detail": false
        }
    },
    {
        "pk": 92,
        "model": "enemygen.spellabstract",
        "fields": {
            "default_detail": null,
            "type": "theism",
            "name": "Cure Malady",
            "detail": false
        }
    },
    {
        "pk": 93,
        "model": "enemygen.spellabstract",
        "fields": {
            "default_detail": null,
            "type": "theism",
            "name": "Cure Sense",
            "detail": false
        }
    },
    {
        "pk": 94,
        "model": "enemygen.spellabstract",
        "fields": {
            "default_detail": null,
            "type": "theism",
            "name": "Dismiss Elemental",
            "detail": false
        }
    },
    {
        "pk": 95,
        "model": "enemygen.spellabstract",
        "fields": {
            "default_detail": null,
            "type": "theism",
            "name": "Dismiss Magic",
            "detail": false
        }
    },
    {
        "pk": 96,
        "model": "enemygen.spellabstract",
        "fields": {
            "default_detail": null,
            "type": "theism",
            "name": "Earthquake",
            "detail": false
        }
    },
    {
        "pk": 97,
        "model": "enemygen.spellabstract",
        "fields": {
            "default_detail": null,
            "type": "theism",
            "name": "Elemental Summoning",
            "detail": false
        }
    },
    {
        "pk": 98,
        "model": "enemygen.spellabstract",
        "fields": {
            "default_detail": null,
            "type": "theism",
            "name": "Entangle",
            "detail": false
        }
    },
    {
        "pk": 99,
        "model": "enemygen.spellabstract",
        "fields": {
            "default_detail": null,
            "type": "theism",
            "name": "Enthrall",
            "detail": false
        }
    },
    {
        "pk": 100,
        "model": "enemygen.spellabstract",
        "fields": {
            "default_detail": null,
            "type": "theism",
            "name": "Excommunicate",
            "detail": false
        }
    },
    {
        "pk": 101,
        "model": "enemygen.spellabstract",
        "fields": {
            "default_detail": null,
            "type": "theism",
            "name": "Exorcism",
            "detail": false
        }
    },
    {
        "pk": 102,
        "model": "enemygen.spellabstract",
        "fields": {
            "default_detail": null,
            "type": "theism",
            "name": "Extension",
            "detail": false
        }
    },
    {
        "pk": 103,
        "model": "enemygen.spellabstract",
        "fields": {
            "default_detail": null,
            "type": "theism",
            "name": "Fear",
            "detail": false
        }
    },
    {
        "pk": 104,
        "model": "enemygen.spellabstract",
        "fields": {
            "default_detail": null,
            "type": "theism",
            "name": "Fecundity",
            "detail": false
        }
    },
    {
        "pk": 105,
        "model": "enemygen.spellabstract",
        "fields": {
            "default_detail": null,
            "type": "theism",
            "name": "Fortify",
            "detail": false
        }
    },
    {
        "pk": 106,
        "model": "enemygen.spellabstract",
        "fields": {
            "default_detail": null,
            "type": "theism",
            "name": "Growth",
            "detail": false
        }
    },
    {
        "pk": 107,
        "model": "enemygen.spellabstract",
        "fields": {
            "default_detail": null,
            "type": "theism",
            "name": "Harmonise",
            "detail": false
        }
    },
    {
        "pk": 108,
        "model": "enemygen.spellabstract",
        "fields": {
            "default_detail": null,
            "type": "theism",
            "name": "Heal Body",
            "detail": false
        }
    },
    {
        "pk": 109,
        "model": "enemygen.spellabstract",
        "fields": {
            "default_detail": null,
            "type": "theism",
            "name": "Heal Mind",
            "detail": false
        }
    },
    {
        "pk": 110,
        "model": "enemygen.spellabstract",
        "fields": {
            "default_detail": null,
            "type": "theism",
            "name": "Heal Wound",
            "detail": false
        }
    },
    {
        "pk": 111,
        "model": "enemygen.spellabstract",
        "fields": {
            "default_detail": null,
            "type": "theism",
            "name": "Heart Seizure",
            "detail": false
        }
    },
    {
        "pk": 112,
        "model": "enemygen.spellabstract",
        "fields": {
            "default_detail": null,
            "type": "theism",
            "name": "Illusion",
            "detail": false
        }
    },
    {
        "pk": 113,
        "model": "enemygen.spellabstract",
        "fields": {
            "default_detail": null,
            "type": "theism",
            "name": "Lay To Rest",
            "detail": false
        }
    },
    {
        "pk": 114,
        "model": "enemygen.spellabstract",
        "fields": {
            "default_detail": null,
            "type": "theism",
            "name": "Leeching",
            "detail": false
        }
    },
    {
        "pk": 115,
        "model": "enemygen.spellabstract",
        "fields": {
            "default_detail": null,
            "type": "theism",
            "name": "Lightning",
            "detail": false
        }
    },
    {
        "pk": 116,
        "model": "enemygen.spellabstract",
        "fields": {
            "default_detail": null,
            "type": "theism",
            "name": "Madness",
            "detail": false
        }
    },
    {
        "pk": 117,
        "model": "enemygen.spellabstract",
        "fields": {
            "default_detail": null,
            "type": "theism",
            "name": "Mindblast",
            "detail": false
        }
    },
    {
        "pk": 118,
        "model": "enemygen.spellabstract",
        "fields": {
            "default_detail": null,
            "type": "theism",
            "name": "Mindlink",
            "detail": false
        }
    },
    {
        "pk": 119,
        "model": "enemygen.spellabstract",
        "fields": {
            "default_detail": null,
            "type": "theism",
            "name": "Mirage",
            "detail": false
        }
    },
    {
        "pk": 120,
        "model": "enemygen.spellabstract",
        "fields": {
            "default_detail": null,
            "type": "theism",
            "name": "Obliterate",
            "detail": false
        }
    },
    {
        "pk": 121,
        "model": "enemygen.spellabstract",
        "fields": {
            "default_detail": null,
            "type": "theism",
            "name": "Pacify",
            "detail": false
        }
    },
    {
        "pk": 122,
        "model": "enemygen.spellabstract",
        "fields": {
            "default_detail": "",
            "type": "theism",
            "name": "Perseverance",
            "detail": false
        }
    },
    {
        "pk": 123,
        "model": "enemygen.spellabstract",
        "fields": {
            "default_detail": null,
            "type": "theism",
            "name": "Propitiate",
            "detail": false
        }
    },
    {
        "pk": 124,
        "model": "enemygen.spellabstract",
        "fields": {
            "default_detail": "(Substance)",
            "type": "theism",
            "name": "Rain of",
            "detail": true
        }
    },
    {
        "pk": 125,
        "model": "enemygen.spellabstract",
        "fields": {
            "default_detail": null,
            "type": "theism",
            "name": "Raise Undead",
            "detail": false
        }
    },
    {
        "pk": 126,
        "model": "enemygen.spellabstract",
        "fields": {
            "default_detail": null,
            "type": "theism",
            "name": "Reflection",
            "detail": false
        }
    },
    {
        "pk": 127,
        "model": "enemygen.spellabstract",
        "fields": {
            "default_detail": null,
            "type": "theism",
            "name": "Rejuvenate",
            "detail": false
        }
    },
    {
        "pk": 128,
        "model": "enemygen.spellabstract",
        "fields": {
            "default_detail": null,
            "type": "theism",
            "name": "Resurrect",
            "detail": false
        }
    },
    {
        "pk": 129,
        "model": "enemygen.spellabstract",
        "fields": {
            "default_detail": null,
            "type": "theism",
            "name": "Ripen",
            "detail": false
        }
    },
    {
        "pk": 130,
        "model": "enemygen.spellabstract",
        "fields": {
            "default_detail": null,
            "type": "theism",
            "name": "Sacred Band",
            "detail": false
        }
    },
    {
        "pk": 131,
        "model": "enemygen.spellabstract",
        "fields": {
            "default_detail": null,
            "type": "theism",
            "name": "Sever Spirit",
            "detail": false
        }
    },
    {
        "pk": 132,
        "model": "enemygen.spellabstract",
        "fields": {
            "default_detail": null,
            "type": "theism",
            "name": "Shield",
            "detail": false
        }
    },
    {
        "pk": 133,
        "model": "enemygen.spellabstract",
        "fields": {
            "default_detail": null,
            "type": "theism",
            "name": "Soul Sight",
            "detail": false
        }
    },
    {
        "pk": 134,
        "model": "enemygen.spellabstract",
        "fields": {
            "default_detail": null,
            "type": "theism",
            "name": "Spirit Block",
            "detail": false
        }
    },
    {
        "pk": 135,
        "model": "enemygen.spellabstract",
        "fields": {
            "default_detail": null,
            "type": "theism",
            "name": "Steadfast",
            "detail": false
        }
    },
    {
        "pk": 136,
        "model": "enemygen.spellabstract",
        "fields": {
            "default_detail": null,
            "type": "theism",
            "name": "Sunspear",
            "detail": false
        }
    },
    {
        "pk": 137,
        "model": "enemygen.spellabstract",
        "fields": {
            "default_detail": null,
            "type": "theism",
            "name": "Sureshot",
            "detail": false
        }
    },
    {
        "pk": 138,
        "model": "enemygen.spellabstract",
        "fields": {
            "default_detail": null,
            "type": "theism",
            "name": "Thunderclap",
            "detail": false
        }
    },
    {
        "pk": 139,
        "model": "enemygen.spellabstract",
        "fields": {
            "default_detail": "(Weapon)",
            "type": "theism",
            "name": "True",
            "detail": true
        }
    },
    {
        "pk": 140,
        "model": "enemygen.spellabstract",
        "fields": {
            "default_detail": "(Substance / Process)",
            "type": "sorcery",
            "name": "Abjure",
            "detail": true
        }
    },
    {
        "pk": 141,
        "model": "enemygen.spellabstract",
        "fields": {
            "default_detail": "(Substance)",
            "type": "sorcery",
            "name": "Animate",
            "detail": true
        }
    },
    {
        "pk": 142,
        "model": "enemygen.spellabstract",
        "fields": {
            "default_detail": "(Threat)",
            "type": "sorcery",
            "name": "Attract",
            "detail": true
        }
    },
    {
        "pk": 143,
        "model": "enemygen.spellabstract",
        "fields": {
            "default_detail": "",
            "type": "sorcery",
            "name": "Banish",
            "detail": false
        }
    },
    {
        "pk": 144,
        "model": "enemygen.spellabstract",
        "fields": {
            "default_detail": "",
            "type": "sorcery",
            "name": "Bypass Armor",
            "detail": false
        }
    },
    {
        "pk": 145,
        "model": "enemygen.spellabstract",
        "fields": {
            "default_detail": "",
            "type": "sorcery",
            "name": "Castback",
            "detail": false
        }
    },
    {
        "pk": 146,
        "model": "enemygen.spellabstract",
        "fields": {
            "default_detail": "",
            "type": "sorcery",
            "name": "Damage Enhancement",
            "detail": false
        }
    },
    {
        "pk": 147,
        "model": "enemygen.spellabstract",
        "fields": {
            "default_detail": "",
            "type": "sorcery",
            "name": "Damage Resistance",
            "detail": false
        }
    },
    {
        "pk": 148,
        "model": "enemygen.spellabstract",
        "fields": {
            "default_detail": "(Characteristic)",
            "type": "sorcery",
            "name": "Diminish",
            "detail": true
        }
    },
    {
        "pk": 149,
        "model": "enemygen.spellabstract",
        "fields": {
            "default_detail": "(Creatures)",
            "type": "sorcery",
            "name": "Dominate",
            "detail": true
        }
    },
    {
        "pk": 150,
        "model": "enemygen.spellabstract",
        "fields": {
            "default_detail": "(Creatures)",
            "type": "sorcery",
            "name": "Draw",
            "detail": true
        }
    },
    {
        "pk": 151,
        "model": "enemygen.spellabstract",
        "fields": {
            "default_detail": "(Object)",
            "type": "sorcery",
            "name": "Enchant",
            "detail": true
        }
    },
    {
        "pk": 152,
        "model": "enemygen.spellabstract",
        "fields": {
            "default_detail": "(Characteristic)",
            "type": "sorcery",
            "name": "Enhance",
            "detail": true
        }
    },
    {
        "pk": 153,
        "model": "enemygen.spellabstract",
        "fields": {
            "default_detail": "",
            "type": "sorcery",
            "name": "Enlarge",
            "detail": false
        }
    },
    {
        "pk": 154,
        "model": "enemygen.spellabstract",
        "fields": {
            "default_detail": "(Creatures)",
            "type": "sorcery",
            "name": "Enslave",
            "detail": true
        }
    },
    {
        "pk": 155,
        "model": "enemygen.spellabstract",
        "fields": {
            "default_detail": "",
            "type": "sorcery",
            "name": "Evoke",
            "detail": false
        }
    },
    {
        "pk": 156,
        "model": "enemygen.spellabstract",
        "fields": {
            "default_detail": "",
            "type": "sorcery",
            "name": "Fly",
            "detail": false
        }
    },
    {
        "pk": 157,
        "model": "enemygen.spellabstract",
        "fields": {
            "default_detail": "",
            "type": "sorcery",
            "name": "Haste",
            "detail": false
        }
    },
    {
        "pk": 158,
        "model": "enemygen.spellabstract",
        "fields": {
            "default_detail": "",
            "type": "sorcery",
            "name": "Hide Life",
            "detail": false
        }
    },
    {
        "pk": 159,
        "model": "enemygen.spellabstract",
        "fields": {
            "default_detail": "",
            "type": "sorcery",
            "name": "Hinder",
            "detail": false
        }
    },
    {
        "pk": 160,
        "model": "enemygen.spellabstract",
        "fields": {
            "default_detail": "",
            "type": "sorcery",
            "name": "Holdfast",
            "detail": false
        }
    },
    {
        "pk": 161,
        "model": "enemygen.spellabstract",
        "fields": {
            "default_detail": "",
            "type": "sorcery",
            "name": "Imprison",
            "detail": false
        }
    },
    {
        "pk": 162,
        "model": "enemygen.spellabstract",
        "fields": {
            "default_detail": "",
            "type": "sorcery",
            "name": "Intuition",
            "detail": false
        }
    },
    {
        "pk": 163,
        "model": "enemygen.spellabstract",
        "fields": {
            "default_detail": "",
            "type": "sorcery",
            "name": "Mark",
            "detail": false
        }
    },
    {
        "pk": 164,
        "model": "enemygen.spellabstract",
        "fields": {
            "default_detail": "(Sense)",
            "type": "sorcery",
            "name": "Mystic",
            "detail": true
        }
    },
    {
        "pk": 165,
        "model": "enemygen.spellabstract",
        "fields": {
            "default_detail": "",
            "type": "sorcery",
            "name": "Neutralize Magic",
            "detail": false
        }
    },
    {
        "pk": 166,
        "model": "enemygen.spellabstract",
        "fields": {
            "default_detail": "",
            "type": "sorcery",
            "name": "Palsy",
            "detail": false
        }
    },
    {
        "pk": 167,
        "model": "enemygen.spellabstract",
        "fields": {
            "default_detail": "(Sense)",
            "type": "sorcery",
            "name": "Perceive",
            "detail": true
        }
    },
    {
        "pk": 168,
        "model": "enemygen.spellabstract",
        "fields": {
            "default_detail": "(Sense)",
            "type": "sorcery",
            "name": "Phantom",
            "detail": true
        }
    },
    {
        "pk": 169,
        "model": "enemygen.spellabstract",
        "fields": {
            "default_detail": "",
            "type": "sorcery",
            "name": "Portal",
            "detail": false
        }
    },
    {
        "pk": 170,
        "model": "enemygen.spellabstract",
        "fields": {
            "default_detail": "",
            "type": "sorcery",
            "name": "Protective Ward",
            "detail": false
        }
    },
    {
        "pk": 171,
        "model": "enemygen.spellabstract",
        "fields": {
            "default_detail": "(Sense)",
            "type": "sorcery",
            "name": "Project",
            "detail": true
        }
    },
    {
        "pk": 172,
        "model": "enemygen.spellabstract",
        "fields": {
            "default_detail": "",
            "type": "sorcery",
            "name": "Regenerate",
            "detail": false
        }
    },
    {
        "pk": 173,
        "model": "enemygen.spellabstract",
        "fields": {
            "default_detail": "(Creatures)",
            "type": "sorcery",
            "name": "Repulse",
            "detail": true
        }
    },
    {
        "pk": 174,
        "model": "enemygen.spellabstract",
        "fields": {
            "default_detail": "",
            "type": "sorcery",
            "name": "Revivify",
            "detail": false
        }
    },
    {
        "pk": 175,
        "model": "enemygen.spellabstract",
        "fields": {
            "default_detail": "(Substance)",
            "type": "sorcery",
            "name": "Sculpt",
            "detail": true
        }
    },
    {
        "pk": 176,
        "model": "enemygen.spellabstract",
        "fields": {
            "default_detail": "(Object, State or Substance)",
            "type": "sorcery",
            "name": "Sense",
            "detail": true
        }
    },
    {
        "pk": 177,
        "model": "enemygen.spellabstract",
        "fields": {
            "default_detail": "(Creature)",
            "type": "sorcery",
            "name": "Shapechange to",
            "detail": true
        }
    },
    {
        "pk": 178,
        "model": "enemygen.spellabstract",
        "fields": {
            "default_detail": "",
            "type": "sorcery",
            "name": "Shrink",
            "detail": false
        }
    },
    {
        "pk": 179,
        "model": "enemygen.spellabstract",
        "fields": {
            "default_detail": "",
            "type": "sorcery",
            "name": "Smother",
            "detail": false
        }
    },
    {
        "pk": 180,
        "model": "enemygen.spellabstract",
        "fields": {
            "default_detail": "",
            "type": "sorcery",
            "name": "Spell Resistance",
            "detail": false
        }
    },
    {
        "pk": 181,
        "model": "enemygen.spellabstract",
        "fields": {
            "default_detail": "",
            "type": "sorcery",
            "name": "Spirit Resistance",
            "detail": false
        }
    },
    {
        "pk": 182,
        "model": "enemygen.spellabstract",
        "fields": {
            "default_detail": "",
            "type": "sorcery",
            "name": "Store Manna",
            "detail": false
        }
    },
    {
        "pk": 183,
        "model": "enemygen.spellabstract",
        "fields": {
            "default_detail": "",
            "type": "sorcery",
            "name": "Switch Body",
            "detail": false
        }
    },
    {
        "pk": 184,
        "model": "enemygen.spellabstract",
        "fields": {
            "default_detail": "",
            "type": "sorcery",
            "name": "Summon",
            "detail": false
        }
    },
    {
        "pk": 185,
        "model": "enemygen.spellabstract",
        "fields": {
            "default_detail": "(Characteristic)",
            "type": "sorcery",
            "name": "Tap",
            "detail": true
        }
    },
    {
        "pk": 186,
        "model": "enemygen.spellabstract",
        "fields": {
            "default_detail": "",
            "type": "sorcery",
            "name": "Telepathy",
            "detail": false
        }
    },
    {
        "pk": 187,
        "model": "enemygen.spellabstract",
        "fields": {
            "default_detail": "",
            "type": "sorcery",
            "name": "Teleport",
            "detail": false
        }
    },
    {
        "pk": 188,
        "model": "enemygen.spellabstract",
        "fields": {
            "default_detail": "(Substance)",
            "type": "sorcery",
            "name": "Transmogrify to",
            "detail": true
        }
    },
    {
        "pk": 189,
        "model": "enemygen.spellabstract",
        "fields": {
            "default_detail": "",
            "type": "sorcery",
            "name": "Transfer Wound",
            "detail": false
        }
    },
    {
        "pk": 190,
        "model": "enemygen.spellabstract",
        "fields": {
            "default_detail": "",
            "type": "sorcery",
            "name": "Trap Soul",
            "detail": false
        }
    },
    {
        "pk": 191,
        "model": "enemygen.spellabstract",
        "fields": {
            "default_detail": "",
            "type": "sorcery",
            "name": "Undeath",
            "detail": false
        }
    },
    {
        "pk": 192,
        "model": "enemygen.spellabstract",
        "fields": {
            "default_detail": "(Substance or Harm)",
            "type": "sorcery",
            "name": "Wrack",
            "detail": true
        }
    },
    {
        "pk": 193,
        "model": "enemygen.spellabstract",
        "fields": {
            "default_detail": "",
            "type": "theism",
            "name": "Create Skeleton",
            "detail": false
        }
    },
    {
        "pk": 194,
        "model": "enemygen.spellabstract",
        "fields": {
            "default_detail": "",
            "type": "theism",
            "name": "Create Zombie",
            "detail": false
        }
    },
    {
        "pk": 195,
        "model": "enemygen.spellabstract",
        "fields": {
            "default_detail": "",
            "type": "mysticism",
            "name": "Augment skill: Athletics",
            "detail": false
        }
    },
    {
        "pk": 196,
        "model": "enemygen.spellabstract",
        "fields": {
            "default_detail": "",
            "type": "mysticism",
            "name": "Augment skill: Influence",
            "detail": false
        }
    },
    {
        "pk": 197,
        "model": "enemygen.spellabstract",
        "fields": {
            "default_detail": "",
            "type": "mysticism",
            "name": "Augment skill: Perception",
            "detail": false
        }
    },
    {
        "pk": 198,
        "model": "enemygen.spellabstract",
        "fields": {
            "default_detail": "",
            "type": "mysticism",
            "name": "Augment skill: Stealth",
            "detail": false
        }
    },
    {
        "pk": 199,
        "model": "enemygen.spellabstract",
        "fields": {
            "default_detail": "",
            "type": "mysticism",
            "name": "Augment skill: Willpower",
            "detail": false
        }
    },
    {
        "pk": 200,
        "model": "enemygen.spellabstract",
        "fields": {
            "default_detail": "",
            "type": "mysticism",
            "name": "Augment skill: Dance",
            "detail": false
        }
    },
    {
        "pk": 201,
        "model": "enemygen.spellabstract",
        "fields": {
            "default_detail": "",
            "type": "mysticism",
            "name": "Augment skill: Evade",
            "detail": false
        }
    },
    {
        "pk": 202,
        "model": "enemygen.spellabstract",
        "fields": {
            "default_detail": "",
            "type": "mysticism",
            "name": "Augment skill: Insight",
            "detail": false
        }
    },
    {
        "pk": 203,
        "model": "enemygen.spellabstract",
        "fields": {
            "default_detail": "",
            "type": "mysticism",
            "name": "Augment skill: Ride",
            "detail": false
        }
    },
    {
        "pk": 204,
        "model": "enemygen.spellabstract",
        "fields": {
            "default_detail": "",
            "type": "mysticism",
            "name": "Augment skill: Swim",
            "detail": false
        }
    },
    {
        "pk": 205,
        "model": "enemygen.spellabstract",
        "fields": {
            "default_detail": "",
            "type": "mysticism",
            "name": "Augment skill: Brawn",
            "detail": false
        }
    },
    {
        "pk": 206,
        "model": "enemygen.spellabstract",
        "fields": {
            "default_detail": "",
            "type": "mysticism",
            "name": "Augment skill: Deceit",
            "detail": false
        }
    },
    {
        "pk": 207,
        "model": "enemygen.spellabstract",
        "fields": {
            "default_detail": "",
            "type": "mysticism",
            "name": "Augment skill: First Aid",
            "detail": false
        }
    },
    {
        "pk": 208,
        "model": "enemygen.spellabstract",
        "fields": {
            "default_detail": "",
            "type": "mysticism",
            "name": "Augment skill: Sing",
            "detail": false
        }
    },
    {
        "pk": 209,
        "model": "enemygen.spellabstract",
        "fields": {
            "default_detail": "",
            "type": "mysticism",
            "name": "Augment skill: Unarmed",
            "detail": false
        }
    },
    {
        "pk": 210,
        "model": "enemygen.spellabstract",
        "fields": {
            "default_detail": "",
            "type": "mysticism",
            "name": "Trait: Adhesion",
            "detail": false
        }
    },
    {
        "pk": 211,
        "model": "enemygen.spellabstract",
        "fields": {
            "default_detail": "",
            "type": "mysticism",
            "name": "Trait: Arrowcut",
            "detail": false
        }
    },
    {
        "pk": 212,
        "model": "enemygen.spellabstract",
        "fields": {
            "default_detail": "",
            "type": "mysticism",
            "name": "Trait: Astral Projection",
            "detail": false
        }
    },
    {
        "pk": 213,
        "model": "enemygen.spellabstract",
        "fields": {
            "default_detail": "(X)",
            "type": "mysticism",
            "name": "Trait: Aura",
            "detail": true
        }
    },
    {
        "pk": 214,
        "model": "enemygen.spellabstract",
        "fields": {
            "default_detail": "",
            "type": "mysticism",
            "name": "Trait: Awareness",
            "detail": false
        }
    },
    {
        "pk": 215,
        "model": "enemygen.spellabstract",
        "fields": {
            "default_detail": "",
            "type": "mysticism",
            "name": "Trait: Dark Sight",
            "detail": false
        }
    },
    {
        "pk": 216,
        "model": "enemygen.spellabstract",
        "fields": {
            "default_detail": "(X)",
            "type": "mysticism",
            "name": "Trait: Denial",
            "detail": true
        }
    },
    {
        "pk": 217,
        "model": "enemygen.spellabstract",
        "fields": {
            "default_detail": "",
            "type": "mysticism",
            "name": "Trait: Earth Sense",
            "detail": false
        }
    },
    {
        "pk": 218,
        "model": "enemygen.spellabstract",
        "fields": {
            "default_detail": "",
            "type": "mysticism",
            "name": "Trait: Echolocation",
            "detail": false
        }
    },
    {
        "pk": 219,
        "model": "enemygen.spellabstract",
        "fields": {
            "default_detail": "",
            "type": "mysticism",
            "name": "Trait: Featherlight",
            "detail": false
        }
    },
    {
        "pk": 220,
        "model": "enemygen.spellabstract",
        "fields": {
            "default_detail": "",
            "type": "mysticism",
            "name": "Trait: Formidable Nat. Weapons",
            "detail": false
        }
    },
    {
        "pk": 221,
        "model": "enemygen.spellabstract",
        "fields": {
            "default_detail": "",
            "type": "mysticism",
            "name": "Trait: Heart Slow",
            "detail": false
        }
    },
    {
        "pk": 222,
        "model": "enemygen.spellabstract",
        "fields": {
            "default_detail": "(X)",
            "type": "mysticism",
            "name": "Trait: Immunity",
            "detail": true
        }
    },
    {
        "pk": 223,
        "model": "enemygen.spellabstract",
        "fields": {
            "default_detail": "",
            "type": "mysticism",
            "name": "Trait: Indomitable",
            "detail": false
        }
    },
    {
        "pk": 224,
        "model": "enemygen.spellabstract",
        "fields": {
            "default_detail": "",
            "type": "mysticism",
            "name": "Trait: Life Sense",
            "detail": false
        }
    },
    {
        "pk": 225,
        "model": "enemygen.spellabstract",
        "fields": {
            "default_detail": "",
            "type": "mysticism",
            "name": "Trait: Magic Sense",
            "detail": false
        }
    },
    {
        "pk": 226,
        "model": "enemygen.spellabstract",
        "fields": {
            "default_detail": "",
            "type": "mysticism",
            "name": "Trait: Night Sight",
            "detail": false
        }
    },
    {
        "pk": 227,
        "model": "enemygen.spellabstract",
        "fields": {
            "default_detail": "",
            "type": "mysticism",
            "name": "Trait: Pain Control",
            "detail": false
        }
    },
    {
        "pk": 228,
        "model": "enemygen.spellabstract",
        "fields": {
            "default_detail": "",
            "type": "mysticism",
            "name": "Trait: Spirit Sense",
            "detail": false
        }
    },
    {
        "pk": 229,
        "model": "enemygen.spellabstract",
        "fields": {
            "default_detail": "",
            "type": "mysticism",
            "name": "Trait: Squeeze",
            "detail": false
        }
    },
    {
        "pk": 230,
        "model": "enemygen.spellabstract",
        "fields": {
            "default_detail": "",
            "type": "mysticism",
            "name": "Enhance: Action Points",
            "detail": false
        }
    },
    {
        "pk": 231,
        "model": "enemygen.spellabstract",
        "fields": {
            "default_detail": "",
            "type": "mysticism",
            "name": "Enhance: Damage Modifier",
            "detail": false
        }
    },
    {
        "pk": 232,
        "model": "enemygen.spellabstract",
        "fields": {
            "default_detail": "",
            "type": "mysticism",
            "name": "Enhance: Fatigue",
            "detail": false
        }
    },
    {
        "pk": 233,
        "model": "enemygen.spellabstract",
        "fields": {
            "default_detail": "",
            "type": "mysticism",
            "name": "Enhance: Healing Rate",
            "detail": false
        }
    },
    {
        "pk": 234,
        "model": "enemygen.spellabstract",
        "fields": {
            "default_detail": "",
            "type": "mysticism",
            "name": "Enhance: Hit Points",
            "detail": false
        }
    },
    {
        "pk": 235,
        "model": "enemygen.spellabstract",
        "fields": {
            "default_detail": "",
            "type": "mysticism",
            "name": "Enhance: Movement Rate",
            "detail": false
        }
    },
    {
        "pk": 236,
        "model": "enemygen.spellabstract",
        "fields": {
            "default_detail": "",
            "type": "mysticism",
            "name": "Enhance: Strike Rank",
            "detail": false
        }
    },
    {
        "pk": 1151,
        "model": "enemygen.enemyspell",
        "fields": {
            "enemy_template": 37,
            "spell": 2,
            "detail": null,
            "probability": 5
        }
    },
    {
        "pk": 1164,
        "model": "enemygen.enemyspell",
        "fields": {
            "enemy_template": 37,
            "spell": 89,
            "detail": null,
            "probability": 1
        }
    },
    {
        "pk": 1174,
        "model": "enemygen.enemyspell",
        "fields": {
            "enemy_template": 37,
            "spell": 24,
            "detail": null,
            "probability": 1
        }
    },
    {
        "pk": 1180,
        "model": "enemygen.enemyspell",
        "fields": {
            "enemy_template": 37,
            "spell": 29,
            "detail": null,
            "probability": 1
        }
    },
    {
        "pk": 1189,
        "model": "enemygen.enemyspell",
        "fields": {
            "enemy_template": 37,
            "spell": 31,
            "detail": null,
            "probability": 3
        }
    },
    {
        "pk": 1193,
        "model": "enemygen.enemyspell",
        "fields": {
            "enemy_template": 37,
            "spell": 33,
            "detail": null,
            "probability": 1
        }
    },
    {
        "pk": 1204,
        "model": "enemygen.enemyspell",
        "fields": {
            "enemy_template": 37,
            "spell": 110,
            "detail": null,
            "probability": 1
        }
    },
    {
        "pk": 1225,
        "model": "enemygen.enemyspell",
        "fields": {
            "enemy_template": 37,
            "spell": 50,
            "detail": null,
            "probability": 1
        }
    },
    {
        "pk": 1238,
        "model": "enemygen.enemyspell",
        "fields": {
            "enemy_template": 37,
            "spell": 3,
            "detail": null,
            "probability": 3
        }
    },
    {
        "pk": 1249,
        "model": "enemygen.enemyspell",
        "fields": {
            "enemy_template": 37,
            "spell": 132,
            "detail": null,
            "probability": 1
        }
    },
    {
        "pk": 1261,
        "model": "enemygen.enemyspell",
        "fields": {
            "enemy_template": 37,
            "spell": 138,
            "detail": null,
            "probability": 1
        }
    },
    {
        "pk": 1268,
        "model": "enemygen.enemyspell",
        "fields": {
            "enemy_template": 37,
            "spell": 72,
            "detail": null,
            "probability": 1
        }
    },
    {
        "pk": 1324,
        "model": "enemygen.enemyspell",
        "fields": {
            "enemy_template": 38,
            "spell": 31,
            "detail": null,
            "probability": 2
        }
    },
    {
        "pk": 1367,
        "model": "enemygen.enemyspell",
        "fields": {
            "enemy_template": 38,
            "spell": 55,
            "detail": null,
            "probability": 5
        }
    },
    {
        "pk": 1373,
        "model": "enemygen.enemyspell",
        "fields": {
            "enemy_template": 38,
            "spell": 3,
            "detail": null,
            "probability": 2
        }
    },
    {
        "pk": 1403,
        "model": "enemygen.enemyspell",
        "fields": {
            "enemy_template": 38,
            "spell": 72,
            "detail": null,
            "probability": 1
        }
    },
    {
        "pk": 1421,
        "model": "enemygen.enemyspell",
        "fields": {
            "enemy_template": 39,
            "spell": 2,
            "detail": null,
            "probability": 1
        }
    },
    {
        "pk": 1507,
        "model": "enemygen.enemyspell",
        "fields": {
            "enemy_template": 39,
            "spell": 3,
            "detail": null,
            "probability": 1
        }
    },
    {
        "pk": 1512,
        "model": "enemygen.enemyspell",
        "fields": {
            "enemy_template": 39,
            "spell": 59,
            "detail": null,
            "probability": 1
        }
    },
    {
        "pk": 1526,
        "model": "enemygen.enemyspell",
        "fields": {
            "enemy_template": 39,
            "spell": 66,
            "detail": null,
            "probability": 1
        }
    },
    {
        "pk": 1537,
        "model": "enemygen.enemyspell",
        "fields": {
            "enemy_template": 39,
            "spell": 72,
            "detail": null,
            "probability": 2
        }
    },
    {
        "pk": 1553,
        "model": "enemygen.enemyspell",
        "fields": {
            "enemy_template": 40,
            "spell": 82,
            "detail": null,
            "probability": 1
        }
    },
    {
        "pk": 1555,
        "model": "enemygen.enemyspell",
        "fields": {
            "enemy_template": 40,
            "spell": 2,
            "detail": null,
            "probability": 1
        }
    },
    {
        "pk": 1605,
        "model": "enemygen.enemyspell",
        "fields": {
            "enemy_template": 40,
            "spell": 38,
            "detail": null,
            "probability": 1
        }
    },
    {
        "pk": 1614,
        "model": "enemygen.enemyspell",
        "fields": {
            "enemy_template": 40,
            "spell": 42,
            "detail": null,
            "probability": 1
        }
    },
    {
        "pk": 1641,
        "model": "enemygen.enemyspell",
        "fields": {
            "enemy_template": 40,
            "spell": 3,
            "detail": null,
            "probability": 1
        }
    },
    {
        "pk": 1666,
        "model": "enemygen.enemyspell",
        "fields": {
            "enemy_template": 40,
            "spell": 68,
            "detail": "",
            "probability": 1
        }
    },
    {
        "pk": 1671,
        "model": "enemygen.enemyspell",
        "fields": {
            "enemy_template": 40,
            "spell": 72,
            "detail": null,
            "probability": 1
        }
    },
    {
        "pk": 1687,
        "model": "enemygen.enemyspell",
        "fields": {
            "enemy_template": 41,
            "spell": 82,
            "detail": null,
            "probability": 1
        }
    },
    {
        "pk": 3149,
        "model": "enemygen.enemyspell",
        "fields": {
            "enemy_template": 40,
            "spell": 4,
            "detail": null,
            "probability": 1
        }
    },
    {
        "pk": 3150,
        "model": "enemygen.enemyspell",
        "fields": {
            "enemy_template": 40,
            "spell": 11,
            "detail": "",
            "probability": 1
        }
    },
    {
        "pk": 3173,
        "model": "enemygen.enemyspell",
        "fields": {
            "enemy_template": 52,
            "spell": 42,
            "detail": null,
            "probability": 3
        }
    },
    {
        "pk": 3174,
        "model": "enemygen.enemyspell",
        "fields": {
            "enemy_template": 52,
            "spell": 13,
            "detail": null,
            "probability": 5
        }
    },
    {
        "pk": 3175,
        "model": "enemygen.enemyspell",
        "fields": {
            "enemy_template": 52,
            "spell": 31,
            "detail": null,
            "probability": 2
        }
    },
    {
        "pk": 3176,
        "model": "enemygen.enemyspell",
        "fields": {
            "enemy_template": 52,
            "spell": 3,
            "detail": null,
            "probability": 2
        }
    },
    {
        "pk": 3177,
        "model": "enemygen.enemyspell",
        "fields": {
            "enemy_template": 52,
            "spell": 72,
            "detail": null,
            "probability": 2
        }
    },
    {
        "pk": 3178,
        "model": "enemygen.enemyspell",
        "fields": {
            "enemy_template": 52,
            "spell": 66,
            "detail": null,
            "probability": 1
        }
    },
    {
        "pk": 3179,
        "model": "enemygen.enemyspell",
        "fields": {
            "enemy_template": 52,
            "spell": 82,
            "detail": null,
            "probability": 1
        }
    },
    {
        "pk": 3180,
        "model": "enemygen.enemyspell",
        "fields": {
            "enemy_template": 52,
            "spell": 103,
            "detail": null,
            "probability": 1
        }
    },
    {
        "pk": 3181,
        "model": "enemygen.enemyspell",
        "fields": {
            "enemy_template": 53,
            "spell": 13,
            "detail": null,
            "probability": 10
        }
    },
    {
        "pk": 3182,
        "model": "enemygen.enemyspell",
        "fields": {
            "enemy_template": 53,
            "spell": 72,
            "detail": null,
            "probability": 4
        }
    },
    {
        "pk": 3183,
        "model": "enemygen.enemyspell",
        "fields": {
            "enemy_template": 53,
            "spell": 3,
            "detail": null,
            "probability": 2
        }
    },
    {
        "pk": 3184,
        "model": "enemygen.enemyspell",
        "fields": {
            "enemy_template": 53,
            "spell": 42,
            "detail": null,
            "probability": 2
        }
    },
    {
        "pk": 3185,
        "model": "enemygen.enemyspell",
        "fields": {
            "enemy_template": 53,
            "spell": 23,
            "detail": null,
            "probability": 2
        }
    },
    {
        "pk": 3186,
        "model": "enemygen.enemyspell",
        "fields": {
            "enemy_template": 53,
            "spell": 31,
            "detail": null,
            "probability": 5
        }
    },
    {
        "pk": 3187,
        "model": "enemygen.enemyspell",
        "fields": {
            "enemy_template": 53,
            "spell": 82,
            "detail": null,
            "probability": 10
        }
    },
    {
        "pk": 3188,
        "model": "enemygen.enemyspell",
        "fields": {
            "enemy_template": 53,
            "spell": 103,
            "detail": null,
            "probability": 2
        }
    },
    {
        "pk": 3189,
        "model": "enemygen.enemyspell",
        "fields": {
            "enemy_template": 53,
            "spell": 194,
            "detail": "",
            "probability": 2
        }
    },
    {
        "pk": 3190,
        "model": "enemygen.enemyspell",
        "fields": {
            "enemy_template": 53,
            "spell": 193,
            "detail": "",
            "probability": 2
        }
    },
    {
        "pk": 3191,
        "model": "enemygen.enemyspell",
        "fields": {
            "enemy_template": 52,
            "spell": 193,
            "detail": "",
            "probability": 1
        }
    },
    {
        "pk": 3192,
        "model": "enemygen.enemyspell",
        "fields": {
            "enemy_template": 40,
            "spell": 31,
            "detail": null,
            "probability": 1
        }
    },
    {
        "pk": 3193,
        "model": "enemygen.enemyspell",
        "fields": {
            "enemy_template": 40,
            "spell": 50,
            "detail": null,
            "probability": 1
        }
    },
    {
        "pk": 3194,
        "model": "enemygen.enemyspell",
        "fields": {
            "enemy_template": 37,
            "spell": 73,
            "detail": null,
            "probability": 1
        }
    },
    {
        "pk": 3195,
        "model": "enemygen.enemyspell",
        "fields": {
            "enemy_template": 37,
            "spell": 55,
            "detail": null,
            "probability": 1
        }
    },
    {
        "pk": 3196,
        "model": "enemygen.enemyspell",
        "fields": {
            "enemy_template": 37,
            "spell": 9,
            "detail": null,
            "probability": 1
        }
    },
    {
        "pk": 3197,
        "model": "enemygen.enemyspell",
        "fields": {
            "enemy_template": 37,
            "spell": 97,
            "detail": null,
            "probability": 1
        }
    },
    {
        "pk": 3198,
        "model": "enemygen.enemyspell",
        "fields": {
            "enemy_template": 37,
            "spell": 94,
            "detail": null,
            "probability": 1
        }
    },
    {
        "pk": 3199,
        "model": "enemygen.enemyspell",
        "fields": {
            "enemy_template": 38,
            "spell": 50,
            "detail": null,
            "probability": 1
        }
    },
    {
        "pk": 3203,
        "model": "enemygen.enemyspell",
        "fields": {
            "enemy_template": 38,
            "spell": 82,
            "detail": null,
            "probability": 1
        }
    },
    {
        "pk": 3204,
        "model": "enemygen.enemyspell",
        "fields": {
            "enemy_template": 38,
            "spell": 32,
            "detail": "Enemies",
            "probability": 2
        }
    },
    {
        "pk": 3205,
        "model": "enemygen.enemyspell",
        "fields": {
            "enemy_template": 38,
            "spell": 9,
            "detail": null,
            "probability": 1
        }
    },
    {
        "pk": 3206,
        "model": "enemygen.enemyspell",
        "fields": {
            "enemy_template": 55,
            "spell": 13,
            "detail": null,
            "probability": 2
        }
    },
    {
        "pk": 3207,
        "model": "enemygen.enemyspell",
        "fields": {
            "enemy_template": 55,
            "spell": 31,
            "detail": null,
            "probability": 1
        }
    },
    {
        "pk": 3208,
        "model": "enemygen.enemyspell",
        "fields": {
            "enemy_template": 55,
            "spell": 50,
            "detail": null,
            "probability": 2
        }
    },
    {
        "pk": 3209,
        "model": "enemygen.enemyspell",
        "fields": {
            "enemy_template": 55,
            "spell": 68,
            "detail": null,
            "probability": 1
        }
    },
    {
        "pk": 3230,
        "model": "enemygen.enemyspell",
        "fields": {
            "enemy_template": 59,
            "spell": 34,
            "detail": null,
            "probability": 20
        }
    },
    {
        "pk": 3231,
        "model": "enemygen.enemyspell",
        "fields": {
            "enemy_template": 59,
            "spell": 38,
            "detail": null,
            "probability": 20
        }
    },
    {
        "pk": 3232,
        "model": "enemygen.enemyspell",
        "fields": {
            "enemy_template": 59,
            "spell": 50,
            "detail": null,
            "probability": 20
        }
    },
    {
        "pk": 3233,
        "model": "enemygen.enemyspell",
        "fields": {
            "enemy_template": 59,
            "spell": 3,
            "detail": null,
            "probability": 30
        }
    },
    {
        "pk": 3234,
        "model": "enemygen.enemyspell",
        "fields": {
            "enemy_template": 59,
            "spell": 12,
            "detail": null,
            "probability": 10
        }
    },
    {
        "pk": 3235,
        "model": "enemygen.enemyspell",
        "fields": {
            "enemy_template": 59,
            "spell": 23,
            "detail": null,
            "probability": 10
        }
    },
    {
        "pk": 3236,
        "model": "enemygen.enemyspell",
        "fields": {
            "enemy_template": 59,
            "spell": 27,
            "detail": null,
            "probability": 20
        }
    },
    {
        "pk": 3237,
        "model": "enemygen.enemyspell",
        "fields": {
            "enemy_template": 59,
            "spell": 55,
            "detail": null,
            "probability": 20
        }
    },
    {
        "pk": 3238,
        "model": "enemygen.enemyspell",
        "fields": {
            "enemy_template": 59,
            "spell": 75,
            "detail": null,
            "probability": 10
        }
    },
    {
        "pk": 3239,
        "model": "enemygen.enemyspell",
        "fields": {
            "enemy_template": 59,
            "spell": 9,
            "detail": null,
            "probability": 30
        }
    },
    {
        "pk": 3240,
        "model": "enemygen.enemyspell",
        "fields": {
            "enemy_template": 59,
            "spell": 2,
            "detail": null,
            "probability": 30
        }
    },
    {
        "pk": 3241,
        "model": "enemygen.enemyspell",
        "fields": {
            "enemy_template": 59,
            "spell": 32,
            "detail": "Silver",
            "probability": 20
        }
    },
    {
        "pk": 3242,
        "model": "enemygen.enemyspell",
        "fields": {
            "enemy_template": 59,
            "spell": 53,
            "detail": null,
            "probability": 10
        }
    },
    {
        "pk": 3380,
        "model": "enemygen.enemyspell",
        "fields": {
            "enemy_template": 37,
            "spell": 21,
            "detail": null,
            "probability": 1
        }
    },
    {
        "pk": 3381,
        "model": "enemygen.enemyspell",
        "fields": {
            "enemy_template": 37,
            "spell": 86,
            "detail": null,
            "probability": 1
        }
    },
    {
        "pk": 3410,
        "model": "enemygen.enemyspell",
        "fields": {
            "enemy_template": 83,
            "spell": 75,
            "detail": null,
            "probability": 2
        }
    },
    {
        "pk": 3411,
        "model": "enemygen.enemyspell",
        "fields": {
            "enemy_template": 83,
            "spell": 49,
            "detail": null,
            "probability": 2
        }
    },
    {
        "pk": 3412,
        "model": "enemygen.enemyspell",
        "fields": {
            "enemy_template": 83,
            "spell": 69,
            "detail": null,
            "probability": 2
        }
    },
    {
        "pk": 3413,
        "model": "enemygen.enemyspell",
        "fields": {
            "enemy_template": 83,
            "spell": 23,
            "detail": null,
            "probability": 4
        }
    },
    {
        "pk": 3414,
        "model": "enemygen.enemyspell",
        "fields": {
            "enemy_template": 83,
            "spell": 140,
            "detail": "(Fel Energy)",
            "probability": 2
        }
    },
    {
        "pk": 3416,
        "model": "enemygen.enemyspell",
        "fields": {
            "enemy_template": 83,
            "spell": 171,
            "detail": "(Sight)",
            "probability": 1
        }
    },
    {
        "pk": 3417,
        "model": "enemygen.enemyspell",
        "fields": {
            "enemy_template": 83,
            "spell": 143,
            "detail": "",
            "probability": 2
        }
    },
    {
        "pk": 3418,
        "model": "enemygen.enemyspell",
        "fields": {
            "enemy_template": 83,
            "spell": 155,
            "detail": "",
            "probability": 10
        }
    },
    {
        "pk": 3419,
        "model": "enemygen.enemyspell",
        "fields": {
            "enemy_template": 83,
            "spell": 173,
            "detail": "(Demon)",
            "probability": 2
        }
    },
    {
        "pk": 3420,
        "model": "enemygen.enemyspell",
        "fields": {
            "enemy_template": 83,
            "spell": 192,
            "detail": "(Darkness)",
            "probability": 4
        }
    },
    {
        "pk": 3421,
        "model": "enemygen.enemyspell",
        "fields": {
            "enemy_template": 83,
            "spell": 154,
            "detail": "(Demon)",
            "probability": 10
        }
    },
    {
        "pk": 3422,
        "model": "enemygen.enemyspell",
        "fields": {
            "enemy_template": 83,
            "spell": 170,
            "detail": "",
            "probability": 2
        }
    },
    {
        "pk": 3423,
        "model": "enemygen.enemyspell",
        "fields": {
            "enemy_template": 83,
            "spell": 187,
            "detail": "",
            "probability": 1
        }
    },
    {
        "pk": 3424,
        "model": "enemygen.enemyspell",
        "fields": {
            "enemy_template": 83,
            "spell": 190,
            "detail": "",
            "probability": 2
        }
    },
    {
        "pk": 3425,
        "model": "enemygen.enemyspell",
        "fields": {
            "enemy_template": 83,
            "spell": 177,
            "detail": "(Demon)",
            "probability": 2
        }
    },
    {
        "pk": 3426,
        "model": "enemygen.enemyspell",
        "fields": {
            "enemy_template": 83,
            "spell": 182,
            "detail": "",
            "probability": 2
        }
    },
    {
        "pk": 3427,
        "model": "enemygen.enemyspell",
        "fields": {
            "enemy_template": 83,
            "spell": 189,
            "detail": "",
            "probability": 1
        }
    },
    {
        "pk": 3428,
        "model": "enemygen.enemyspell",
        "fields": {
            "enemy_template": 83,
            "spell": 169,
            "detail": "",
            "probability": 2
        }
    },
    {
        "pk": 3429,
        "model": "enemygen.enemyspell",
        "fields": {
            "enemy_template": 83,
            "spell": 172,
            "detail": "",
            "probability": 1
        }
    },
    {
        "pk": 3430,
        "model": "enemygen.enemyspell",
        "fields": {
            "enemy_template": 83,
            "spell": 185,
            "detail": "(POW)",
            "probability": 1
        }
    },
    {
        "pk": 3449,
        "model": "enemygen.enemyspell",
        "fields": {
            "enemy_template": 87,
            "spell": 34,
            "detail": null,
            "probability": 1
        }
    },
    {
        "pk": 3450,
        "model": "enemygen.enemyspell",
        "fields": {
            "enemy_template": 87,
            "spell": 27,
            "detail": null,
            "probability": 1
        }
    },
    {
        "pk": 3451,
        "model": "enemygen.enemyspell",
        "fields": {
            "enemy_template": 87,
            "spell": 75,
            "detail": null,
            "probability": 1
        }
    },
    {
        "pk": 3452,
        "model": "enemygen.enemyspell",
        "fields": {
            "enemy_template": 87,
            "spell": 32,
            "detail": "Shrine",
            "probability": 1
        }
    },
    {
        "pk": 3454,
        "model": "enemygen.enemyspell",
        "fields": {
            "enemy_template": 87,
            "spell": 2,
            "detail": null,
            "probability": 1
        }
    },
    {
        "pk": 3455,
        "model": "enemygen.enemyspell",
        "fields": {
            "enemy_template": 87,
            "spell": 13,
            "detail": null,
            "probability": 1
        }
    },
    {
        "pk": 3456,
        "model": "enemygen.enemyspell",
        "fields": {
            "enemy_template": 87,
            "spell": 24,
            "detail": null,
            "probability": 1
        }
    },
    {
        "pk": 3464,
        "model": "enemygen.enemyspell",
        "fields": {
            "enemy_template": 87,
            "spell": 38,
            "detail": null,
            "probability": 1
        }
    },
    {
        "pk": 3465,
        "model": "enemygen.enemyspell",
        "fields": {
            "enemy_template": 87,
            "spell": 42,
            "detail": null,
            "probability": 1
        }
    },
    {
        "pk": 3466,
        "model": "enemygen.enemyspell",
        "fields": {
            "enemy_template": 89,
            "spell": 76,
            "detail": null,
            "probability": 10
        }
    },
    {
        "pk": 3467,
        "model": "enemygen.enemyspell",
        "fields": {
            "enemy_template": 89,
            "spell": 110,
            "detail": null,
            "probability": 5
        }
    },
    {
        "pk": 3468,
        "model": "enemygen.enemyspell",
        "fields": {
            "enemy_template": 89,
            "spell": 118,
            "detail": null,
            "probability": 20
        }
    },
    {
        "pk": 3469,
        "model": "enemygen.enemyspell",
        "fields": {
            "enemy_template": 89,
            "spell": 126,
            "detail": null,
            "probability": 20
        }
    },
    {
        "pk": 3470,
        "model": "enemygen.enemyspell",
        "fields": {
            "enemy_template": 89,
            "spell": 107,
            "detail": null,
            "probability": 50
        }
    },
    {
        "pk": 3471,
        "model": "enemygen.enemyspell",
        "fields": {
            "enemy_template": 89,
            "spell": 82,
            "detail": null,
            "probability": 10
        }
    },
    {
        "pk": 3472,
        "model": "enemygen.enemyspell",
        "fields": {
            "enemy_template": 89,
            "spell": 116,
            "detail": null,
            "probability": 50
        }
    },
    {
        "pk": 3473,
        "model": "enemygen.enemyspell",
        "fields": {
            "enemy_template": 89,
            "spell": 132,
            "detail": null,
            "probability": 60
        }
    },
    {
        "pk": 3474,
        "model": "enemygen.enemyspell",
        "fields": {
            "enemy_template": 89,
            "spell": 117,
            "detail": null,
            "probability": 40
        }
    },
    {
        "pk": 3475,
        "model": "enemygen.enemyspell",
        "fields": {
            "enemy_template": 89,
            "spell": 109,
            "detail": null,
            "probability": 50
        }
    },
    {
        "pk": 3476,
        "model": "enemygen.enemyspell",
        "fields": {
            "enemy_template": 89,
            "spell": 34,
            "detail": null,
            "probability": 45
        }
    },
    {
        "pk": 3477,
        "model": "enemygen.enemyspell",
        "fields": {
            "enemy_template": 89,
            "spell": 38,
            "detail": null,
            "probability": 40
        }
    },
    {
        "pk": 3478,
        "model": "enemygen.enemyspell",
        "fields": {
            "enemy_template": 89,
            "spell": 3,
            "detail": null,
            "probability": 60
        }
    },
    {
        "pk": 3479,
        "model": "enemygen.enemyspell",
        "fields": {
            "enemy_template": 89,
            "spell": 2,
            "detail": null,
            "probability": 40
        }
    },
    {
        "pk": 3480,
        "model": "enemygen.enemyspell",
        "fields": {
            "enemy_template": 89,
            "spell": 24,
            "detail": null,
            "probability": 83
        }
    },
    {
        "pk": 3481,
        "model": "enemygen.enemyspell",
        "fields": {
            "enemy_template": 89,
            "spell": 65,
            "detail": null,
            "probability": 59
        }
    },
    {
        "pk": 3482,
        "model": "enemygen.enemyspell",
        "fields": {
            "enemy_template": 89,
            "spell": 139,
            "detail": "Scimitar",
            "probability": 80
        }
    },
    {
        "pk": 3483,
        "model": "enemygen.enemyspell",
        "fields": {
            "enemy_template": 90,
            "spell": 22,
            "detail": null,
            "probability": 40
        }
    },
    {
        "pk": 3484,
        "model": "enemygen.enemyspell",
        "fields": {
            "enemy_template": 90,
            "spell": 139,
            "detail": "Sword",
            "probability": 60
        }
    },
    {
        "pk": 3485,
        "model": "enemygen.enemyspell",
        "fields": {
            "enemy_template": 90,
            "spell": 133,
            "detail": null,
            "probability": 60
        }
    },
    {
        "pk": 3486,
        "model": "enemygen.enemyspell",
        "fields": {
            "enemy_template": 90,
            "spell": 117,
            "detail": null,
            "probability": 40
        }
    },
    {
        "pk": 3487,
        "model": "enemygen.enemyspell",
        "fields": {
            "enemy_template": 90,
            "spell": 116,
            "detail": null,
            "probability": 60
        }
    },
    {
        "pk": 3556,
        "model": "enemygen.enemyspell",
        "fields": {
            "enemy_template": 89,
            "spell": 12,
            "detail": null,
            "probability": 3
        }
    },
    {
        "pk": 4477,
        "model": "enemygen.enemyspell",
        "fields": {
            "enemy_template": 87,
            "spell": 77,
            "detail": null,
            "probability": 1
        }
    },
    {
        "pk": 4478,
        "model": "enemygen.enemyspell",
        "fields": {
            "enemy_template": 87,
            "spell": 83,
            "detail": null,
            "probability": 1
        }
    },
    {
        "pk": 4479,
        "model": "enemygen.enemyspell",
        "fields": {
            "enemy_template": 87,
            "spell": 90,
            "detail": null,
            "probability": 1
        }
    },
    {
        "pk": 4480,
        "model": "enemygen.enemyspell",
        "fields": {
            "enemy_template": 87,
            "spell": 95,
            "detail": null,
            "probability": 1
        }
    },
    {
        "pk": 4481,
        "model": "enemygen.enemyspell",
        "fields": {
            "enemy_template": 87,
            "spell": 101,
            "detail": null,
            "probability": 1
        }
    },
    {
        "pk": 4483,
        "model": "enemygen.enemyspell",
        "fields": {
            "enemy_template": 87,
            "spell": 113,
            "detail": null,
            "probability": 1
        }
    },
    {
        "pk": 4484,
        "model": "enemygen.enemyspell",
        "fields": {
            "enemy_template": 87,
            "spell": 130,
            "detail": null,
            "probability": 1
        }
    },
    {
        "pk": 4485,
        "model": "enemygen.enemyspell",
        "fields": {
            "enemy_template": 87,
            "spell": 139,
            "detail": "Weapon",
            "probability": 1
        }
    },
    {
        "pk": 5078,
        "model": "enemygen.enemyspell",
        "fields": {
            "enemy_template": 53,
            "spell": 97,
            "detail": null,
            "probability": 1
        }
    },
    {
        "pk": 65,
        "model": "enemygen.customspell",
        "fields": {
            "enemy_template": 89,
            "type": "theism",
            "name": "Custom spell",
            "probability": 1
        }
    },
    {
        "pk": 66,
        "model": "enemygen.customspell",
        "fields": {
            "enemy_template": 89,
            "type": "theism",
            "name": "Custom spell",
            "probability": 1
        }
    },
    {
        "pk": 1,
        "model": "enemygen.additionalfeaturelist",
        "fields": {
            "type": "enemy_feature",
            "name": "Chaotic feature"
        }
    },
    {
        "pk": 2,
        "model": "enemygen.additionalfeaturelist",
        "fields": {
            "type": "enemy_feature",
            "name": "Disease"
        }
    },
    {
        "pk": 3,
        "model": "enemygen.additionalfeaturelist",
        "fields": {
            "type": "enemy_feature",
            "name": "Thanatar Geas"
        }
    },
    {
        "pk": 4,
        "model": "enemygen.additionalfeaturelist",
        "fields": {
            "type": "enemy_feature",
            "name": "Thanatar Gift"
        }
    },
    {
        "pk": 5,
        "model": "enemygen.additionalfeaturelist",
        "fields": {
            "type": "enemy_feature",
            "name": "Spirit Fetch Ability"
        }
    },
    {
        "pk": 1,
        "model": "enemygen.additionalfeatureitem",
        "fields": {
            "name": "Strong - add 6 to STR",
            "feature_list": 1
        }
    },
    {
        "pk": 2,
        "model": "enemygen.additionalfeatureitem",
        "fields": {
            "name": "Very strong - add 12 to STR",
            "feature_list": 1
        }
    },
    {
        "pk": 3,
        "model": "enemygen.additionalfeatureitem",
        "fields": {
            "name": "Big - add 6 to SIZ",
            "feature_list": 1
        }
    },
    {
        "pk": 4,
        "model": "enemygen.additionalfeatureitem",
        "fields": {
            "name": "Very big - add 12 to SIZ",
            "feature_list": 1
        }
    },
    {
        "pk": 5,
        "model": "enemygen.additionalfeatureitem",
        "fields": {
            "name": "Radiates Fear. All creatures within 15m of this horrifying creature must make a successful resistance roll of their INT vs their own POW or flee",
            "feature_list": 1
        }
    },
    {
        "pk": 6,
        "model": "enemygen.additionalfeatureitem",
        "fields": {
            "name": "Acidic - Possesses a flesh dissolving acidic ichor which sprays whenever the skin is damaged, causing damage to the attacker; roll 1d4 to determine the strength of the acid, 1=1d2, 2=1d4, 3=1d6 and 4=1d8 damage per wound.",
            "feature_list": 1
        }
    },
    {
        "pk": 7,
        "model": "enemygen.additionalfeatureitem",
        "fields": {
            "name": "Alluring - Produces pheromones which attract and seduce victims. The creature gains the Seduction skill at POW x5%. It can be resisted using Willpower as per any Seduction.",
            "feature_list": 1
        }
    },
    {
        "pk": 8,
        "model": "enemygen.additionalfeatureitem",
        "fields": {
            "name": "Asymmetric - One half of the creature is larger, longer or taller than the other, double the Hit Points for locations in the larger side and halve the Hit Points of locations for the smaller.",
            "feature_list": 1
        }
    },
    {
        "pk": 9,
        "model": "enemygen.additionalfeatureitem",
        "fields": {
            "name": "Boneless - The creature possesses resilient, malleable cartilage rather than bone. It can squeeze through any size of gap and takes no damage from any fall.",
            "feature_list": 1
        }
    },
    {
        "pk": 10,
        "model": "enemygen.additionalfeatureitem",
        "fields": {
            "name": "Brainless - Sensory organs are distributed over the entire body and sentience is located elsewhere \u2013 but not in the head. The brain is found in a random location.",
            "feature_list": 1
        }
    },
    {
        "pk": 11,
        "model": "enemygen.additionalfeatureitem",
        "fields": {
            "name": "Burning - The creature seethes with chaotic heat, injuring anyone within Short range; roll a d4, 1=1d2, 2=1d4, 3=1d6 and 4=1d8 damage per round.",
            "feature_list": 1
        }
    },
    {
        "pk": 12,
        "model": "enemygen.additionalfeatureitem",
        "fields": {
            "name": "Chameleon - Naturally blends with its surroundings and has an effective Stealth skill of 100%+POW.",
            "feature_list": 1
        }
    },
    {
        "pk": 13,
        "model": "enemygen.additionalfeatureitem",
        "fields": {
            "name": "Climbing - Gains the Adhering Ability.",
            "feature_list": 1
        }
    },
    {
        "pk": 14,
        "model": "enemygen.additionalfeatureitem",
        "fields": {
            "name": "Contagious - Inflicts a virulent disease with a delay of 1d8 hours and potency of CONx5%, which reduces a random characteristic by1d8 points: roll a d6, 1=STR, 2=CON, 3=DEX, 4=INT, 5=POW or 6=CHA.",
            "feature_list": 1
        }
    },
    {
        "pk": 15,
        "model": "enemygen.additionalfeatureitem",
        "fields": {
            "name": "Corroding - Weapons sustain 1d8 damage each time they strike the creature. Weapon Armour Points offer no protection.",
            "feature_list": 1
        }
    },
    {
        "pk": 16,
        "model": "enemygen.additionalfeatureitem",
        "fields": {
            "name": "Dampener - All magical effects within the creature\u2019s POW in metres are suppressed by 1d8 Magnitude. Spells reduced to zero Magnitude are dispelled unless part of a permanent enchantment.",
            "feature_list": 1
        }
    },
    {
        "pk": 17,
        "model": "enemygen.additionalfeatureitem",
        "fields": {
            "name": "Deathly - Drains the vitality of nearby plants and creatures. Those in Short range of the creature must succeed in an unopposed Endurance roll each round to avoid suffering 1 point of damage to every Hit Location, ignoring armour.",
            "feature_list": 1
        }
    },
    {
        "pk": 18,
        "model": "enemygen.additionalfeatureitem",
        "fields": {
            "name": "Disturbing - Creature is covered with unsettling forms, such as miniature arms, multiple eyes or mouths, writhing pseudopods, etc. Viewers must succeed in an unopposed Willpower test or be helpless with horror until they can make the roll successfully.",
            "feature_list": 1
        }
    },
    {
        "pk": 19,
        "model": "enemygen.additionalfeatureitem",
        "fields": {
            "name": "Domineering - Manipulates those around it with mental commands, which cannot be resisted unless the target is successful in an unopposed Willpower test.",
            "feature_list": 1
        }
    },
    {
        "pk": 20,
        "model": "enemygen.additionalfeatureitem",
        "fields": {
            "name": "Draining - Temporarily weakens the magical power of an opponent, draining 1d8 MP with each successful strike.",
            "feature_list": 1
        }
    },
    {
        "pk": 21,
        "model": "enemygen.additionalfeatureitem",
        "fields": {
            "name": "Droning - Produces a buzzing noise that sedates listeners. All within the creature\u2019s POW x5 in metres must succeed in an unopposed Willpower roll to avoid falling asleep for 1d8 minutes.",
            "feature_list": 1
        }
    },
    {
        "pk": 22,
        "model": "enemygen.additionalfeatureitem",
        "fields": {
            "name": "Entangle - Restricts the movements of those within melee range, who must succeed in an unopposed Brawn roll to avoid being rendered physically helpless each round.",
            "feature_list": 1
        }
    },
    {
        "pk": 23,
        "model": "enemygen.additionalfeatureitem",
        "fields": {
            "name": "Frightening - Creature appears terrifyingly dangerous; viewers must succeed in an unopposed Willpower roll or flee the creature immediately.",
            "feature_list": 1
        }
    },
    {
        "pk": 24,
        "model": "enemygen.additionalfeatureitem",
        "fields": {
            "name": "Icy - Radiates freezing waves of cold, injuring anyone within melee range; roll 1d4, 1=1d2, 2=1d4, 3=1d6 and 4=1d8 damage per round.",
            "feature_list": 1
        }
    },
    {
        "pk": 25,
        "model": "enemygen.additionalfeatureitem",
        "fields": {
            "name": "Intangible - Moves through solid objects as though non-corporeal. Whilst intangible it cannot be harmed, but neither can it attack.",
            "feature_list": 1
        }
    },
    {
        "pk": 26,
        "model": "enemygen.additionalfeatureitem",
        "fields": {
            "name": "Leaper - Has powerfully sprung limbs, multiplying its jump range by a factor of 1d4+1.",
            "feature_list": 1
        }
    },
    {
        "pk": 27,
        "model": "enemygen.additionalfeatureitem",
        "fields": {
            "name": "Levitating -Hovers above the ground giving it the ability to move over any surface without sinking or leaving tracks.",
            "feature_list": 1
        }
    },
    {
        "pk": 28,
        "model": "enemygen.additionalfeatureitem",
        "fields": {
            "name": "Mimic - Assumes the shape of a creature it successfully touches, maintaining its own Characteristics, but mimicking the locations and appearance of the being contacted.",
            "feature_list": 1
        }
    },
    {
        "pk": 29,
        "model": "enemygen.additionalfeatureitem",
        "fields": {
            "name": "Mournful - Appearance is sad or pathetic. Observers must succeed in an unopposed Willpower roll to be able to begin attacking it.",
            "feature_list": 1
        }
    },
    {
        "pk": 30,
        "model": "enemygen.additionalfeatureitem",
        "fields": {
            "name": "Mutated - Roll a random location and remove it from the creature. It no longer has this location, but it still functions perfectly well without it, even defying logic.",
            "feature_list": 1
        }
    },
    {
        "pk": 31,
        "model": "enemygen.additionalfeatureitem",
        "fields": {
            "name": "Nerveless - Does not feel any pain, and ignores the effects of Serious Wounds.",
            "feature_list": 1
        }
    },
    {
        "pk": 32,
        "model": "enemygen.additionalfeatureitem",
        "fields": {
            "name": "Neutralising - Any spells cast at the creature are immediately neutralized.",
            "feature_list": 1
        }
    },
    {
        "pk": 33,
        "model": "enemygen.additionalfeatureitem",
        "fields": {
            "name": "Obfuscating - Produces a cloud of mist, spores or darkness that blinds observers. Those affected must succeed in an unopposed Perception roll every turn to see the creature.",
            "feature_list": 1
        }
    },
    {
        "pk": 34,
        "model": "enemygen.additionalfeatureitem",
        "fields": {
            "name": "Oversized - One location is swollen doubling its Hit Points.",
            "feature_list": 1
        }
    },
    {
        "pk": 35,
        "model": "enemygen.additionalfeatureitem",
        "fields": {
            "name": "Paralysing - Renders victims incapable of movement; those touched must succeed in an unopposed Endurance roll to avoid 1d8 minutes of paralysis.",
            "feature_list": 1
        }
    },
    {
        "pk": 36,
        "model": "enemygen.additionalfeatureitem",
        "fields": {
            "name": "Perceptive - Possesses an odd primary sense; roll a d6, 1=Echolocation (sonar), 2=Thermoception (heat), 3=Cerebralception (sapient consciousness), 4=Nociception (pain), 5=Ethoception (souls), 6=Thaumaception (magic). The creature does not rely on sight to perceive others and may lack eyes.",
            "feature_list": 1
        }
    },
    {
        "pk": 37,
        "model": "enemygen.additionalfeatureitem",
        "fields": {
            "name": "Poisonous - One unarmed attack inflicts a venomous poison with a delay of 1d8 rounds and a potency of CONx5%, which inflicts a Poison Condition selected from page 113.",
            "feature_list": 1
        }
    },
    {
        "pk": 38,
        "model": "enemygen.additionalfeatureitem",
        "fields": {
            "name": "Polymorph - Changes shape every round, maintaining its Characteristics, but assuming the locations of the new form and carrying over any damage already suffered (Games Masters should prepare various forms in advance).",
            "feature_list": 1
        }
    },
    {
        "pk": 39,
        "model": "enemygen.additionalfeatureitem",
        "fields": {
            "name": "Projector - Any damage inflicted on the creature is felt by anyone within POW metres, who suffer the psychological, but not physical effects as if they had been wounded too.",
            "feature_list": 1
        }
    },
    {
        "pk": 40,
        "model": "enemygen.additionalfeatureitem",
        "fields": {
            "name": "Quick - Movement rate is multiplied by a factor of 1d4+1.",
            "feature_list": 1
        }
    },
    {
        "pk": 41,
        "model": "enemygen.additionalfeatureitem",
        "fields": {
            "name": "Reflecting -All magic cast on the creature is reflected back against the caster.",
            "feature_list": 1
        }
    },
    {
        "pk": 42,
        "model": "enemygen.additionalfeatureitem",
        "fields": {
            "name": "Regenerating - Recovers 1 Hit Point per round to every location, unless the creature has suffered a Major Wound in the injured location.",
            "feature_list": 1
        }
    },
    {
        "pk": 43,
        "model": "enemygen.additionalfeatureitem",
        "fields": {
            "name": "Roaring - Produces a thunderous roar, deafening listeners, who must succeed in an unopposed Endurance roll to avoid becoming temporally stunned for 1d3 Turns.",
            "feature_list": 1
        }
    },
    {
        "pk": 44,
        "model": "enemygen.additionalfeatureitem",
        "fields": {
            "name": "Scintillating - Possesses a shifting chromatic aura that confuses onlookers. All attacks against the creature are one grade harder.",
            "feature_list": 1
        }
    },
    {
        "pk": 45,
        "model": "enemygen.additionalfeatureitem",
        "fields": {
            "name": "Shadowy - The creature absorbs the ambient light in its immediate surroundings, creating a pool of total darkness with a radius equal to POW in metres.",
            "feature_list": 1
        }
    },
    {
        "pk": 46,
        "model": "enemygen.additionalfeatureitem",
        "fields": {
            "name": "Shocking - Charges itself with electricity, inflicting a shock on those that hit it (if using metal or uninsulated weapons, or are struck by it; roll 1d4, 1=1d2, 2=1d4, 3=1d6 and 4=1d8 damage per blow).",
            "feature_list": 1
        }
    },
    {
        "pk": 47,
        "model": "enemygen.additionalfeatureitem",
        "fields": {
            "name": "Silent - Completely inaudible \u2013 even its attacks.",
            "feature_list": 1
        }
    },
    {
        "pk": 48,
        "model": "enemygen.additionalfeatureitem",
        "fields": {
            "name": "Slimy - Cannot be grappled or gripped in close combat. The creature leaves a sticky mucus trail wherever it travels.",
            "feature_list": 1
        }
    },
    {
        "pk": 49,
        "model": "enemygen.additionalfeatureitem",
        "fields": {
            "name": "Stench - Releases nauseating odours that sicken inhalers, who must succeed in an unopposed Endurance roll to avoid uncontrollable vomiting for 1d3 Combat Rounds.",
            "feature_list": 1
        }
    },
    {
        "pk": 50,
        "model": "enemygen.additionalfeatureitem",
        "fields": {
            "name": "Sticky - Secretes a strong glue or mucus which causes items to stick to its skin, requiring a successful unopposed Brawn roll and a Combat Action to free.",
            "feature_list": 1
        }
    },
    {
        "pk": 51,
        "model": "enemygen.additionalfeatureitem",
        "fields": {
            "name": "Teleporter - Can freely teleport to a new location once per round. The location must be within a number of metres equal to POW x2.",
            "feature_list": 1
        }
    },
    {
        "pk": 52,
        "model": "enemygen.additionalfeatureitem",
        "fields": {
            "name": "Transmuter -Changes the substance of organic material it touches into another substance; living victims must succeed in an unopposed Endurance roll to avoid the struck location being changed into crystal, dust, stone, wine, bronze and so on.",
            "feature_list": 1
        }
    },
    {
        "pk": 53,
        "model": "enemygen.additionalfeatureitem",
        "fields": {
            "name": "Vampiric - Hit Point damage inflicted on an opponent is transferred to itself, healing any wounds currently suffered.",
            "feature_list": 1
        }
    },
    {
        "pk": 54,
        "model": "enemygen.additionalfeatureitem",
        "fields": {
            "name": "Warded - Invulnerable to one specific type of material; steel, wood, stone, flesh, etc.",
            "feature_list": 1
        }
    },
    {
        "pk": 55,
        "model": "enemygen.additionalfeatureitem",
        "fields": {
            "name": "Weakening - Temporarily reduces the STR of an opponent by 1d8 each successful (undefended) hit.",
            "feature_list": 1
        }
    },
    {
        "pk": 56,
        "model": "enemygen.additionalfeatureitem",
        "fields": {
            "name": "Sniffles",
            "feature_list": 2
        }
    },
    {
        "pk": 57,
        "model": "enemygen.additionalfeatureitem",
        "fields": {
            "name": "Soul Waste",
            "feature_list": 2
        }
    },
    {
        "pk": 58,
        "model": "enemygen.additionalfeatureitem",
        "fields": {
            "name": "Pyrohoxia - Rq6 pg 114",
            "feature_list": 2
        }
    },
    {
        "pk": 59,
        "model": "enemygen.additionalfeatureitem",
        "fields": {
            "name": "Red Pox - Rq6 pg 114",
            "feature_list": 2
        }
    },
    {
        "pk": 60,
        "model": "enemygen.additionalfeatureitem",
        "fields": {
            "name": "Soul Leech - Rq6 pg 114",
            "feature_list": 2
        }
    },
    {
        "pk": 61,
        "model": "enemygen.additionalfeatureitem",
        "fields": {
            "name": "Creeping Chills - CON -1 per attack",
            "feature_list": 2
        }
    },
    {
        "pk": 62,
        "model": "enemygen.additionalfeatureitem",
        "fields": {
            "name": "Brain Fever - INT - 1 per attack",
            "feature_list": 2
        }
    },
    {
        "pk": 63,
        "model": "enemygen.additionalfeatureitem",
        "fields": {
            "name": "Wasting Disease - STR - 1 per attack",
            "feature_list": 2
        }
    },
    {
        "pk": 64,
        "model": "enemygen.additionalfeatureitem",
        "fields": {
            "name": "Sneezing",
            "feature_list": 2
        }
    },
    {
        "pk": 65,
        "model": "enemygen.additionalfeatureitem",
        "fields": {
            "name": "Blotches CHA -1 per attack. Red blotches on skin",
            "feature_list": 2
        }
    },
    {
        "pk": 66,
        "model": "enemygen.additionalfeatureitem",
        "fields": {
            "name": "Fever",
            "feature_list": 2
        }
    },
    {
        "pk": 67,
        "model": "enemygen.additionalfeatureitem",
        "fields": {
            "name": "Joint Rot - Strike Rank -1 per attack. At 0 joints freeze",
            "feature_list": 2
        }
    },
    {
        "pk": 68,
        "model": "enemygen.additionalfeatureitem",
        "fields": {
            "name": "Creeping Crudd - Minus -5% to all activities",
            "feature_list": 2
        }
    },
    {
        "pk": 70,
        "model": "enemygen.additionalfeatureitem",
        "fields": {
            "name": "Brittleskin - Adds 2 AP to affected hit location -2 to CHA. Requires repair and healing to recover. Irritation requires Endurance roll to keep armor on location or cannot do more than scratch",
            "feature_list": 2
        }
    },
    {
        "pk": 71,
        "model": "enemygen.additionalfeatureitem",
        "fields": {
            "name": "Convulsions - incapcitating attackes. Endurance roll to be able to do any activities",
            "feature_list": 2
        }
    },
    {
        "pk": 72,
        "model": "enemygen.additionalfeatureitem",
        "fields": {
            "name": "Slow Withers - Minus 1 HP on the location.",
            "feature_list": 2
        }
    },
    {
        "pk": 73,
        "model": "enemygen.additionalfeatureitem",
        "fields": {
            "name": "Bleeding Disease - halves the healing effects ",
            "feature_list": 2
        }
    },
    {
        "pk": 74,
        "model": "enemygen.additionalfeatureitem",
        "fields": {
            "name": "Plague - Minus 1d3 STR and CON per attack",
            "feature_list": 2
        }
    },
    {
        "pk": 75,
        "model": "enemygen.additionalfeatureitem",
        "fields": {
            "name": "Increase Lore skills by +10",
            "feature_list": 4
        }
    },
    {
        "pk": 76,
        "model": "enemygen.additionalfeatureitem",
        "fields": {
            "name": "Increase Stealth by 10",
            "feature_list": 4
        }
    },
    {
        "pk": 77,
        "model": "enemygen.additionalfeatureitem",
        "fields": {
            "name": "Increase Characteristic by 1",
            "feature_list": 4
        }
    },
    {
        "pk": 78,
        "model": "enemygen.additionalfeatureitem",
        "fields": {
            "name": "Increase non raisable characteristics by 1",
            "feature_list": 4
        }
    },
    {
        "pk": 79,
        "model": "enemygen.additionalfeatureitem",
        "fields": {
            "name": "+10 on Shortsword",
            "feature_list": 4
        }
    },
    {
        "pk": 80,
        "model": "enemygen.additionalfeatureitem",
        "fields": {
            "name": "+10 in garrote",
            "feature_list": 4
        }
    },
    {
        "pk": 81,
        "model": "enemygen.additionalfeatureitem",
        "fields": {
            "name": "Permanent Avert vs magical attacks from members of Fire/Sky cultists",
            "feature_list": 4
        }
    },
    {
        "pk": 82,
        "model": "enemygen.additionalfeatureitem",
        "fields": {
            "name": "+10 on any noncombat skill",
            "feature_list": 4
        }
    },
    {
        "pk": 83,
        "model": "enemygen.additionalfeatureitem",
        "fields": {
            "name": "Sprout ram's horns. Use to butt like broo for 1d6 damage",
            "feature_list": 4
        }
    },
    {
        "pk": 84,
        "model": "enemygen.additionalfeatureitem",
        "fields": {
            "name": "Skin/fur turns pitch black. +20 to hide/stealth skills in darkness",
            "feature_list": 4
        }
    },
    {
        "pk": 85,
        "model": "enemygen.additionalfeatureitem",
        "fields": {
            "name": "+1 skin armor",
            "feature_list": 4
        }
    },
    {
        "pk": 86,
        "model": "enemygen.additionalfeatureitem",
        "fields": {
            "name": "Receive guardian",
            "feature_list": 4
        }
    },
    {
        "pk": 87,
        "model": "enemygen.additionalfeatureitem",
        "fields": {
            "name": "Eat the flesh of sentient creatures at every meal",
            "feature_list": 3
        }
    },
    {
        "pk": 88,
        "model": "enemygen.additionalfeatureitem",
        "fields": {
            "name": "Always eat the flesh of every victim",
            "feature_list": 3
        }
    },
    {
        "pk": 89,
        "model": "enemygen.additionalfeatureitem",
        "fields": {
            "name": "Never speak to members of other two cult aspects",
            "feature_list": 3
        }
    },
    {
        "pk": 90,
        "model": "enemygen.additionalfeatureitem",
        "fields": {
            "name": "Kill all non-Thanatari sentient chaos beings encountered",
            "feature_list": 3
        }
    },
    {
        "pk": 91,
        "model": "enemygen.additionalfeatureitem",
        "fields": {
            "name": "Never use minted coins",
            "feature_list": 3
        }
    },
    {
        "pk": 92,
        "model": "enemygen.additionalfeatureitem",
        "fields": {
            "name": "Never use an edged weapon",
            "feature_list": 3
        }
    },
    {
        "pk": 93,
        "model": "enemygen.additionalfeatureitem",
        "fields": {
            "name": "Never speak in presence of non-Thanatari",
            "feature_list": 3
        }
    },
    {
        "pk": 94,
        "model": "enemygen.additionalfeatureitem",
        "fields": {
            "name": "Never speak to anyone",
            "feature_list": 3
        }
    },
    {
        "pk": 95,
        "model": "enemygen.additionalfeatureitem",
        "fields": {
            "name": "Never ride an animal",
            "feature_list": 3
        }
    },
    {
        "pk": 96,
        "model": "enemygen.additionalfeatureitem",
        "fields": {
            "name": "Wear no head protection",
            "feature_list": 3
        }
    },
    {
        "pk": 97,
        "model": "enemygen.additionalfeatureitem",
        "fields": {
            "name": "Never go into sunlight or blindness may result. Rol under CONx5 or be permanently blinded",
            "feature_list": 3
        }
    },
    {
        "pk": 98,
        "model": "enemygen.additionalfeatureitem",
        "fields": {
            "name": "Never go into torchlight or CONx5 . fail blindness",
            "feature_list": 3
        }
    },
    {
        "pk": 99,
        "model": "enemygen.additionalfeatureitem",
        "fields": {
            "name": "Never go into non Darklight or CONx5 . fail blindness",
            "feature_list": 3
        }
    },
    {
        "pk": 100,
        "model": "enemygen.additionalfeatureitem",
        "fields": {
            "name": "Never use fire in any form including creation of Darklight",
            "feature_list": 3
        }
    },
    {
        "pk": 101,
        "model": "enemygen.additionalfeatureitem",
        "fields": {
            "name": "Favored by Thanatar - no geas. ",
            "feature_list": 3
        }
    },
    {
        "pk": 102,
        "model": "enemygen.additionalfeatureitem",
        "fields": {
            "name": "Accept normal chaotic feature",
            "feature_list": 3
        }
    },
    {
        "pk": 103,
        "model": "enemygen.additionalfeatureitem",
        "fields": {
            "name": "Accept Curse of Thed chaotic feature",
            "feature_list": 3
        }
    },
    {
        "pk": 104,
        "model": "enemygen.additionalfeatureitem",
        "fields": {
            "name": "Always attack Storm Bull worshippers and fight to death",
            "feature_list": 3
        }
    },
    {
        "pk": 105,
        "model": "enemygen.additionalfeatureitem",
        "fields": {
            "name": "Never eat plant life, except elves",
            "feature_list": 3
        }
    },
    {
        "pk": 106,
        "model": "enemygen.additionalfeatureitem",
        "fields": {
            "name": "Never wear metal except tarnished silver",
            "feature_list": 3
        }
    },
    {
        "pk": 107,
        "model": "enemygen.additionalfeatureitem",
        "fields": {
            "name": "Never eat the flesh of any cloven hooved animal",
            "feature_list": 3
        }
    },
    {
        "pk": 108,
        "model": "enemygen.additionalfeatureitem",
        "fields": {
            "name": "Always attack Lhankhor Mhy cultist and fight to death",
            "feature_list": 3
        }
    },
    {
        "pk": 109,
        "model": "enemygen.additionalfeatureitem",
        "fields": {
            "name": "Never lie to a fellow Thanatari",
            "feature_list": 3
        }
    },
    {
        "pk": 110,
        "model": "enemygen.additionalfeatureitem",
        "fields": {
            "name": "Never harm an undead",
            "feature_list": 3
        }
    },
    {
        "pk": 111,
        "model": "enemygen.additionalfeatureitem",
        "fields": {
            "name": "Never cast an offensive magic spell (ritual spells can still be used)",
            "feature_list": 3
        }
    },
    {
        "pk": 112,
        "model": "enemygen.additionalfeatureitem",
        "fields": {
            "name": "Never attack with a weapon",
            "feature_list": 3
        }
    },
    {
        "pk": 113,
        "model": "enemygen.additionalfeatureitem",
        "fields": {
            "name": "Autonomy - Fetch can venture beyond the shaman\u2019s aura of influence, i.e. his POW in metres. This allows the fetch to act as an independent scout or messenger.",
            "feature_list": 5
        }
    },
    {
        "pk": 114,
        "model": "enemygen.additionalfeatureitem",
        "fields": {
            "name": "Binding - Can bind one spirit, holding it upon the Spirit Plane without the necessity of a fetish.",
            "feature_list": 5
        }
    },
    {
        "pk": 115,
        "model": "enemygen.additionalfeatureitem",
        "fields": {
            "name": "Cannibalistic - Fetch gains the ability to regenerate Magic Points by absorbing the essence of other spirits it has access to or has defeated in Spirit Combat. It gains 1 Magic Point per Intensity of the consumed spirit.",
            "feature_list": 5
        }
    },
    {
        "pk": 116,
        "model": "enemygen.additionalfeatureitem",
        "fields": {
            "name": "Comprehension - Grants the shaman the ability to understand and speak with animals of the cult\u2019s totem.",
            "feature_list": 5
        }
    },
    {
        "pk": 117,
        "model": "enemygen.additionalfeatureitem",
        "fields": {
            "name": "Conjugated - Autonomy - The fetch and shaman gain a permanent mental link, permitting mental communication over any distance.",
            "feature_list": 5
        }
    },
    {
        "pk": 118,
        "model": "enemygen.additionalfeatureitem",
        "fields": {
            "name": "Covert - Fetch gains the Stealth skill at 50%+INT+CHA. It can hide from active magical or spiritual observation, by opposing the Perception skill of the observer.",
            "feature_list": 5
        }
    },
    {
        "pk": 119,
        "model": "enemygen.additionalfeatureitem",
        "fields": {
            "name": "Deadly - Can either Dissipate or Sunder a spirit it has beaten in Spirit Combat.",
            "feature_list": 5
        }
    },
    {
        "pk": 120,
        "model": "enemygen.additionalfeatureitem",
        "fields": {
            "name": "Discorporate - Discorporate skill at 50%+POW+INT.",
            "feature_list": 5
        }
    },
    {
        "pk": 121,
        "model": "enemygen.additionalfeatureitem",
        "fields": {
            "name": "Domination - Grants the shaman the ability to command all living animals of the cult\u2019s totem within the fetch\u2019s POW in metres.",
            "feature_list": 5
        }
    },
    {
        "pk": 122,
        "model": "enemygen.additionalfeatureitem",
        "fields": {
            "name": "Elemental - Manifestation - abilities of an Elemental spirit of equal Intensity (assuming it is manifested in the physical world).",
            "feature_list": 5
        }
    },
    {
        "pk": 123,
        "model": "enemygen.additionalfeatureitem",
        "fields": {
            "name": "Imperishable - Recurring trait",
            "feature_list": 5
        }
    },
    {
        "pk": 124,
        "model": "enemygen.additionalfeatureitem",
        "fields": {
            "name": "Mana - shaman can draw upon the fetch\u2019s Magic Points, but does not regenerate any lost points until the shaman pays them back.",
            "feature_list": 5
        }
    },
    {
        "pk": 125,
        "model": "enemygen.additionalfeatureitem",
        "fields": {
            "name": "Manifestation -  manifest itself in the physical world. This costs 1 Magic Point and lasts for its POW in minutes.",
            "feature_list": 5
        }
    },
    {
        "pk": 126,
        "model": "enemygen.additionalfeatureitem",
        "fields": {
            "name": "Perception - shaman can see spirits, souls and magical auras in his immediate vicinity without needing to enter a trance. This benefit ceases if the fetch moves away from the shaman or manifests in the physical world.",
            "feature_list": 5
        }
    },
    {
        "pk": 127,
        "model": "enemygen.additionalfeatureitem",
        "fields": {
            "name": "Persistent - Fetch gains immunity to magical dismissal of any form.",
            "feature_list": 5
        }
    },
    {
        "pk": 128,
        "model": "enemygen.additionalfeatureitem",
        "fields": {
            "name": "Possession - Fetch gains the ability to Possess others \u2013 normally an animal of the cult\u2019s totem or the shaman\u2019s body whilst he is discorporate, protecting it from harm.",
            "feature_list": 5
        }
    },
    {
        "pk": 129,
        "model": "enemygen.additionalfeatureitem",
        "fields": {
            "name": "Sagacity - Fetch gains one extra skill at 100%+(INTx2). This is usually a knowledge based lore, but can be a physical skill if the fetch has the Possession ability.",
            "feature_list": 5
        }
    },
    {
        "pk": 130,
        "model": "enemygen.additionalfeatureitem",
        "fields": {
            "name": "Shapechange - Manifestation - Fetch gains the ability to shape change the shaman into his cult\u2019s totem animal, as per Shape-shifting spirits.",
            "feature_list": 5
        }
    },
    {
        "pk": 131,
        "model": "enemygen.additionalfeatureitem",
        "fields": {
            "name": "Spellcasting - Fetch gains the Folk Magic skill at 50%+POW+CHA and can cast any Folk Magic spell the shaman knows.",
            "feature_list": 5
        }
    },
    {
        "pk": 132,
        "model": "enemygen.additionalfeatureitem",
        "fields": {
            "name": "Warding - Manifestation - Guardian spirit of equal Intensity (assuming it is capable of manifesting itself in the physical world).",
            "feature_list": 5
        }
    },
    {
        "pk": 139,
        "model": "enemygen.additionalfeatureitem",
        "fields": {
            "name": "Boost Attribute - Strike Rank by value of intensity",
            "feature_list": 5
        }
    },
    {
        "pk": 242,
        "model": "enemygen.additionalfeatureitem",
        "fields": {
            "name": "Insubstantial. Able to become insubstantial at will in 1-round increments; must re-solidify to attack. Able to cast and be affected by spells and spirits while insubstantial.",
            "feature_list": 1
        }
    },
    {
        "pk": 243,
        "model": "enemygen.additionalfeatureitem",
        "fields": {
            "name": "Healing blood. Blood is Heal 6 potion, 3d6+6 doses. Automatically activated, one dose at a time, when injured.",
            "feature_list": 1
        }
    },
    {
        "pk": 244,
        "model": "enemygen.additionalfeatureitem",
        "fields": {
            "name": "Blood is alcohol; always drunk.",
            "feature_list": 1
        }
    },
    {
        "pk": 245,
        "model": "enemygen.additionalfeatureitem",
        "fields": {
            "name": "Perfect Master. All skills at 100%",
            "feature_list": 1
        }
    },
    {
        "pk": 246,
        "model": "enemygen.additionalfeatureitem",
        "fields": {
            "name": "Must dance whenever hears music.",
            "feature_list": 1
        }
    },
    {
        "pk": 622,
        "model": "enemygen.additionalfeatureitem",
        "fields": {
            "name": "never use a mace or maul of any kind",
            "feature_list": 4
        }
    },
    {
        "pk": 8188,
        "model": "enemygen.additionalfeatureitem",
        "fields": {
            "name": "Never wear any leather armor on legs",
            "feature_list": 3
        }
    },
    {
        "pk": 1,
        "model": "enemygen.changelog",
        "fields": {
            "publish_date": "2013-10-19",
            "name": "Party tags",
            "description": "Parties can now be tagged."
        }
    },
    {
        "pk": 2,
        "model": "enemygen.changelog",
        "fields": {
            "publish_date": "2013-10-10",
            "name": "Tagging",
            "description": "Templates can be tagged now. When adding a tag, a list of existing tags is shown. Filtering was changed to happen based on tags."
        }
    },
    {
        "pk": 3,
        "model": "enemygen.changelog",
        "fields": {
            "publish_date": "2013-10-06",
            "name": "Support for animism",
            "description": "Added the skills Binding and Trance to the templates and support for spirits. Spirits are otherwise normal enemy templates, except that they have Spirit for race. The Spirit-race lacks the physical attributes. Spirits can be associated with animists the same way as sorcerers and theists get their spells."
        }
    },
    {
        "pk": 4,
        "model": "enemygen.changelog",
        "fields": {
            "publish_date": "2013-09-30",
            "name": "Theist devotional pool",
            "description": "Added the devotional pool to theists."
        }
    },
    {
        "pk": 5,
        "model": "enemygen.changelog",
        "fields": {
            "publish_date": "2013-10-05",
            "name": "Hide irrelevant spells",
            "description": "Irrelevant spells for the npc are hidden in the template edit view. If the template doesn't have Shaping, Exhort or Folk Magic skill, Sorcery spells, Theistic miracles and Folk magic spells are hidden respectively."
        }
    },
    {
        "pk": 6,
        "model": "enemygen.changelog",
        "fields": {
            "publish_date": "2013-09-30",
            "name": "Miracle max intensity",
            "description": "Added maximum miracle intensity for theists."
        }
    },
    {
        "pk": 7,
        "model": "enemygen.changelog",
        "fields": {
            "publish_date": "2013-09-29",
            "name": "Group template",
            "description": "Added new feature: Group templates. Group is basically a collection of templates, where each template can be generated one or more times when generating the group."
        }
    },
    {
        "pk": 8,
        "model": "enemygen.changelog",
        "fields": {
            "publish_date": "2013-09-28",
            "name": "PDF export",
            "description": "Added possibility to export the generated NPC's/monsters as PDF."
        }
    },
    {
        "pk": 9,
        "model": "enemygen.changelog",
        "fields": {
            "publish_date": "2013-09-23",
            "name": "Statistics",
            "description": "Added a page with some simple statistics about the most popular templates and races."
        }
    },
    {
        "pk": 10,
        "model": "enemygen.changelog",
        "fields": {
            "publish_date": "2013-08-31",
            "name": "Notes field",
            "description": "Added notes field to the templates."
        }
    },
    {
        "pk": 11,
        "model": "enemygen.changelog",
        "fields": {
            "publish_date": "2013-08-31",
            "name": "Cloning",
            "description": "Added a feature to clone existing templates."
        }
    },
    {
        "pk": 12,
        "model": "enemygen.changelog",
        "fields": {
            "publish_date": "2013-08-27",
            "name": "Custom skills",
            "description": "Added possibility to add customs skills to the templates."
        }
    },
    {
        "pk": 13,
        "model": "enemygen.changelog",
        "fields": {
            "publish_date": "2013-10-21",
            "name": "Chaotic features",
            "description": "Added simple support for chaotic features. Simple support means, that the monsters with a chaotic feature only get a text description of the feature. Possible modifications to Characteristics, skills or other attributes are not included in the stats."
        }
    },
    {
        "pk": 14,
        "model": "enemygen.changelog",
        "fields": {
            "publish_date": "2013-10-27",
            "name": "Additional features",
            "description": "Added support for generic additional features. To add an additional feature to your template, select it from the list, click add and give it some probability. Note, that you can add one feature several times.\r\n\r\nCurrently only admins and selected superusers can create new Feature specifications."
        }
    },
    {
        "pk": 15,
        "model": "enemygen.changelog",
        "fields": {
            "publish_date": "2013-04-13",
            "name": "First release",
            "description": "First version of the tool published."
        }
    },
    {
        "pk": 16,
        "model": "enemygen.changelog",
        "fields": {
            "publish_date": "2013-05-11",
            "name": "Sorcery support",
            "description": "Added support for sorcery."
        }
    },
    {
        "pk": 17,
        "model": "enemygen.changelog",
        "fields": {
            "publish_date": "2013-05-25",
            "name": "Sorting and filtering",
            "description": "Added functionality for simple sorting and filtering."
        }
    },
    {
        "pk": 18,
        "model": "enemygen.changelog",
        "fields": {
            "publish_date": "2013-08-12",
            "name": "Custom spells",
            "description": "It's possible now to add custom spells to your templates."
        }
    },
    {
        "pk": 19,
        "model": "enemygen.changelog",
        "fields": {
            "publish_date": "2013-08-19",
            "name": "Custom weapons",
            "description": "It's now possible to add custom weapons to your templates."
        }
    },
    {
        "pk": 20,
        "model": "enemygen.changelog",
        "fields": {
            "publish_date": "2013-10-30",
            "name": "New additional features",
            "description": "The range of additional features now includes \r\n<ul>\r\n<li>Attitudes\r\n<li>Chaotic features\r\n<li>Abilities for Curse spirits\r\n<li>Abilities for Nature spirits\r\n<li>Abilities for Fetches\r\n<li>Diseases\r\n<li>Appearance for Lunar NPC's\r\n<li>Appearance for Teleos NPC's\r\n<li>Appearance for Western NPC's\r\n<li>Monster Island High Folk culture\r\n<li>Monster Island tribe\r\n<li>Personal secrets for NPC's\r\n<li>Thanatar Geas\r\n<li>Thantar gifts\r\n</ul>"
        }
    },
    {
        "pk": 21,
        "model": "enemygen.changelog",
        "fields": {
            "publish_date": "2013-11-02",
            "name": "Additional features for Parties",
            "description": "Added support for additional features for Parties. Actual features are yet to be added."
        }
    },
    {
        "pk": 22,
        "model": "enemygen.changelog",
        "fields": {
            "publish_date": "2013-11-16",
            "name": "Several small updates",
            "description": "Several small fixes including:\r\n<ul>\r\n<li>Natural armor no longer increases armor penalty. Natural armor is calculated assuming, that the armor defined in the race specifications is natural armor. In other words, only armor above the natural armor counts towards armor penalty.</li>\r\n<li>When cloning a Template, also the additional features are cloned now.</li>\r\n<li>Improved the selection of templates in the Index page.</li>\r\n<li>The maximum number as well as maximum POW of controllable spirits is now being shown for Animists.</li>\r\n</ul>"
        }
    },
    {
        "pk": 23,
        "model": "enemygen.changelog",
        "fields": {
            "publish_date": "2013-11-17",
            "name": "New additional features for enemies",
            "description": "<ul>\r\n<li>Clothing Coloring - Pamaltelan\r\n<li>Cover Role/disguise\r\n<li>Distinguishing Feature\r\n<li>Dwarven Item\r\n<li>Exotic Poison\r\n<li>Fonritan Free Women Clothing\r\n<li>Fonritan Freemen clothing\r\n<li>Fonritan Freemen Clothing Detail\r\n<li>Fonritian Appearance\r\n<li>Fonritian Slave Clothing\r\n<li>Kareeshtu Clothing\r\n<li>Lanbril Item\r\n<li>Malformity\r\n<li>Pocharngo's Corruption\r\n</ul>"
        }
    },
    {
        "pk": 24,
        "model": "enemygen.changelog",
        "fields": {
            "publish_date": "2013-11-18",
            "name": "New Additional Features for Parties",
            "description": "<ul>\r\n<li>Attitude\r\n<li>Dwarven item\r\n<li>Fatigue State\r\n<li>Mission\r\n<li>Monster Island High Folk Culture\r\n<li>Monster Island Tribe\r\n<li>Pamaltelan/Monster Island Trade Item\r\n<li>Pirate Ship\r\n<li>Sailor Nation\r\n<li>Situation/activity\r\n<li>Teleos Appearance\r\n<li>Trade Goods\r\n</ul>"
        }
    },
    {
        "pk": 25,
        "model": "enemygen.changelog",
        "fields": {
            "publish_date": "2013-11-24",
            "name": "Enemy/NPC names",
            "description": "Added support for NPC random names. When specifying the template, you can select a namelist for the template. When the enemies are being generated based on the template, each enemy gets a random name from the list. Current lists include names for Orlanthi, Monster Island residents and Generic Fantasy, and more are on their way. If you have a name list you'd like to add, drop me a note."
        }
    },
    {
        "pk": 26,
        "model": "enemygen.changelog",
        "fields": {
            "publish_date": "2013-11-30",
            "name": "Elementals",
            "description": "Added support for elementals. To create a new elemental, select Elemental from the race list. Note: The calculation of the elemental hit points relies on POW being entered in format used in the rulebook, eg. 1d6+12 for Intensity 4."
        }
    },
    {
        "pk": 27,
        "model": "enemygen.changelog",
        "fields": {
            "publish_date": "2013-12-01",
            "name": "Mysticism",
            "description": "Added support for mysticism. To start creating mystics, create a new template, add the skills Meditations and Mysticism to it and select the talents. If you can't see the talent list after adding the skills, hit F5 to force the browser to reload javascript."
        }
    },
    {
        "pk": 28,
        "model": "enemygen.changelog",
        "fields": {
            "publish_date": "2013-12-06",
            "name": "Do you feel lucky?",
            "description": "Added \"Do you feel lucky?\" -button. Clicking the button will generate 6 instances of a randomly picked enemy based on the current filter."
        }
    },
    {
        "pk": 29,
        "model": "enemygen.changelog",
        "fields": {
            "publish_date": "2013-12-06",
            "name": "New party and enemy features",
            "description": "New Enemy features:\r\n<ul>\r\n<li>Humakti gifts and geases</li>\r\n<li>Yelmalio gifts and geases</li>\r\n<li>Elemental spirit abilities</li>\r\n<li>Sorcerer items</li>\r\n</ul>\r\n\r\nNew Party features:\r\n<ul>\r\n<li>Monster Island Standard events</li>\r\n<li>Monster Island Special events</li>\r\n<li>Monster Island weather</li>\r\n<li>Jungle Temperature</li>\r\n<li>Jungle Traps</li>\r\n<li>Jungle Terrain Feature</li>\r\n<li>Generic encounter featuers</li>\r\n<li>Rumors and Old Tales in Pavis</li>\r\n</ul>"
        }
    },
    {
        "pk": 30,
        "model": "enemygen.changelog",
        "fields": {
            "publish_date": "2013-12-08",
            "name": "New party and enemy features",
            "description": "New Enemy features:\r\n<ul>\r\n<li>Combat Style Trait\r\n<li>Sartar Tribe\r\n<li>Lightbringer Tribe in Prax\r\n<li>Monster Island Brotherhood\r\n<li>Monster Island Warrior Style\r\n<li>Pavis Noble Family\r\n</ul>\r\n\r\nNew Party features:\r\n<ul>\r\n<li>Pavis Noble Family \r\n<li>Sartar Tribe\r\n</ul>\r\n"
        }
    },
    {
        "pk": 31,
        "model": "enemygen.changelog",
        "fields": {
            "publish_date": "2013-12-29",
            "name": "New party and enemy features",
            "description": "Party features\r\n<ul>\r\n<li>Sartar rumors\r\n<li>Spy mission target\r\n<li>Mission (Spy)\r\n<li>Sea special events\r\n<li>Sea standard events\r\n<li>Sea weather\r\n</ul>\r\n\r\nEnemy features\r\n<ul>\r\n<li>Gift (secret teaching)\r\n<li>Seven winds spirit society\r\n<li>Chalk Man spirit society\r\n<li>Madness\r\n<li>Spit snake subtype\r\n</ul>"
        }
    },
    {
        "pk": 32,
        "model": "enemygen.changelog",
        "fields": {
            "publish_date": "2014-03-01",
            "name": "Fixed Reset Password -email",
            "description": "The link in the Reset Password -email had broken at some stage. Fixed now. So you are welcome to forget your passwords again."
        }
    },
    {
        "pk": 33,
        "model": "enemygen.changelog",
        "fields": {
            "publish_date": "2014-03-09",
            "name": "Editable enemy names",
            "description": "You can now edit the names of generated enemies by clicking on the name."
        }
    },
    {
        "pk": 34,
        "model": "enemygen.changelog",
        "fields": {
            "publish_date": "2014-03-16",
            "name": "Editable notes",
            "description": "Now also notes (both party notes and enemy notes) can be edited. You probably need to hit F5 once to refresh javascript for the feature to work."
        }
    },
    {
        "pk": 35,
        "model": "enemygen.changelog",
        "fields": {
            "publish_date": "2014-03-18",
            "name": "Favorites",
            "description": "New feature: You can star templates to mark them as favorites. To see all your starred templates, use the filter. Note! You need to register and log in for the feature to be available."
        }
    },
    {
        "pk": 36,
        "model": "enemygen.changelog",
        "fields": {
            "publish_date": "2014-03-29",
            "name": "New home page",
            "description": "The home page has been redesigned to scale better with the growing amount of templates. It's now a light-weight landing page with search functionality. In addition, if the user is logged in, it shows the favorite/starred templates of the user."
        }
    },
    {
        "pk": 37,
        "model": "enemygen.changelog",
        "fields": {
            "publish_date": "2014-04-18",
            "name": "Cults",
            "description": "Added support for cults. A cult is basically a collection of spells and spirits. The spells of the cult are added to the generated enemy."
        }
    },
    {
        "pk": 38,
        "model": "enemygen.changelog",
        "fields": {
            "publish_date": "2014-04-26",
            "name": "Filter by rank",
            "description": "Added possibility to filter by rank to the Home-page search."
        }
    },
    {
        "pk": 39,
        "model": "enemygen.changelog",
        "fields": {
            "publish_date": "2014-06-12",
            "name": "Filtering out",
            "description": "You can now filter Templates out using the Search functionality by adding a '-' before the search term. For example to see all Monster Island creatures, except the ones that are related to sea, enter \"Monster Island -sea\" (without the quotes)."
        }
    },
    {
        "pk": 40,
        "model": "enemygen.changelog",
        "fields": {
            "publish_date": "2014-11-26",
            "name": "Weapon groups",
            "description": "Added support for weapon groups and weapons of Monster Island and Mythic Britain."
        }
    },
    {
        "pk": 222,
        "model": "enemygen.star",
        "fields": {
            "user": 18,
            "template": 42
        }
    }
]
